date,Coal -  GWh,Bioenergy -  GWh,Distillate -  GWh,Gas -  GWh,Battery (Discharging) -  GWh,Hydro -  GWh,Wind -  GWh,Solar -  GWh,Wind (Curtailment) -  GWh,Solar (Curtailment) -  GWh
6/01/2026 0:00,14441.27,45.91,-0.03,348.17,601.1,1982.8,3530.1,1.23,0,0.82
6/01/2026 0:30,14452.57,46.05,0,341.46,372.93,1911.25,3297.08,1.22,0,0.81
6/01/2026 1:00,14436.99,44.9,0,331.72,335.73,1848.25,3029.13,1.2,0,0.82
6/01/2026 1:30,14436.39,43.53,0,327.27,172.98,1703.18,2981.14,1.2,3.84,0.81
6/01/2026 2:00,14354.04,44.25,0,311.73,91.46,1667.2,2901.72,1.2,4.4,0.8
6/01/2026 2:30,14243.79,48.44,0,311.48,92.18,1671.83,2795.62,1.2,0.46,0.8
6/01/2026 3:00,14255.37,51.52,0,316.95,89.37,1637.45,2675.13,1.22,5.27,0.82
6/01/2026 3:30,14353.1,57.37,0,322.27,116.13,1635.72,2469.91,1.21,3.81,0.81
6/01/2026 4:00,14393.79,60.26,0,315.76,242.93,1630.11,2359.86,1.22,1.22,0.81
6/01/2026 4:30,14447.76,59.77,0,312.32,537.1,1552.53,2356.22,1.3,1.08,0.81
6/01/2026 5:00,14621.36,61.21,-0.13,316.16,744.64,1547.36,2294.82,14.4,0.25,0.57
6/01/2026 5:30,14675.17,59.71,0,332.93,844.03,1708.9,2227.01,304.14,0.23,1.92
6/01/2026 6:00,14310.1,59.19,0,324.56,524.47,1443.65,2127.9,2125.11,0.23,9.47
6/01/2026 6:30,12958.23,51.19,0,276.61,262.8,961.94,2026.71,5546.37,13.65,28.22
6/01/2026 7:00,11712.35,48.17,0,266.74,46.22,836.68,1893.6,9147.67,12.62,317.42
6/01/2026 7:30,10910.88,47.82,0,266.93,16.35,920.23,1577.02,12081.94,53.62,705.19
6/01/2026 8:00,10414.54,45.39,0,265.47,37.85,817.54,1209.3,14632.68,136.92,1004.66
6/01/2026 8:30,9538.49,48.61,0,262.19,107.91,878.03,1067.81,16914.46,60.37,1102.57
6/01/2026 9:00,8870.68,46.76,0,246.13,140.42,833.57,895.43,18426.78,82.08,1244.12
6/01/2026 9:30,8591.3,47.03,0,245.8,4.89,851.07,865.42,19859.57,66.07,1318.24
6/01/2026 10:00,8902.54,48.69,0,245.47,22.14,844.09,769.41,20686.79,191.78,1568
6/01/2026 10:30,8658,49.22,0,245.53,2.86,763.53,752.93,21683.85,93.9,1354.24
6/01/2026 11:00,8520.74,48.95,0,245.72,0.18,767.78,664.82,22423.71,47.44,1267.23
6/01/2026 11:30,8519.47,47.93,0,245.47,1.94,745.31,694.99,23216.05,19.46,1181.72
6/01/2026 12:00,8551.87,47.76,0,255.7,4.64,729.49,753.91,23480.59,36.34,1190.07
6/01/2026 12:30,8552.3,48.18,0,267.83,5.38,750.34,822.85,23633.14,32.85,1150.54
6/01/2026 13:00,8597.85,48.45,0,280.52,178.62,718.92,888.16,23706.8,22.15,1032.53
6/01/2026 13:30,8595.7,49.71,0,285.32,177.92,764.36,884.5,23589.14,25.44,968.92
6/01/2026 14:00,8901.17,50.21,0,283.03,65.3,832.21,947.1,22920.49,11.89,884.17
6/01/2026 14:30,9642.68,50.9,0,289.02,88.78,785.67,1040.73,22030.45,12.42,884.98
6/01/2026 15:00,10719.62,52.44,0,314.81,58.4,842.47,1063.8,21047.45,0.75,794.32
6/01/2026 15:30,11780.57,59.72,0.01,355.74,44.29,951.48,1062.32,20024.96,0,714.26
6/01/2026 16:00,12878.66,62.27,0.01,475.78,47.64,1096.4,1197.23,18583.52,0,549.46
6/01/2026 16:30,13859.27,62.46,0.03,703.15,96.68,1419.73,1426.77,16780.13,0,432.66
6/01/2026 17:00,14911.8,61.32,0.05,921.22,320.33,2076.34,1659.19,14427.1,38.22,314.65
6/01/2026 17:30,15752.09,62.3,0.05,1178.74,554.24,2585.34,1908.88,11714.19,0,66.34
6/01/2026 18:00,16419.31,62.33,0.05,1436.53,1476.64,3201.6,2137.83,8183.71,0,2.42
6/01/2026 18:30,16638.12,61.65,0.05,2243.17,2689.53,3246.75,2311.88,4334.66,0,1.57
6/01/2026 19:00,16743.51,61.05,0.06,2596.45,3285.19,3536.19,2485.36,1699.97,0,0.84
6/01/2026 19:30,16798.36,60.29,0.13,2894.91,2753.2,3611.85,2867.34,417.71,0,0.46
6/01/2026 20:00,16810.52,61.79,0.08,3064.25,1976.63,3448.45,3146.31,62.95,0,0.89
6/01/2026 20:30,16998.79,60.68,0.05,2858.15,1274.65,3203.25,3470.72,5.96,0,0.8
6/01/2026 21:00,16939.64,60.65,3.11,2808.96,421.75,3131.34,3741.1,1.4,0,0.81
6/01/2026 21:30,16858.53,59.4,1.93,2000.54,322.59,3014.07,3938.44,1.33,0,0.81
6/01/2026 22:00,16379.18,59.45,0.01,1619.23,107.91,2801.26,4171.51,1.33,0,0.81
6/01/2026 22:30,16058.33,61.08,3.43,1368.61,53.16,2482.07,4177.05,1.26,0,0.81
6/01/2026 23:00,15808.82,60.85,0.01,1044.22,87.31,2177.98,4257.02,1.12,0,0.8
6/01/2026 23:30,15638.52,59.07,0.84,946.84,143.72,2032.14,4116.78,1.12,0,0.79
7/01/2026 0:00,15571.35,61.93,-0.02,888.53,49.96,1912.17,4055.13,1.12,0,0.79
7/01/2026 0:30,15252.65,61.09,0,782.04,41.85,1462.68,4130.52,1.14,0,0.82
7/01/2026 1:00,14975.2,61.34,0,700.35,71.86,1373.18,4052.54,1.13,0,0.82
7/01/2026 1:30,14694.51,61.88,0,635.69,36.79,1285.93,4086.78,1.13,0,0.8
7/01/2026 2:00,14383.72,62.04,0,588.79,19.36,1138.15,4233.25,1.13,0,0.81
7/01/2026 2:30,14060.06,62.54,0,545.6,2.34,1087.76,4483.39,1.12,0,0.8
7/01/2026 3:00,13866.89,61.75,-0.02,461.6,8.63,987.49,4629.21,1.13,0,0.79
7/01/2026 3:30,13731.52,60.79,0,393.42,1.44,1028.49,4854.29,1.15,0,0.84
7/01/2026 4:00,13416.54,60.62,0,381.21,7.98,1026.47,5277.05,1.12,0,0.8
7/01/2026 4:30,13179.74,60.78,0,314.93,9.44,1088.99,5688.95,1.26,0,0.8
7/01/2026 5:00,13068.25,60.8,0,318.42,14.58,1109.87,6063.8,14.63,0,0.68
7/01/2026 5:30,13022.99,60.2,0,346.48,23.15,1115.86,6374.6,284.73,7.13,1.9
7/01/2026 6:00,12054.39,61.31,0,342.15,7.28,1031.61,6573.59,1990.47,7.6,9.38
7/01/2026 6:30,10661.22,50.68,0,337.09,4.75,916.21,6557.78,5278.34,202.53,102.39
7/01/2026 7:00,9776.86,49.35,0,332.42,11.42,901.09,5975.15,8805.24,768.81,452.3
7/01/2026 7:30,9279.88,49.54,0.01,279.36,15.54,897.15,5644.74,12133.93,711.26,783.37
7/01/2026 8:00,9086.95,49.57,0.01,279.11,13.71,818.31,5404.46,14789.32,520.23,1042.64
7/01/2026 8:30,8828.16,49.67,0.01,265.82,3.14,805.31,5165.52,16880.1,742.93,1115.27
7/01/2026 9:00,8580.17,47.58,0.01,236.54,5.28,691.03,5570.04,18671.45,795.51,1226.9
7/01/2026 9:30,8520.57,46.9,0.01,234.88,25.49,677.98,5526.96,20146.54,1200.87,1346.38
7/01/2026 10:00,8515.82,46.26,0.03,237.96,25.67,673.02,5563.26,21075.66,1194.46,1664.5
7/01/2026 10:30,8578.35,48.07,0.05,241.91,55.28,642.83,5590.89,21902.97,1144.55,1664.96
7/01/2026 11:00,8637.55,48.07,0.05,240.62,61.85,717.15,5445.51,22882.01,1079.85,1493.71
7/01/2026 11:30,8842.03,48.12,0.07,237.16,23.83,778.26,5510.33,23451.41,721.14,1492.43
7/01/2026 12:00,9235.32,49.16,0.07,237.36,92.73,792.92,5113.95,23477.63,920.97,1665.89
7/01/2026 12:30,9880.33,48.59,0.07,238.96,90.19,744.31,5029.12,23219.94,705.67,1912.22
7/01/2026 13:00,10498.83,48.72,0.08,252.04,37.8,789.19,4811.94,23215.65,790.1,1877.61
7/01/2026 13:30,10954.59,48.53,0.05,271.3,263.78,799.53,4764.06,22684.88,763.48,1767.75
7/01/2026 14:00,11457.71,49.11,0.05,401.53,213.78,885.31,4520.79,22453.87,597.24,1669.87
7/01/2026 14:30,11817.69,48.79,0.05,606.02,126.63,1370.38,4251.4,22076.42,274.84,1047.52
7/01/2026 15:00,12446.65,50.51,0.05,1085.96,135.25,1880.11,3751.33,20906.08,257.74,951.11
7/01/2026 15:30,13077.09,54.65,0.05,1581.76,111.59,2275.82,3554.31,19684.68,402.66,1032.12
7/01/2026 16:00,13578.33,56.01,0.05,1906.97,173.5,2683.6,3472.38,18129.36,428.94,619.09
7/01/2026 16:30,14489.49,58.01,0.05,2313.11,202.15,2756.94,3782.05,16185.69,117.59,430.85
7/01/2026 17:00,15455.5,60.49,0.09,2602.9,284.82,3134.11,3779.43,13973.03,45.54,266.2
7/01/2026 17:30,16438.88,61.65,0.12,2776.75,339.93,3707.5,3668.52,11228.06,90.44,81.14
7/01/2026 18:00,16996.39,56.99,0.15,3304.47,1253.77,4099.29,3570.73,7832.43,135.7,15.83
7/01/2026 18:30,16951.42,60.18,0.16,3925.51,2891.28,4326.21,3202.16,4154.46,56.86,25.81
7/01/2026 19:00,16945.55,60.3,1.04,4401.97,3560.9,4472.07,3120.36,1545.18,100.98,7.07
7/01/2026 19:30,16931.34,60.06,5.76,4403.05,3382.59,4803.08,2989.54,410.71,111.97,3.04
7/01/2026 20:00,16733.8,60.47,5.47,4413.55,2802.67,4865.75,2922.65,92.09,58.54,1.14
7/01/2026 20:30,16810.5,58.34,0.08,4095.38,1773.33,4798.04,3219.07,5.15,7.81,1.15
7/01/2026 21:00,16927.61,45.98,34.31,3873.82,933.35,4335.65,3612.37,2.06,1.22,1.13
7/01/2026 21:30,17022.84,45.1,1.78,3584.48,726.05,3515.19,3779.38,2.07,5.17,1.14
7/01/2026 22:00,16765.84,44.87,0.05,3225.76,291.54,2988.39,3937.61,2.07,1.47,1.15
7/01/2026 22:30,16565.64,47.34,0.01,2748.67,204.05,2872.49,3804.14,1.93,0,1.15
7/01/2026 23:00,16199.79,55.66,0.03,2258.28,111.74,2506.69,4094.86,1.87,13.54,1.15
7/01/2026 23:30,15666.9,58.52,0.03,1892.13,103.22,2267.52,4505.89,1.88,11.19,1.15
8/01/2026 0:00,15204.46,58.43,0.01,1765.7,116.98,2033.69,4546.52,1.88,1.31,1.14
8/01/2026 0:30,15201.24,59.47,0.01,1234.98,87.7,2070.55,4346.09,1.87,0.57,1.14
8/01/2026 1:00,15156.09,59.42,0.01,1096.39,117.53,2129.97,4111.75,1.87,10.53,1.14
8/01/2026 1:30,15049.59,59.02,0.01,900.74,47.74,1817.7,4181.4,1.88,6.72,1.14
8/01/2026 2:00,14904.84,59.35,0.01,730.69,51.82,1822.49,4134.42,1.88,6.12,1.15
8/01/2026 2:30,14672.88,59.55,0.01,698.2,35.09,1808.91,4103.2,1.89,4.38,1.15
8/01/2026 3:00,14699.02,59.14,0.01,651.23,42.68,1729.8,3989.84,1.88,3.78,1.14
8/01/2026 3:30,14718.31,59.73,0.01,466.88,49.68,1647.07,4200.92,1.88,2.62,1.15
8/01/2026 4:00,14723.18,58.93,0.01,390.89,22.04,1605.95,4520.74,1.86,0,1.07
8/01/2026 4:30,14458.41,58.27,0.01,330.28,41.59,1547.28,5037.3,1.98,1.57,0.79
8/01/2026 5:00,14226.29,59.66,0.01,367.76,28.69,1350.97,5641.11,14.25,0,0.69
8/01/2026 5:30,14434.17,59.37,0.01,387.62,42.15,1451.06,5606.91,257.53,0,2.68
8/01/2026 6:00,14010.84,57.54,-0.03,349.67,46.45,1374.48,5273.4,1856.13,0,20.95
8/01/2026 6:30,12843.4,51.88,0,301.99,79.34,1222.05,4770.97,5051.63,0,36.5
8/01/2026 7:00,11740.87,52.56,0,297.12,148.57,1014.66,4290.64,8707.29,12.89,128.39
8/01/2026 7:30,11162.26,50.01,0,295.92,36.79,1104.66,3826.17,11544.77,0,351.13
8/01/2026 8:00,10657.69,46.7,0,297.71,26.29,1074.83,4041.14,13854.47,1.56,548.15
8/01/2026 8:30,10592.14,48.91,0.02,297.49,35.82,1195.73,3945.82,15660.39,120.74,705.22
8/01/2026 9:00,10850.14,48.71,0,287.87,5.57,931.81,4213.23,17850.28,380.84,779.95
8/01/2026 9:30,10905.94,49.25,0,284.18,21.36,915.19,4020.33,19629.98,562.13,831.08
8/01/2026 10:00,11149.11,48.69,0.01,280.48,39.64,948.79,3831.47,20562.55,606.03,1056.04
8/01/2026 10:30,11316.47,48.65,0,277.66,19.11,991.49,3573.66,21213.57,436.85,1064.2
8/01/2026 11:00,11479.63,48.45,0,277.39,159.12,1010.48,3580.51,21915.49,367.61,1257.87
8/01/2026 11:30,11708.31,48.49,0.01,282.43,175.89,959.93,3446.41,22584.9,452.55,1242.71
8/01/2026 12:00,11804.05,48.58,0,283.39,138,965.5,3359.85,22928.8,352.63,1242.64
8/01/2026 12:30,11845.7,48.28,0,286.97,9.51,917.76,3078.29,23085.67,327.47,1202.19
8/01/2026 13:00,12176.61,49.16,0,288.86,14.93,890.97,3076.5,22720.11,305.72,1119.45
8/01/2026 13:30,12288.34,50.08,0,294.01,12,1073.1,3059.78,22202.47,210.13,1007.31
8/01/2026 14:00,12773.03,48.69,0,439.38,93.84,1223.07,3046.19,21531.99,147.33,1043.99
8/01/2026 14:30,13006.63,48.35,0,845.67,44.01,1344.93,3008.31,21063.91,73.44,1012.66
8/01/2026 15:00,13420.43,52.28,0,1096.47,182.62,1353.63,3210.99,20053.44,55.76,694.32
8/01/2026 15:30,13990.35,57.47,0,1162.85,79.16,1341.77,3408.2,18883.47,37.18,532.42
8/01/2026 16:00,14749.04,60.42,0.01,1439.7,88.6,1640.9,3352.32,17187.03,23.75,401.95
8/01/2026 16:30,15345.03,59.98,0.01,2025.55,164.79,2129.97,3442.54,14731.39,0.97,549
8/01/2026 17:00,15867.38,59.17,0.04,2745.15,138.02,2982.12,3473,12248.86,0,507.83
8/01/2026 17:30,16523.92,59.7,0.05,3109.47,383.2,3056.78,3664.04,9715.96,0,403.93
8/01/2026 18:00,16698.79,60.86,2.65,3848.03,1084.21,3275.31,3728.64,6656.1,0,22.32
8/01/2026 18:30,16898.71,60.11,7.4,4133.03,2158.86,3347.16,3649.73,3604.7,0,1.26
8/01/2026 19:00,16997.4,59.51,15.29,4228.57,2908.46,3458.93,3742.02,1227.83,0,0.87
8/01/2026 19:30,16865.94,60.32,12.63,4215.03,2460.87,3379.7,4393.78,317.06,0,0.43
8/01/2026 20:00,16862.19,60.34,4.73,3908.12,2159.58,3107.94,4644,50.2,0,0.94
8/01/2026 20:30,17031.19,60.48,0.05,3467.18,1531.41,2915.42,4930.55,4.74,0,0.95
8/01/2026 21:00,16983.87,60.59,0.03,3018.2,1263.47,2775.62,5060.27,1.5,5.15,0.95
8/01/2026 21:30,16903.52,60.43,0.01,2231.17,1195.18,2571.79,5098.61,1.52,6.6,0.95
8/01/2026 22:00,16703.3,60.62,0.01,1855.24,640.7,2374.04,5242.71,1.52,11.21,0.97
8/01/2026 22:30,16556.23,58.34,0.01,1404.96,406.51,2029.73,5504.48,1.5,12.24,0.94
8/01/2026 23:00,16199.26,58.09,0.01,1118.68,300.62,1771.23,5576.7,1.53,11.81,0.96
8/01/2026 23:30,15870.11,58.47,0.01,939.06,73.14,1626.01,5860.86,1.31,12.19,0.95
9/01/2026 0:00,15162.31,59.06,0,859.38,95.71,1470.09,6051.36,1.29,12.52,0.93
9/01/2026 0:30,14650.28,59.44,0,776.87,38.9,1332.97,6265.25,1.26,12.64,0.91
9/01/2026 1:00,14199.31,59.95,0,801.89,103.51,1306.51,6130.29,1.29,30.64,0.92
9/01/2026 1:30,14179.45,58.34,0,796.08,35.37,1183.95,5876.55,1.33,89.27,0.96
9/01/2026 2:00,13768.1,57.3,0,773.31,14.16,1119.68,5990.89,1.33,64.17,0.96
9/01/2026 2:30,13658.41,57.53,0,762.54,20.71,1156.33,5773.57,1.33,17.66,0.97
9/01/2026 3:00,13743.92,58.94,0,678.02,42.69,1170.09,5594.62,1.32,10.65,0.95
9/01/2026 3:30,14270.95,58.43,0,472.28,59.16,1207.69,5109.87,1.32,10.62,0.95
9/01/2026 4:00,14694.08,58.63,0,347.6,132.41,1201.33,4753.68,1.34,10.67,0.95
9/01/2026 4:30,14903.29,57.59,0,401.2,238.35,1229.66,4500.83,1.4,9.65,0.97
9/01/2026 5:00,14860.09,57.72,0,401.19,165.39,1520.94,4576.12,11.31,8.62,0.95
9/01/2026 5:30,14801.99,58.43,0,375.04,105.71,1563.26,4969.65,241.52,10.08,1.32
9/01/2026 6:00,13922.34,59.24,0,329.56,26.16,1322.26,5340.45,1841.2,10.59,7.6
9/01/2026 6:30,12408.26,53.37,0,301.83,51.24,867.83,5565.47,5069.25,13.18,30.4
9/01/2026 7:00,11273.02,48.55,0,283.3,20.42,756.51,5462.53,8531.95,72.95,214.09
9/01/2026 7:30,10816.23,45.65,0,266.98,13.4,773.44,5391.02,11323.5,349.55,400.44
9/01/2026 8:00,10196.18,46.47,0,268.09,8.75,778.48,5649.8,13710.75,423.07,822.52
9/01/2026 8:30,10067.19,48.23,0,265.16,10.61,792.23,5746.56,15537.35,452.65,975.92
9/01/2026 9:00,10229.5,48.06,0,248.55,7.61,791.92,5667.8,16976.75,934.27,1337.62
9/01/2026 9:30,9958.69,47.62,0,247.93,5.22,780.62,5891.88,18937.44,989.05,1297.12
9/01/2026 10:00,9900.83,48.82,0,249.19,11.67,793.36,5807.74,19950.18,971.06,1441.05
9/01/2026 10:30,10224.89,49.54,0,248.57,15.92,776.66,5678.44,20723.85,1008.68,1374.76
9/01/2026 11:00,10803.05,49.01,0,253.81,142.67,759.65,5700.33,21094.55,879.61,1221.05
9/01/2026 11:30,11011.11,48.74,0,330.55,45.62,775.6,5637.19,21595.03,1141.1,1295.58
9/01/2026 12:00,11247.37,50.54,0,429.38,82.6,997.75,5159.28,21719.8,1264.51,1531.65
9/01/2026 12:30,11434.75,49.8,0.01,684.48,116.44,1125.84,5087.33,21689.64,1188.49,1525.85
9/01/2026 13:00,11635.98,50.18,0,933.06,45.65,1046.17,4900.24,21747.84,1219.08,1337.13
9/01/2026 13:30,11720.65,49.78,0,1045.03,45.06,1325.76,5126.52,21397.28,1321.52,1487.57
9/01/2026 14:00,11798.08,50.51,0,1190.6,29.44,1831.03,4933.22,20718.5,1950.67,1772.47
9/01/2026 14:30,12009.8,51.44,0,1490.21,97.86,2188.51,5037.03,19378.79,2227.28,2324.79
9/01/2026 15:00,12427.25,52.72,0,1661.47,128.41,2495.71,5457.75,17970.86,2101.29,2732.55
9/01/2026 15:30,13232,56.45,0.01,1864.44,227.52,2691.37,5369.89,16624.71,2342.17,2693.71
9/01/2026 16:00,13918.86,56.84,0,2092.92,895.98,2887.04,4967.68,14835.06,2811.22,2599.73
9/01/2026 16:30,14395.98,56.68,0,2283.24,941.24,2753.54,5322.33,13111.31,2805.08,2215.36
9/01/2026 17:00,14873.58,53.08,0.01,2304.19,820.45,2753.68,5789.43,11314.42,2131.83,1371.14
9/01/2026 17:30,15522.82,53.6,0.01,2605.27,609.73,2744.06,5896.07,9044.83,1657.33,763.89
9/01/2026 18:00,15915.93,57.08,0.01,2743.72,1062.36,2066.74,6975.83,6366.14,352.35,34.06
9/01/2026 18:30,16216.35,57.95,0.01,2436.7,2192.81,2550.49,6969.42,3246.73,21.05,8.55
9/01/2026 19:00,16427.78,58.06,0.01,2432.89,2687.57,3105.41,6345.03,1101.34,15.84,11.62
9/01/2026 19:30,16476.36,59.76,0.01,2345.2,2599.78,3237.47,6196.39,241.48,17.62,0.37
9/01/2026 20:00,16489.57,60.24,0,2314.59,2026.77,3059.49,6213.52,34.64,46.17,0.14
9/01/2026 20:30,16752.81,60.99,0,2146.52,1488.3,2860.61,6128.06,3.04,40.53,0.16
9/01/2026 21:00,16572.22,59.23,0,1748.75,1411.6,2461.04,6306.78,0.82,41.17,0.2
9/01/2026 21:30,16437.17,59.58,0,1364.22,826.39,2382.47,6676.82,0.71,55.06,0.16
9/01/2026 22:00,16050.6,61.33,0,730.34,474.49,2525.69,6678.16,0.65,56.59,0.16
9/01/2026 22:30,15907.37,59.17,0,298.25,489.88,2361.78,6628.48,0.54,9.74,0.18
9/01/2026 23:00,15597.83,57.07,0,246.82,130.03,1936.23,6763.35,0.51,11,0.16
9/01/2026 23:30,15145.82,57.74,0,249.73,33.64,1769.32,7010.14,0.53,7.59,0.16
10/01/2026 0:00,14404.58,59.25,-0.05,249.24,24.18,1403.43,7357.57,0.54,8.54,0.18
10/01/2026 0:30,13522.38,58.48,0,248.35,29.14,1131.7,7833.59,0.54,92.99,0.18
10/01/2026 1:00,12907.96,60.29,0,248.89,89.08,1036.56,7749.65,0.51,222.53,0.15
10/01/2026 1:30,12745.79,61.43,-0.05,247.36,54.58,879.82,7706.22,0.52,333.46,0.16
10/01/2026 2:00,12544.28,60.78,0,247.5,126.43,712.5,7551.07,0.53,784.68,0.15
10/01/2026 2:30,12455.27,60.86,-0.05,247.9,174.06,640.17,7335,0.57,1185.26,0.2
10/01/2026 3:00,12409.86,60.76,-0.02,246.7,58.12,481.58,7558.72,0.53,1164.85,0.17
10/01/2026 3:30,12343.29,61.2,0,246.26,28.17,473.9,7404.53,0.53,1313.17,0.16
10/01/2026 4:00,12259.67,61.87,-0.03,245.78,67.09,488.34,7357.59,0.52,1441.56,0.15
10/01/2026 4:30,12082.92,61.76,0,247.91,167.31,669.5,7230.16,0.58,1775.12,0.16
10/01/2026 5:00,12197.59,60.86,0,249.13,27.81,584.53,7395.34,9.57,1498.9,0.17
10/01/2026 5:30,12055.12,60.62,0,249.96,123.59,566.62,7288.2,218.52,1607.36,1.98
10/01/2026 6:00,11433.98,61.43,-0.02,249.36,88.6,449.08,7256.17,1570.61,1737.98,10.18
10/01/2026 6:30,10256.25,49.43,0,249.82,90.44,373.48,7284.11,4244.83,1609.87,28.78
10/01/2026 7:00,9663.6,49.35,0,249.58,36.23,351.02,6740.33,7209.87,2129.44,261.11
10/01/2026 7:30,9372.99,49.79,0,246.42,40.41,353.26,6333.56,9471.07,2620.24,540.2
10/01/2026 8:00,9083.65,48.45,0,252.04,21.41,352.24,5952.66,11661.37,3281.37,777.72
10/01/2026 8:30,9045,49.11,0,255.55,58.59,383.5,5649.94,13345.71,3677.18,1235.13
10/01/2026 9:00,8926.56,48.98,0,257.21,10.82,336.21,5551.55,15017.14,3693.04,1735.25
10/01/2026 9:30,8960.08,50.24,0,258.48,11.42,335.09,5170.95,16517.12,3923.58,1988.98
10/01/2026 10:00,9220.78,50.27,0,255.05,8.2,333.79,5009.2,17813.8,4090.57,1974.6
10/01/2026 10:30,9315.14,48.71,0,255.69,5.89,337.58,4684.91,18783.32,4186.28,2062.18
10/01/2026 11:00,9293.25,49.81,0,254.42,5.73,333.64,4593.48,19292.88,4191.27,1995.15
10/01/2026 11:30,9536.25,50.54,-0.07,254.57,5.88,336.38,4439.83,19781.24,4148.85,1838.26
10/01/2026 12:00,9676.39,49.63,-0.02,254.34,6.72,335.95,4190.35,20141.2,4127.05,1882.06
10/01/2026 12:30,9705.17,49.55,0,256.35,9.63,352.85,4182.15,20082.74,4152.49,1986.46
10/01/2026 13:00,9917.67,48.88,0,256.95,9.32,396.6,4111.87,19697.44,4319.52,2000.55
10/01/2026 13:30,10145.8,48.98,-0.02,263.11,7.68,435.35,3954.77,19401.19,4330.03,2161.79
10/01/2026 14:00,10667.62,49.26,0,301.62,61.06,433.68,3604.88,18953.4,4590.32,2317.37
10/01/2026 14:30,11280.16,54.44,0,595.5,78.12,417.08,3582.14,18055.02,4793.82,2739.74
10/01/2026 15:00,11833.87,57.65,0,1035.51,130.92,808.79,3533.16,16731.04,4933.73,3095.11
10/01/2026 15:30,12399.9,56.8,0,1294.49,79.79,1498.03,3194.12,15459.9,5236.88,2895.24
10/01/2026 16:00,12804.99,60.22,0,1210.8,201.77,2163.16,3197.8,13632.07,5234.63,2887.15
10/01/2026 16:30,13484.11,60.17,0,1683.67,193.93,2088.63,3606.14,11889.14,4857.48,2953.89
10/01/2026 17:00,13867.54,59.09,0,2058.67,368.5,2403.36,3972.11,10100.58,4470.6,2807.97
10/01/2026 17:30,14249.51,60.14,0,2252.99,726.79,2485.48,4574.8,7825.47,3749.55,2372.29
10/01/2026 18:00,14668,60.01,-0.02,2779.16,792.53,3085.15,4944.2,5259.33,3128.41,1775.24
10/01/2026 18:30,14775.13,60.76,0,2966.5,1325.63,3338.75,5493.09,2848.64,2168.24,1033.53
10/01/2026 19:00,15011.77,61.4,0,2726.22,1663.99,3327.47,5763.5,1256.5,1494.03,210.73
10/01/2026 19:30,14649.51,61.49,0,3049.98,1453.46,3179.9,6229.14,380.77,715.52,1.62
10/01/2026 20:00,14660.53,61.2,0,2877.35,1149.01,3307.21,6123.65,59.96,365.59,0.15
10/01/2026 20:30,15064.23,61.65,0,2357.61,957.18,3307.87,5692.99,4.78,290.76,0.15
10/01/2026 21:00,15845.03,61.45,0,1944.64,1140.12,2093.79,5362.92,0.87,227.04,0.18
10/01/2026 21:30,16500.41,60.68,0,1293.9,685.73,2121.45,4986.29,0.88,249.1,0.18
10/01/2026 22:00,16364.8,61.23,0,916.54,653.8,2105.34,4596.03,0.83,239.96,0.15
10/01/2026 22:30,15938.17,61.61,-0.02,505.5,1015.31,1961.18,4349.89,0.82,224.1,0.13
10/01/2026 23:00,15677.29,61.57,0,256.59,955.97,1842.54,4258.03,0.87,201.16,0.16
10/01/2026 23:30,15540.19,61.52,0,255.38,785.41,1729.24,4303.7,0.87,222.98,0.17
11/01/2026 0:00,15444.01,61.84,0,254.85,526.38,1480.88,4343.16,0.87,208.79,0.17
11/01/2026 0:30,15209.7,61.52,-0.02,254.49,373.48,1147.41,4541.11,0.87,204.98,0.17
11/01/2026 1:00,14678.47,61.11,0,245.18,250.27,991.24,4749.16,0.74,161.66,0.19
11/01/2026 1:30,14239.2,62.34,0,248.47,203.73,907.83,4789.67,0.67,160.7,0.18
11/01/2026 2:00,14055.07,62.22,-0.02,248.89,96.69,878.89,4871.25,0.65,142.19,0.16
11/01/2026 2:30,13962.61,61.98,-0.03,255.13,43.72,836.45,4825,0.65,130.32,0.17
11/01/2026 3:00,13898.75,61.98,-0.02,255.72,35.32,824.88,4667.48,0.66,100.74,0.16
11/01/2026 3:30,13864.19,61.37,0,255.14,45.48,648.94,4630.46,0.67,54.3,0.17
11/01/2026 4:00,13751.55,62.32,0,256.21,60.75,627.69,4637.92,0.67,28.41,0.17
11/01/2026 4:30,13669.12,53.55,-0.05,255.12,75.99,640.8,4697.61,0.69,46.5,0.18
11/01/2026 5:00,13539.54,44.81,0,254.81,126.19,728.43,4692.73,6.86,48.92,0.17
11/01/2026 5:30,13471.94,42.5,0,255.16,106.26,832.34,4607.28,172.74,91.73,1.14
11/01/2026 6:00,12803.8,40.75,-0.03,255.28,57.35,674.72,4578.32,1232.81,70.29,12.18
11/01/2026 6:30,11856.48,36.17,-0.12,255.8,42.55,609.15,4273.72,3489.24,96.54,139.64
11/01/2026 7:00,11128.67,35.27,0,256.18,63.5,618.44,3889.28,5385.77,141.91,596.31
11/01/2026 7:30,10641.1,35.73,0,257.59,18.07,671.04,3658,7117.13,422.23,1115.91
11/01/2026 8:00,10428.61,35.73,0,248.73,50.8,693.96,3509.18,8542.83,905.45,1704.38
11/01/2026 8:30,10164.21,34.85,-0.03,257.59,36.28,710.19,3554.56,9901.22,1032.96,1752.85
11/01/2026 9:00,9920.9,34.71,-0.13,257.37,16.72,703.69,3234.41,11191.65,1205.09,2016.71
11/01/2026 9:30,10034.55,33.86,-0.07,256.86,58.93,705.56,2986.57,12083.09,1344.94,2137.99
11/01/2026 10:00,10222.24,33.92,0,254.93,17.54,684.55,2677.77,13009.14,1492.78,2196.91
11/01/2026 10:30,10039.94,33.81,-0.03,258.01,8.68,683.54,2401.63,14141.31,1417.42,2206.11
11/01/2026 11:00,9946.35,33.47,0,259.45,6.31,692.19,2345.73,14808.53,1416.43,2316.34
11/01/2026 11:30,9972.59,33.69,0,258.97,5.38,723.18,2250.41,15074.58,1486.82,2471.94
11/01/2026 12:00,10075.58,33.72,-0.03,257.29,6.35,671.85,2325.79,15369.62,1533.47,2516.17
11/01/2026 12:30,10220.39,33.67,0,253.15,8.71,640.84,2185.41,15443.68,1706.75,2547.62
11/01/2026 13:00,10302.81,33.69,0,251.93,10.34,620.08,2139.12,15188.45,1823.43,2519.07
11/01/2026 13:30,10401.45,33.41,0,254.06,31.23,660.79,2118.86,14918.5,1824.2,2581.31
11/01/2026 14:00,10446.87,35.59,-0.07,253.75,25.72,683.23,2071.84,14563.22,1978.43,2562.24
11/01/2026 14:30,10906.36,42.94,0,253.52,17.49,723.04,2218.55,13881.34,2041.97,2570.02
11/01/2026 15:00,11241.55,48.86,0,254.2,63.45,754.1,2509.99,13048.25,2030.42,2534.44
11/01/2026 15:30,11498.73,52.61,-0.03,256.67,62.95,770.28,2837.43,12019.87,2150.35,2494.37
11/01/2026 16:00,11504.99,58.47,0,310.09,75.66,806.11,3271.1,11064.9,2001.65,2362.55
11/01/2026 16:30,11849.22,60.46,0,435.2,47.53,858.89,3558.17,9943.3,1973.76,2048.07
11/01/2026 17:00,12151.18,60.55,-0.05,471.67,219.97,947.03,3998,8783.42,1799,1518.09
11/01/2026 17:30,12285.54,61.05,0,456.37,288.78,896.85,4874.07,7468.96,1616.44,804.35
11/01/2026 18:00,12766.2,60.45,0,547.45,294.76,1096.18,5672.16,5817.96,1069.15,297.03
11/01/2026 18:30,13301.25,60.03,-0.08,597.19,330.11,1218.68,6838.38,3362.31,179.99,166.63
11/01/2026 19:00,13928.45,61.84,0,910.34,432.5,1188.82,7175.41,1522.17,0.39,5.04
11/01/2026 19:30,14438.42,62.42,0,928.84,600.58,1077.04,7283.35,420.26,0.44,0.58
11/01/2026 20:00,14415.94,62.84,0,881.98,623.94,1020.49,7239.4,67.67,0.37,0.18
11/01/2026 20:30,14263.94,62.95,0,761.16,639.42,1038.61,7073.63,6.23,0.31,0.15
11/01/2026 21:00,14124.16,62.73,-0.02,693.12,401.25,1026.91,7142.81,1.4,0.26,0.16
11/01/2026 21:30,13849.4,62.67,0.03,593.92,318.99,1095.63,7079.11,1.4,0.11,0.17
11/01/2026 22:00,13505.79,62.85,0,592.91,316.89,982.25,6925.96,1.35,0,0.15
11/01/2026 22:30,13044.2,62.86,0,593.26,229.51,958.99,6916.09,1.2,0,0.16
11/01/2026 23:00,12507.83,63.45,-0.08,590.77,135.31,939.85,7011.36,1.21,0.23,0.19
11/01/2026 23:30,12448.87,63.44,-0.05,585.8,162.8,923.48,6911.13,1.2,0.08,0.17
12/01/2026 0:00,12324.42,63.04,-0.1,584.43,144.35,916.36,6739.3,1.2,0.17,0.16
12/01/2026 0:30,11979.67,62.98,-0.12,586.94,123.63,898.54,6692.81,1.22,0.38,0.2
12/01/2026 1:00,11732.62,62.72,-0.05,576.9,114.14,882.74,6685.65,1.2,0.27,0.17
12/01/2026 1:30,11782.65,36.53,-0.03,572.82,117.93,904.62,6474.53,1.2,0.23,0.16
12/01/2026 2:00,11681.57,35.84,-0.1,574.29,114.48,867.55,6298.29,1.2,0.18,0.16
12/01/2026 2:30,11628.95,35.54,-0.15,574.11,138.16,863.87,6103.47,1.2,0.42,0.17
12/01/2026 3:00,11557.57,35.77,-0.05,573.14,206.41,846.73,5942.61,1.19,0.36,0.16
12/01/2026 3:30,11471.43,36.01,-0.07,573.77,327.7,921.42,5851.21,1.22,0.3,0.16
12/01/2026 4:00,11237.51,35.91,-0.02,573.42,588.22,949.64,5746.55,1.21,0.04,0.17
12/01/2026 4:30,11476.09,35.88,-0.03,573.15,496.42,955.03,5771.47,1.25,0,0.17
12/01/2026 5:00,11986.49,35.85,-0.2,362.66,730.04,1056.79,5668.77,7.04,0,0.15
12/01/2026 5:30,12581.69,35.77,0,197.85,859.36,1209.11,5438.39,129.98,0,0.35
12/01/2026 6:00,12866.11,35.3,-0.08,200.69,829.59,1139.19,5177.14,977.01,0,3.41
12/01/2026 6:30,12771.44,34.08,-0.18,203.05,484.37,1225.26,4832.51,2879.1,0,9.17
12/01/2026 7:00,12139.51,33.07,-0.02,198.64,281.98,1026.13,4590.86,5336.42,0,34.59
12/01/2026 7:30,11360.1,31.63,0,198.46,61.61,1030.35,4561.86,7442.57,51.42,313.96
12/01/2026 8:00,10729.53,31.96,0,199.37,30.61,989.36,4459.73,9206.91,173.6,594.18
12/01/2026 8:30,10514.9,30.82,-0.02,199.61,35.02,989.78,4229.64,10571.61,163.19,850.32
12/01/2026 9:00,10271.19,31.27,-0.03,199.25,41.04,938.98,3915.22,11855.69,102.77,890.09
12/01/2026 9:30,9853.3,27.31,-0.02,248.22,80.9,871.5,3472.87,13125.51,153.28,1136.85
12/01/2026 10:00,9743.82,29.45,0,321.79,81.38,863.65,3135.82,14030.86,203.28,1356.22
12/01/2026 10:30,9657.98,28.76,0,364.49,7.33,883.43,2805.96,14898.61,228.03,1634.6
12/01/2026 11:00,9706.48,30.51,0,365.96,14.05,887.15,2539.05,15827.16,172.9,1692.74
12/01/2026 11:30,9583.8,29.57,0,320.44,159.9,831.42,2329.95,16510.08,163.27,1696.55
12/01/2026 12:00,9533.14,29.31,0,242.45,172.88,719.45,2240.56,16904.2,196.65,1604.74
12/01/2026 12:30,9495,29.34,0,240.77,41.88,780.22,2338.66,17016.65,228.24,1568.18
12/01/2026 13:00,9528.87,27.92,0,241.88,235.4,766.67,2399.15,16845.23,244.8,1495.1
12/01/2026 13:30,9619.09,28.91,0,243.76,30.4,811.5,2493.8,16328.58,258.42,1422.87
12/01/2026 14:00,9757.72,28.99,0,252.45,51.4,776.43,2739.84,15880.05,220.17,1369.75
12/01/2026 14:30,9809.07,28.71,0,248.67,238.96,735.49,3137.51,15160.42,216.4,1300.71
12/01/2026 15:00,10058.24,28.51,0,254.79,201.82,780.85,3399.69,14078.34,311.34,1320.15
12/01/2026 15:30,10602.72,29.97,0,258.35,271.42,850.5,3525.99,13281.51,286.89,1197.67
12/01/2026 16:00,11185.32,30.92,-0.02,258.26,151.93,875.71,3943.46,12266.48,359.61,1099.79
12/01/2026 16:30,11599.11,32.36,0,258.84,181.21,949.69,4434.97,10963.82,347.01,976.84
12/01/2026 17:00,11948.35,32.42,0,253.66,295.24,1155.32,4539.86,9609.89,336.62,734.96
12/01/2026 17:30,12072.25,31.09,0,373.42,281.39,1287.3,5112.08,8177.37,348.9,382.91
12/01/2026 18:00,12662.28,31.09,0,571.2,407.3,1384.51,5798.63,6197.26,252.8,165.34
12/01/2026 18:30,13944.13,30.58,0,742.85,614.61,1515.81,5938.67,3575.95,159.17,119.56
12/01/2026 19:00,14861.03,30.72,0,775.81,920.27,1577.96,6059.31,1556.89,2.71,1.34
12/01/2026 19:30,15074.69,32.57,0,751.94,1287.2,1624.03,5981.71,419.33,0,0.42
12/01/2026 20:00,15266.66,32,0,488.81,1225.41,1561.22,6070.07,63.66,0,0.18
12/01/2026 20:30,15346.43,31.95,0,303.66,980.14,1424.42,6136.75,5.34,61.86,0.17
12/01/2026 21:00,15201.82,30.45,0,302.36,812.6,1497.79,5961.24,1.07,17.01,0.18
12/01/2026 21:30,15096.51,30,-0.02,302.47,828.57,1462.59,5598.95,1.03,0,0.18
12/01/2026 22:00,14937.73,30.2,-0.02,301.1,742.29,1410.15,5276.41,1.07,0,0.18
12/01/2026 22:30,14798.38,30.93,0,346.96,451.7,1360.1,5147.66,1.05,0,0.2
12/01/2026 23:00,14615.76,31.62,-0.03,392.5,279.12,1281.97,4940.16,1.05,0,0.14
12/01/2026 23:30,14696.5,31.34,0,391.97,85.33,1208.5,4803.66,1.05,0,0.19
13/01/2026 0:00,14661.81,25.98,-0.07,430.86,155.6,1205.61,4457.74,1.04,0,0.16
13/01/2026 0:30,14471.06,5.45,0,438.88,78.38,1144.52,4265.03,1.01,0,0.15
13/01/2026 1:00,14324.57,6.22,-0.02,512.6,70.59,1144.76,4040.86,1.05,0,0.16
13/01/2026 1:30,14159.38,5.85,-0.1,587.32,63.49,1116.88,3740.01,1.06,0,0.18
13/01/2026 2:00,14078.66,5.77,-0.05,598.86,78.44,1107.36,3572.54,1.06,0,0.19
13/01/2026 2:30,13829.4,5.15,-0.03,625.83,78.56,1108.81,3579.28,1.07,0,0.18
13/01/2026 3:00,13653.88,5.74,-0.1,710.22,89.97,1086.56,3566.46,1.04,0,0.15
13/01/2026 3:30,13740.08,6.11,-0.03,776.32,60.21,1149.29,3393.85,1.02,0,0.16
13/01/2026 4:00,14014.64,6.61,-0.02,362.56,243.04,1281.04,3238.2,1.06,0,0.17
13/01/2026 4:30,14097.98,16.67,-0.02,365.25,435.54,1371.92,3139.3,1.05,0,0.18
13/01/2026 5:00,14362.46,29.54,-0.07,383.18,575.19,1479.73,3028.39,6.38,0,0.19
13/01/2026 5:30,14560.88,31,-0.13,363.99,871.51,1727.33,2941.21,124.45,0,0.36
13/01/2026 6:00,14520.7,31.76,-0.02,403.26,764.75,1835.51,2878.35,968.09,0,3.12
13/01/2026 6:30,14382.41,30.44,9.52,362.31,612.56,1604.97,2708.34,2919.19,0,8.52
13/01/2026 7:00,13656.83,29.09,57.88,311.06,236.81,1214.93,2493.86,5674.92,0,32.46
13/01/2026 7:30,13001.54,28.61,48.45,231.09,46.1,1133.74,2342.73,7903.14,0,166.29
13/01/2026 8:00,12146.32,28.59,0,239.48,69.76,1035.67,2286.31,10037.99,23.73,395.32
13/01/2026 8:30,11749.83,28.8,-0.03,251.19,86.55,1047.57,2084.35,11894.95,66.43,592.88
13/01/2026 9:00,11216.69,27.03,-0.12,239.47,64.92,996.47,1968.87,13126.24,94.3,723.92
13/01/2026 9:30,10784.61,28.13,-0.02,273.78,71.01,915.26,1961.07,14548.01,110.02,934.44
13/01/2026 10:00,10532.46,27.71,-0.02,364.58,74.99,886.14,1729.3,15507.97,206.74,1072.81
13/01/2026 10:30,10571.76,28.44,0,390.33,50.97,803.82,1639.53,16455.14,226.92,1164.06
13/01/2026 11:00,10662.18,28.47,0,388.7,6.39,781.04,1685.68,17012.44,201.07,1298.28
13/01/2026 11:30,10515.84,27.12,0,303.99,12.92,744.26,1716.33,17760.47,91.53,1321.23
13/01/2026 12:00,10609.54,26.66,0,260.31,2.39,760.16,1589.22,18232.86,86.43,1244.78
13/01/2026 12:30,10614.48,4.04,0,262.01,6.47,749.74,1590.61,18384.31,80.47,1171.83
13/01/2026 13:00,10550.52,3.74,0,260.16,1.06,797.8,1664.85,18900.93,91.07,1103.85
13/01/2026 13:30,10575.86,3.2,0,262.13,3.32,816.15,1826.46,18994.88,142.14,1051.52
13/01/2026 14:00,10499.4,2.88,0,261.58,9.98,777.04,1858.83,18765,115.25,1044.06
13/01/2026 14:30,10768.93,9.33,0,261.9,3.02,718.49,2025.99,18263.08,207.71,1000.5
13/01/2026 15:00,11397.88,24.96,0,262.97,16.58,763.32,2192.63,17173.37,261.96,963.42
13/01/2026 15:30,12548.6,28.77,0,263.98,67.54,789.03,2233.82,15778.32,386.95,984.14
13/01/2026 16:00,13154.3,31.83,0,265.68,271.73,932.3,2472.05,14261.73,434.14,878.68
13/01/2026 16:30,13773.1,35.99,0,257.84,122.83,1227.86,2808.02,12813.65,387.56,725.39
13/01/2026 17:00,14348.65,45.42,0,260.15,251.77,1361.9,3367.3,10980.55,377,584.49
13/01/2026 17:30,14836.87,49.39,0,369.33,483.51,1474.63,3989.47,8831.25,147.99,238.07
13/01/2026 18:00,15359.8,52.02,0,337.91,850.29,1834.15,4593.56,6232.15,0,150.28
13/01/2026 18:30,15730.71,59.48,0,359.59,1342.68,2210.91,4997.27,3586.55,12.11,54.76
13/01/2026 19:00,15887.42,59.61,0,366.35,2027.64,2402.43,5270,1441.3,0,3.42
13/01/2026 19:30,15989.94,59.4,0,377.47,2361.22,2226.07,5387.82,348.72,0,0.65
13/01/2026 20:00,15998.86,59.53,0,383.22,2097.95,2184.95,5481.56,45.03,0,0.15
13/01/2026 20:30,16048.38,59.6,0,376.57,1631.14,2062.13,5558.55,4.2,0.67,0.18
13/01/2026 21:00,16019.96,58.99,0,258.02,1249.4,1855.72,5719.77,1.46,8.41,0.2
13/01/2026 21:30,15907.13,59.44,0,231.87,787.78,1774.13,5782.66,0.97,43.33,0.17
13/01/2026 22:00,15506.79,59.05,0,220.31,367.96,1791.51,5737.22,0.62,30.4,0.2
13/01/2026 22:30,15375.67,59.16,0,220.47,161.54,1587.06,5591.72,0.6,21.43,0.18
13/01/2026 23:00,15279.18,58.99,-0.07,220.19,74.43,1461.73,5329.84,0.58,32.88,0.16
13/01/2026 23:30,14986.83,59.39,-0.03,220.17,132.71,1305.69,5326.17,0.6,81.48,0.16
14/01/2026 0:00,14846.71,60.35,0,221.91,71.94,1151.58,5213.15,0.58,57.55,0.17
14/01/2026 0:30,14335.33,59.89,-0.03,219.04,69.24,1106.86,5155.46,0.58,8.04,0.15
14/01/2026 1:00,14107.41,60.02,0,218.2,46.37,1062.42,4999.36,0.61,0.08,0.19
14/01/2026 1:30,13953.77,59.82,-0.03,217.92,29.74,1023.52,4858.14,0.6,0,0.18
14/01/2026 2:00,13695.9,60,-0.12,218.11,39.6,1017.55,4753.8,0.57,0,0.15
14/01/2026 2:30,13583.61,59.88,-0.02,218.35,29.08,979.89,4714.88,0.55,0,0.13
14/01/2026 3:00,13577.14,59.53,0,219.41,24.91,1019.27,4514.95,0.61,0,0.17
14/01/2026 3:30,13565.71,60.73,0,219.77,34.86,1029.24,4498.85,0.61,0,0.18
14/01/2026 4:00,13594.14,61.73,-0.03,217.38,16.74,993.68,4604.33,0.59,0,0.16
14/01/2026 4:30,13811.14,60.56,-0.02,220.29,18.01,986.25,4728.78,0.61,0,0.2
14/01/2026 5:00,13983.2,61.54,-0.07,222.82,150.01,1091.79,4734.1,6.93,0,0.16
14/01/2026 5:30,14484.13,62.04,-0.02,221.99,350.6,1131.33,4509.83,137.17,0,0.39
14/01/2026 6:00,14385.94,60.7,-0.07,223.27,368.88,1233.1,4324.42,1160.27,0,4.02
14/01/2026 6:30,13502.08,50.21,0,303.64,245.55,1180.87,4009.33,3712.19,0,11.01
14/01/2026 7:00,12481.17,46.73,-0.08,246.73,87.34,1015.09,3809.66,6920.22,1.52,20.64
14/01/2026 7:30,11596.25,46.55,-0.03,219.11,70.01,960.39,3662,9240.23,36.64,331.48
14/01/2026 8:00,11301.19,48.97,0,208.66,22.53,1002.97,3363.63,11312.63,148.6,715.45
14/01/2026 8:30,10561.67,50.81,0,209.94,41.91,930.55,3202.03,13222.55,157.41,886.33
14/01/2026 9:00,10629.15,51.94,0,212.1,53.81,899.41,2775.62,14442.84,94.13,1089.5
14/01/2026 9:30,10510.89,51.41,0,214.83,66.98,835.15,2538.35,16100.21,101.76,1165.89
14/01/2026 10:00,10429.49,51.92,0,243.55,30.34,818.11,2466.25,17256.04,71.13,1307.64
14/01/2026 10:30,10545.6,51.5,0,254.25,8.14,868.77,2449.01,17717.12,61.64,1314.98
14/01/2026 11:00,10502.22,51.26,0,252.07,2.57,842.74,2228.48,18657.82,47.18,1449.43
14/01/2026 11:30,10469.41,51.98,0,251.28,1.48,747.7,2184.54,19441.82,68.62,1412.83
14/01/2026 12:00,10376.84,51.81,0,251.58,91.66,705.25,2142.5,19915.6,79.38,1465.28
14/01/2026 12:30,9922.99,52.55,0,252.45,256.38,668.48,2220.4,20344.65,114.1,1299.02
14/01/2026 13:00,9917.34,51.17,0,256.42,120.65,649.09,2236.16,20399.81,273.58,1237.42
14/01/2026 13:30,10058.21,51.2,0,254.49,6.45,654.84,2393.48,20182.32,491.36,1256.81
14/01/2026 14:00,10427.54,46.1,0,252.38,3.19,697.72,2743.54,19443.6,641.39,1312.27
14/01/2026 14:30,10558.07,44.96,-0.05,252.68,9.31,628.12,3037.12,18770.22,696.52,1103.6
14/01/2026 15:00,10913.81,48.65,0,253.08,240.92,809.52,3077.77,17408.34,1004.4,1066.41
14/01/2026 15:30,11741.54,55.43,0,258.55,230.48,903.97,3206.19,15764.13,934.08,1133.69
14/01/2026 16:00,12492.89,51.56,0,256.35,38.53,989.97,3494.74,14580.99,934.35,958.2
14/01/2026 16:30,13335.31,60.55,0,222.78,61.64,1091.98,3942.75,12840.85,718.42,700.12
14/01/2026 17:00,14191.99,59.97,0,226.49,163.81,1160.06,4325.37,10743.4,374.95,602.64
14/01/2026 17:30,14695.39,59.27,0,223.37,351.43,1407.92,4785.89,8730.01,363.48,240.04
14/01/2026 18:00,15085.97,57.91,0,262.25,647.73,1593.8,5289.16,6518.93,93.91,53.65
14/01/2026 18:30,15531.24,59.18,0,372.32,1154.67,1944.35,5684.76,3686.14,39.18,17.02
14/01/2026 19:00,15788.28,59,0,371.06,2028.27,2268.41,5604.82,1534.84,0,1.68
14/01/2026 19:30,15904.41,57.76,0,372.56,2512.82,2326.08,5365.49,392.46,0,0.61
14/01/2026 20:00,15985.95,60.33,0,375.62,2429.07,2199.1,5309.61,56.66,0,0.16
14/01/2026 20:30,16048.98,61.82,0,328.32,2115.26,2026.27,5241.6,5.24,0,0.18
14/01/2026 21:00,16006.4,59.33,0,322.38,1649.12,2025.46,5192.12,1.44,0,0.15
14/01/2026 21:30,16083.87,61.76,0,372,873.09,1997.93,5268.64,1.46,0,0.15
14/01/2026 22:00,15954.15,61.64,0,351.5,498.35,1926.38,5096.85,1.44,0,0.14
14/01/2026 22:30,15803.4,60.04,0,221.83,401.41,1748.37,4960.81,1.47,0,0.16
14/01/2026 23:00,15214.46,59.78,-0.02,315.65,346.13,1671.17,4819.37,1.45,0,0.15
14/01/2026 23:30,14934.17,60.26,0,411.24,155.86,1963.77,4667.4,1.45,0,0.14
15/01/2026 0:00,14632.73,59.64,0,424.33,72.65,1981.15,4561.83,1.47,0,0.15
15/01/2026 0:30,14296.4,58.14,0,432.55,66.44,1755.4,4578.11,1.44,0,0.15
15/01/2026 1:00,13901.84,60.86,0,412.17,26.51,1559.91,4765.17,1.47,0,0.18
15/01/2026 1:30,13540.71,59.91,0,258.68,32.68,1549.84,4848.74,1.47,0,0.15
15/01/2026 2:00,13292.57,60.07,0,236.83,4.51,1529.71,4907.58,1.47,0,0.18
15/01/2026 2:30,13119.1,59.59,0,239.62,10.14,1399.95,4922.26,1.45,0,0.15
15/01/2026 3:00,13110.96,61.08,0,239.36,9.81,1501.86,4858.72,1.44,0,0.14
15/01/2026 3:30,13031.82,59.94,-0.03,247.53,12.95,1421.41,4742.29,1.42,0,0.13
15/01/2026 4:00,13157.68,59.43,-0.07,266.99,4.22,1473.37,4761.02,1.46,0,0.15
15/01/2026 4:30,13500.85,59.79,0,274.53,17.7,1556.88,4732.05,1.46,0,0.15
15/01/2026 5:00,13602.29,59.48,0,297.99,156.62,1537.74,4834.5,6.2,0,0.15
15/01/2026 5:30,13804.28,61.11,0,296.13,194.02,1680.24,5032.14,117.19,0,0.52
15/01/2026 6:00,13756.51,60.9,0,287.46,107.22,1643.83,5077.34,1040.28,0,4.81
15/01/2026 6:30,13189.04,47.65,-0.03,218.96,73.4,1362.43,4935.61,3283.19,0,8.89
15/01/2026 7:00,12287.56,48.65,0,218.04,7.65,1259.58,4615.29,6148.05,0,15.71
15/01/2026 7:30,11634.94,47.79,0,217.84,34.6,1202.79,4439.66,8301.43,0,367.42
15/01/2026 8:00,11500.09,47,0,217.19,53.77,993.9,4123.28,9933.53,171.32,709.27
15/01/2026 8:30,11201.47,47.7,-0.1,217.7,70.58,961.01,3923.49,11350.48,271.35,1008.72
15/01/2026 9:00,10919.52,46.59,0,218.52,319.36,935.51,3511.84,12569.22,502.15,1200.4
15/01/2026 9:30,11604.54,46.98,0,244.56,74.68,993.97,2861.11,13830.59,853.39,1267.73
15/01/2026 10:00,11322.04,46.54,0,285.15,25.21,946.49,2947.7,15114.13,986.42,1380.08
15/01/2026 10:30,10993.39,45.91,-0.02,364.62,249.32,878.26,3180.43,15488.46,865.15,1621.03
15/01/2026 11:00,10837.34,46.69,0,382.11,216.73,724.91,3352.75,15373.34,973.85,1825.2
15/01/2026 11:30,10859.78,46.95,0,378.85,68.48,672.2,3548.2,15723.48,928.04,1802.56
15/01/2026 12:00,10583.4,47.1,-0.02,310.81,86.36,657.95,3688.64,16597.57,1043.57,1552.45
15/01/2026 12:30,10495.5,47.45,0,254.45,4.64,643.5,3905.64,16753.2,1653.76,1677.16
15/01/2026 13:00,10530.67,47.75,0,265.28,289.61,623.09,3884.32,16793.46,1984.87,1495.54
15/01/2026 13:30,10501.26,47,0,267.49,373.2,684.93,3970.4,16352.85,2224.4,1592.21
15/01/2026 14:00,10922.65,47.34,0,275.45,143.91,673.82,4266.32,15846.22,2469.56,1428.91
15/01/2026 14:30,11247.79,49.86,0,285.89,84.71,687.34,4410.21,15626.08,2742.37,1395.23
15/01/2026 15:00,11472.21,54.47,-0.02,360.39,237.86,690.61,4727.66,14796.05,2647.99,1494.99
15/01/2026 15:30,12233.49,59.33,0,332.63,35.79,701.1,4701.94,14000.46,2735.86,1281.18
15/01/2026 16:00,13102.43,61.49,0,368.57,139.58,907.05,4540.69,12514.49,2745.62,1151.78
15/01/2026 16:30,13703.66,61.26,0,442.58,237.78,1116.05,4780.38,10806.33,2685.44,1093.47
15/01/2026 17:00,14032.87,60.62,0,654.91,520.49,1489.87,5345.23,8621.23,2372.57,723.26
15/01/2026 17:30,13701.08,59.53,0,874.73,640.3,1671.83,5909.09,6950.63,1877.75,378.15
15/01/2026 18:00,13973.48,59.96,-0.02,1159.11,1102.16,1471.79,6433.48,4767.06,1293.71,344.86
15/01/2026 18:30,14427.82,59.28,0,1614.17,1009.5,1915.92,6312.88,2808.16,1338.22,137.18
15/01/2026 19:00,14622.6,60.49,0,1763.21,1229.75,2180.97,6543.72,1215.68,1124.56,25.28
15/01/2026 19:30,14775.18,59.32,0,1939.46,987.18,2155.46,6866.92,291.08,889.56,0.93
15/01/2026 20:00,14756.9,59.45,0,2124.28,741.23,2094.17,6907.47,34.96,979.55,0.19
15/01/2026 20:30,14661.75,60.49,0,1631.29,745.09,1850.24,7162.28,2.45,976.07,0.17
15/01/2026 21:00,14535.66,59.4,0,1554.12,526.43,1574.23,7283.48,0.99,931.01,0.18
15/01/2026 21:30,14384.87,59.33,-0.02,1331.79,634.6,1623.51,7022.51,0.96,981.99,0.15
15/01/2026 22:00,13930.21,58.67,-0.07,1236.55,688.37,1479.24,6947.76,0.97,867.12,0.18
15/01/2026 22:30,13463.96,59.48,0,1084.49,440.29,1147.23,7165.93,0.98,615.89,0.16
15/01/2026 23:00,13256.03,60.1,0,974.25,377.9,1088.55,6977.01,1.01,529.52,0.2
15/01/2026 23:30,13099.07,60.72,0,1010.6,156.85,1082.26,7114.34,0.97,381.54,0.18
16/01/2026 0:00,12746.94,61.32,0,953.22,109.34,930.14,7204.21,1,479.21,0.19
16/01/2026 0:30,12468.79,60.75,-0.02,858.76,40.01,877.73,7205.18,1,459.13,0.19
16/01/2026 1:00,12458.19,60.73,-0.07,741.09,75,890.19,7026.16,0.98,462.64,0.17
16/01/2026 1:30,12512.31,59.59,0,642.79,46.83,845.66,6749.71,0.99,504.03,0.18
16/01/2026 2:00,12236.67,59.44,-0.05,678.83,58.56,826.19,6633.72,0.98,546.1,0.17
16/01/2026 2:30,11934.89,59.14,0,751.86,33.94,824.1,6626.19,0.99,633.28,0.19
16/01/2026 3:00,11975.32,58.53,0,717.35,32.3,833.79,6543.72,1,675.33,0.19
16/01/2026 3:30,12099.2,60.25,0,464.04,3.29,964.25,6583.17,0.96,630.73,0.16
16/01/2026 4:00,12135.85,60.74,0,260.63,44.71,1010.27,6663.34,0.99,648.15,0.17
16/01/2026 4:30,12361.22,60.99,0,259.26,71.94,964.3,6697.36,0.95,534.04,0.15
16/01/2026 5:00,12655.78,59.8,-0.07,259.71,21.38,1127.25,6748.77,4.83,379.61,0.17
16/01/2026 5:30,12827.72,61.54,0,260.6,22.41,1180.03,6855.74,109.64,230.46,0.35
16/01/2026 6:00,12719.22,59.66,-0.03,259.15,27.29,1066.43,6827.71,1072.56,187.28,2.71
16/01/2026 6:30,11952.83,48.91,-0.02,249.62,21.65,876.22,6569.78,3494.06,237.16,14.45
16/01/2026 7:00,11593.75,46.9,0,251.6,57.53,835.2,5787.93,6072.86,829.32,306.32
16/01/2026 7:30,11173.62,46.82,0,249.23,13.83,1057.84,4952.16,8325.89,1534.42,770.82
16/01/2026 8:00,10834.78,46.55,-0.03,250.32,14.14,1053.56,4725.39,10094.17,1904.36,1356.56
16/01/2026 8:30,10731.63,46.49,-0.03,250.24,33.66,965.55,4343.35,11584.87,2226.4,1618.83
16/01/2026 9:00,10579.91,46.56,0,249.42,33.55,952.54,4139.19,12826.76,2280.6,2073.04
16/01/2026 9:30,10078.21,46.48,-0.02,248.95,41.48,915.48,3801.16,14781.93,2662.71,2046.74
16/01/2026 10:00,9689.32,46.47,-0.05,248.21,54.39,777.84,3651.72,16459.47,2844.06,2081.11
16/01/2026 10:30,9559.16,46.59,0,245.28,134.46,775.27,3597.91,17792.26,2890.35,1924.62
16/01/2026 11:00,9601.43,47.18,0,247.97,135.49,781.83,3474.01,18351.63,3036.97,2002.49
16/01/2026 11:30,9783.6,46.29,0,245.58,140.09,807.22,3333.48,18528.41,3219.29,1969.89
16/01/2026 12:00,9907.02,46.56,0,251.82,13.47,794.96,3239.65,18700.63,3436.66,2225.84
16/01/2026 12:30,9835.17,46.81,-0.02,287.74,5.8,714.04,3403.44,18685.3,3368.16,2112.88
16/01/2026 13:00,9554.2,46.37,-0.07,385.22,85.19,669.46,3653.24,18650.51,3250.5,1853.32
16/01/2026 13:30,9329.93,45.94,0,447.91,174.02,540.77,3675.5,18790.73,3491.63,1674.26
16/01/2026 14:00,9622.94,46.55,0,488.59,29.26,656.44,4047.35,18354.7,3341.43,1795.56
16/01/2026 14:30,9659.74,45.45,-0.02,500.18,20.24,631.38,4025.53,17912.96,3587.49,1730.82
16/01/2026 15:00,9995.43,48.96,0,516.67,132.37,707.1,4368.64,16551.52,3478.4,1729.55
16/01/2026 15:30,10267.53,57.04,0,670.34,296.16,743.15,4465.01,15372.63,3565.07,2009.26
16/01/2026 16:00,10822.33,59.27,0,918.41,53.08,806.41,4570.1,14224.7,3614.73,1899.34
16/01/2026 16:30,11490.42,61.32,0,1040.72,283.66,836.63,4664.17,12842.89,3377.56,1726.1
16/01/2026 17:00,11734.56,61.42,79.29,1295.08,441.54,811.51,5360.44,10890.46,3086.7,1487.38
16/01/2026 17:30,12060.65,61.9,164.37,1517.55,1045.96,884.42,5689.88,8304.54,2745.66,1028.47
16/01/2026 18:00,12353.41,61.55,128.38,2036.73,1345.71,955.25,6175.13,5764.99,2229.34,593.67
16/01/2026 18:30,12533.72,61.78,62.11,2171.57,1446.45,1098.38,7379.01,3160.6,1003.81,206.17
16/01/2026 19:00,12881.52,62.37,1,2343.2,1088.92,1521.91,7936.57,1364.99,545.09,22.17
16/01/2026 19:30,13042.31,62.6,0,2197.7,1259.13,1518.48,8326.25,366.77,254.43,3.17
16/01/2026 20:00,13079.88,63.03,0,1959.87,1265.67,1452.89,8452.33,54.01,217.25,3.2
16/01/2026 20:30,13286.34,62.78,-0.02,1887.24,923.07,1374.83,8460.34,4.06,201.6,3.19
16/01/2026 21:00,13322.35,62.38,0,1823.36,577.31,1164.86,8462.97,0.59,268.23,3.16
16/01/2026 21:30,13226.62,61.99,0,1614.93,380.19,1119.69,8468.39,0.61,247.97,3.21
16/01/2026 22:00,13102.28,62.11,0,1240.27,395.05,1049.36,8313.83,0.59,340.53,3.18
16/01/2026 22:30,12755.4,62.19,0,1240.7,389.82,889.14,8217.19,0.6,501.12,3.17
16/01/2026 23:00,12602.37,62.09,0,1116.04,202.99,711.05,8212.73,0.63,487.5,3.21
16/01/2026 23:30,12451.64,62.07,0,1013.58,239.98,708.53,8131.95,0.61,417.94,3.19
17/01/2026 0:00,12325.09,62.25,0,888.38,234.91,691,7927,0.65,417.95,3.24
17/01/2026 0:30,12142.68,62.04,0,676.4,94.92,663.83,7882.69,0.61,417.77,3.19
17/01/2026 1:00,11850.68,61.93,0,655.83,82.88,648.03,7821.88,0.59,608.93,3.19
17/01/2026 1:30,11559.34,62.17,0,655.26,42.16,626.72,7724.87,0.59,702.88,3.18
17/01/2026 2:00,11507.75,62.25,0,655.16,24.76,555.27,7625.45,0.59,776.2,3.17
17/01/2026 2:30,11303.55,62.26,0,657.99,15.74,547.03,7482.36,0.58,896.51,3.17
17/01/2026 3:00,11286.41,62.38,-0.07,658.43,37.25,555.2,7282.96,0.6,936.97,3.17
17/01/2026 3:30,11302.15,62.31,-0.08,657.71,56.1,568.01,7120.95,0.6,942.89,3.21
17/01/2026 4:00,11239.41,62.36,-0.02,658.35,81.78,579.47,7042.76,0.58,850.59,3.16
17/01/2026 4:30,11126.15,63.21,-0.02,658.8,187.53,644.11,7040.08,0.58,803.89,3.16
17/01/2026 5:00,11206.38,63.02,-0.03,505.79,192.42,813.37,6994.57,3.66,655.01,3.15
17/01/2026 5:30,11373.58,61.48,-0.07,282.02,271.07,904.27,6984.52,89.68,433.45,3.16
17/01/2026 6:00,11107.54,60.77,-0.13,267.35,182.13,815.36,6843.03,989.14,379.01,12.88
17/01/2026 6:30,10324.21,48.83,0,213.68,78.76,770.95,6314.52,3244.96,763.67,162.14
17/01/2026 7:00,9166.6,48.65,0,208.2,30.64,695.26,5562.72,6073.75,1008.15,444.83
17/01/2026 7:30,8605.1,48.85,-0.02,209.22,12.18,697.05,5074.75,8550.42,1190.49,538.45
17/01/2026 8:00,8244.69,49.11,-0.03,209.33,13.43,777.15,4590.81,10324.03,1658.18,773.5
17/01/2026 8:30,7848.34,48.53,-0.02,258.01,13.61,768.5,4114.09,12277.62,1852.74,1063.61
17/01/2026 9:00,7716.8,48.32,0,330.83,14.39,706.32,3709.22,14132.82,2366.92,1608.46
17/01/2026 9:30,7682.73,47.98,0,374.55,10.43,641.18,3430.31,15745.4,2522.97,1885.22
17/01/2026 10:00,7720.33,47.06,0,377.49,20.9,618.09,3194.7,16823.29,2345.5,1937.71
17/01/2026 10:30,7809.24,46.24,0,328.81,3.12,600.77,3085.56,17983.73,2215.52,2006.61
17/01/2026 11:00,7797.91,46.49,0,250.38,12.7,602.42,3053.44,18383.13,2082.14,2373.73
17/01/2026 11:30,7976.89,46.94,0,250.56,16.61,493.02,2925.18,18863.83,2205.56,2364.41
17/01/2026 12:00,7962.18,45.9,0,249.56,18.23,508.61,2997.02,18997.42,2094.68,1863.89
17/01/2026 12:30,8010.33,46.85,0,242.58,24.59,496.95,3020.9,19076.19,1970.23,1473.75
17/01/2026 13:00,8135.32,46.38,0,249.33,26.26,562.16,3037.15,18895.63,1935.45,1470.82
17/01/2026 13:30,8326.99,46.8,0,248.48,34.16,532.11,3146.99,18600.28,2056.46,1487.18
17/01/2026 14:00,8375.19,47.42,0,248.51,52.72,594.87,3476.64,18058.45,2109.83,1274.65
17/01/2026 14:30,8483.35,48.51,0,250.43,61.69,550.97,3886.82,16830.57,2091.15,1285.01
17/01/2026 15:00,8908.98,52.57,0,272.69,80.65,644.74,4124.72,15459.78,2005.11,993.89
17/01/2026 15:30,9590.05,57.08,0,322.2,103.43,762.02,4231.79,14518.11,1997.75,1018.66
17/01/2026 16:00,9995.78,58.66,0,416.58,176.65,850.03,4784.92,13003.82,1865.02,1139.54
17/01/2026 16:30,10386.83,58.45,0,579.57,145.81,850.2,5475.82,11781.92,1457.33,926.29
17/01/2026 17:00,10887.78,59.11,0,701.61,238.58,1065.58,6019.34,9814.87,1439.45,759.38
17/01/2026 17:30,11362.44,60.3,0,835.97,170.03,1130.45,6545.06,8139.71,1316.64,294.06
17/01/2026 18:00,11913.78,60.49,0,1045.23,408.57,1332.87,7044.55,5791.08,1132.57,136.79
17/01/2026 18:30,12542.6,60.33,0,1202.58,563.29,1247.24,8122.4,3254.27,306.37,14.35
17/01/2026 19:00,12869.67,59.86,0,1206.7,1217.07,1256.55,8534.12,1321.58,57.12,3.22
17/01/2026 19:30,12976.66,60.47,0,1204.58,1287.36,1283.17,8703.6,370.16,2.8,3.2
17/01/2026 20:00,13066.92,59.78,0,1098.98,1073.28,1282.54,8714.19,57.3,1.6,3.19
17/01/2026 20:30,13198.54,60.27,0,878.58,883.39,1202.61,8623.33,4.34,0,3.18
17/01/2026 21:00,13054.02,61.13,0.01,877.02,527.05,1204.27,8750.8,0.42,4.24,3.19
17/01/2026 21:30,12863.9,62.44,0,821.13,291.01,1148.37,8744.8,0.4,0,3.16
17/01/2026 22:00,12630.61,61.97,0,870.69,190.63,943.08,8676.99,0.4,0,3.17
17/01/2026 22:30,12192.74,62.64,0,792.09,287.76,896.01,8510,0.47,0,3.19
17/01/2026 23:00,11791.34,62.82,0,724.04,327.79,887.17,8355.94,0.68,0,3.18
17/01/2026 23:30,11867,62.86,0,650.56,156.36,863.5,8242.29,0.77,0,2.2
18/01/2026 0:00,11737.18,62.88,-0.02,647.36,120.38,866.36,7966.86,0.68,0,0.18
18/01/2026 0:30,11366.66,62.64,0,512.15,99.85,882.81,7937.33,0.62,4.33,0.17
18/01/2026 1:00,11420.44,62.7,0,296.66,113.44,759.75,7759.69,0.69,26.65,0.17
18/01/2026 1:30,11381.25,62.66,0,297.48,197.09,799.28,7268.82,0.68,62.9,0.15
18/01/2026 2:00,11364.69,61.97,-0.03,298.12,134.67,783.48,7038.67,0.72,83.76,0.19
18/01/2026 2:30,11214.67,62.27,-0.02,296.83,137.31,699.91,6967.37,0.88,10.28,0.13
18/01/2026 3:00,11157.87,62.41,0,297.5,181.51,704.76,6860.74,0.77,0,0.15
18/01/2026 3:30,10928.44,63.09,0,297.56,215.54,711.8,6959.53,0.85,5.03,0.17
18/01/2026 4:00,10968.35,62.57,0,297.76,236.51,689.95,6846.78,0.93,0,0.18
18/01/2026 4:30,11187.65,62.21,0,296.04,263,700.95,6603.27,0.81,6.23,0.17
18/01/2026 5:00,11282.56,62,-0.05,294.47,359.01,668.49,6534.55,2.28,0,0.17
18/01/2026 5:30,11547.95,61.76,0,297.45,370.84,665.13,6306.9,61.8,0,0.14
18/01/2026 6:00,11149.93,61.2,0,281.75,89.29,697.19,6382.23,861.71,5.16,0.35
18/01/2026 6:30,9852.51,50.45,-0.08,251.09,73.82,669.43,6123.78,3015.98,16.44,3.99
18/01/2026 7:00,8958.62,49.96,0,251.21,28.8,529.62,5208.62,5861.26,456.1,244.06
18/01/2026 7:30,8341.53,49.99,0,248.61,53.06,658.09,4719.74,8343.52,875.74,480.19
18/01/2026 8:00,7897.36,49.66,0,251.03,68.92,693.4,4326.48,10134.77,1154.6,894.02
18/01/2026 8:30,7683.56,49.21,0,249.07,16.14,791.29,3925.3,11872.52,1298.21,1114.93
18/01/2026 9:00,7466.92,49.78,0,247.46,30.72,745.6,3677.45,13511.92,1358.77,1510.17
18/01/2026 9:30,7530.27,49.73,0.02,246.26,17.2,703.3,3334.54,15231.3,1286.41,1717.69
18/01/2026 10:00,7773.12,49.49,0.05,246.47,20.87,576.55,3179.75,16424.49,1170.29,1746.89
18/01/2026 10:30,7825.76,48.14,0.1,245.54,9.37,580.82,3003.66,17295.45,997.78,1695.52
18/01/2026 11:00,7724.25,46.29,0.16,247.8,11.65,588.57,2985.98,17861.28,778.41,1544.78
18/01/2026 11:30,7784.68,46.75,0.22,248.94,21.68,616.99,2826.1,18465.82,593.45,1482.77
18/01/2026 12:00,7843.51,47.4,0.28,247.65,0.62,589.56,2781.41,18764.78,492.07,1554.34
18/01/2026 12:30,7985.4,47.85,0.36,247.26,6.77,571.4,2881.07,18936.55,507.86,1583.73
18/01/2026 13:00,8089.42,47.64,0.42,249.07,16.03,484.36,2973.29,18999.9,500.73,1769.25
18/01/2026 13:30,8174.26,48.09,0.47,247.69,12.57,503.18,2881.2,18568.08,579.71,1625.28
18/01/2026 14:00,8201.89,46.98,0.53,245.93,11.44,530.26,3030.98,17980.45,602.94,1404.03
18/01/2026 14:30,8349.09,50.37,0.59,246.77,33.28,590.15,3245.95,17186.62,485.56,1238.03
18/01/2026 15:00,8466.32,55.41,0.67,246.43,44.97,638.97,3393.72,16682.47,428.61,667.93
18/01/2026 15:30,8691.13,58.57,0.77,252.24,40.74,756.71,3699.76,15775.05,371.31,458.17
18/01/2026 16:00,9195.67,60.48,0.84,337.98,3.69,785.08,4296.94,14311.96,312.84,369.89
18/01/2026 16:30,10041.01,60.69,0.94,510.75,21.06,853.95,4747.69,12553.43,250.31,305.43
18/01/2026 17:00,11149.31,61.21,1.05,595,63.6,967.45,4802.97,11261.41,41.01,139
18/01/2026 17:30,12199.07,61.6,1.17,802.19,333.26,961.56,5249.92,9149.04,54.61,133.82
18/01/2026 18:00,12955.42,58.45,1.25,904.58,822.45,1220.37,5664.04,6673.67,68.76,33.94
18/01/2026 18:30,13535.33,61.13,1.25,1033.03,1453.89,1605.12,5856.34,3893.75,0.99,0.7
18/01/2026 19:00,13983.65,61.42,7.17,1119.23,2372.79,1819.04,5873.64,1498.83,12.78,0.18
18/01/2026 19:30,14195.97,61.86,32.91,1284.76,2708.03,1882.64,5809.47,342.29,23.38,0.22
18/01/2026 20:00,14140.69,62.69,17.47,1382.89,2204.12,1917.89,5941.02,45.74,20,0.15
18/01/2026 20:30,14132.52,63.02,0.95,1278.72,1651.3,1816.26,6238.24,3.68,0,0.18
18/01/2026 21:00,14060.2,63.09,0.84,1183.48,1168.55,1494.99,6564.45,1.17,0,0.17
18/01/2026 21:30,14079.74,63.14,0.74,1044.7,758.4,1351.73,6693.76,1.19,0,0.18
18/01/2026 22:00,13820.93,63.15,0.64,921.12,488.45,1256.93,6773.53,1.12,0,0.17
18/01/2026 22:30,13390.69,62.46,0.57,846.39,431.77,1233.48,6675.61,1.13,0,0.18
18/01/2026 23:00,13129.35,62.63,0.51,745.52,238.92,1054.89,6747.24,1.09,0,0.14
18/01/2026 23:30,12838.46,62.84,0.45,713.47,177.85,1007.55,6889.53,1.14,0,0.15
19/01/2026 0:00,12703.11,62.9,0.4,716.92,151.36,743.57,6930.92,1.15,0,0.18
19/01/2026 0:30,12017.59,62.84,0.35,715.74,87.02,808.65,7039.08,1.13,0,0.18
19/01/2026 1:00,11611.53,62.83,0.31,718.52,86.06,804.61,7105.27,1.13,0,0.18
19/01/2026 1:30,11634.15,62.59,0.27,718.25,83.79,798.19,6777.18,1.1,0,0.16
19/01/2026 2:00,11553.51,62.55,0.23,568.69,27.74,784.25,6814.89,1.14,0,0.17
19/01/2026 2:30,11906.15,62.34,0.2,341.91,19.92,737.38,6678.61,1.12,0,0.18
19/01/2026 3:00,11676.35,61.32,0.17,341.56,87.61,693.77,6688.3,1.1,23.84,0.14
19/01/2026 3:30,11584.92,62.27,0.14,342.8,49.76,738.6,6679.58,1.11,0,0.17
19/01/2026 4:00,11639.02,62.66,0.12,341.93,49.87,843.83,6699.34,1.11,22.56,0.17
19/01/2026 4:30,11840.65,62.21,0.09,342.23,60.5,1002.8,6621.59,1.17,140.97,0.19
19/01/2026 5:00,12061.31,61.49,0.08,341.34,59.39,1082.45,6804.83,3.89,147.67,0.17
19/01/2026 5:30,12459.2,49.22,0.05,341.92,244.1,1187.6,6708.21,83.85,135.94,0.18
19/01/2026 6:00,12539.32,39.14,0.03,343.41,100.94,1151.67,6683.02,1024.27,138.78,0.39
19/01/2026 6:30,11404.97,34.13,0.02,344.13,43.59,1035.29,6806.98,3459.72,181.87,38.27
19/01/2026 7:00,10213.3,33.05,0.01,337.25,22.92,865.4,6411.25,6715.96,738.12,380
19/01/2026 7:30,9540.43,32.9,0.01,312.83,35.56,859.19,6178.86,9530.42,946.95,761.59
19/01/2026 8:00,9086.04,32.56,0.01,297.61,47.9,812.56,5678.92,11576.36,1226.45,1157.26
19/01/2026 8:30,8701.17,34.41,0.01,276.91,33.72,841.4,5478.93,13273.63,1226.28,1385.39
19/01/2026 9:00,8614.64,36.19,0.01,272.95,16.29,798.55,5205.11,14529.46,1450.85,1426.79
19/01/2026 9:30,8464.99,36.48,0.01,257.85,59.02,694.88,4779.75,16186.4,1847.26,1474.31
19/01/2026 10:00,8410.06,35.87,0.04,257.15,6.17,636.57,4429.46,17706.56,1811.01,1653.94
19/01/2026 10:30,8359.99,36.69,0.05,249.53,0.75,615.55,4032.46,19344.42,1687.76,1493.57
19/01/2026 11:00,8340.52,36.73,0.08,244.65,4.29,616.94,3752.62,20062.87,1466.47,1717.83
19/01/2026 11:30,8273.16,36.04,0.09,245.6,3.98,598.13,3753.64,20361.07,1228.36,1613.82
19/01/2026 12:00,8298.72,36.32,0.12,242.32,10.66,609.7,3586.95,20327.91,1043.47,1671.99
19/01/2026 12:30,8203.61,36.23,0.16,233.69,5.89,624.59,3523.12,20356.24,975.9,1739.83
19/01/2026 13:00,8505.18,35.55,0.19,234.25,22.06,631.8,3583.35,20349.7,883.08,1660.11
19/01/2026 13:30,9034.3,34.98,0.22,234.13,8.47,656.42,3695.74,19607.25,866.15,1758.57
19/01/2026 14:00,9647.47,35.11,0.25,234.95,90.92,674.31,3716.07,18684.47,881.05,1633.92
19/01/2026 14:30,10142.9,34.58,0.27,234.41,8.93,655.1,3648.16,18043.31,794.25,1315.2
19/01/2026 15:00,10534.79,37.45,0.31,233.24,176.73,617.19,3831.17,17396.71,861.21,1104.12
19/01/2026 15:30,11115.42,40.47,0.36,233.11,145.09,806.34,3815.53,16353.2,1199.15,980.52
19/01/2026 16:00,11419.21,43.92,0.41,234.59,46.66,803.33,4288.77,15351,839.93,773.36
19/01/2026 16:30,11863.85,47.33,0.45,242.88,43.83,796.92,4711.55,13787.99,716.51,855.83
19/01/2026 17:00,12740.45,47.16,0.5,249.05,28.25,877.6,5002.6,11799.87,694.66,395.53
19/01/2026 17:30,13261.95,46.89,0.55,292.97,105.12,934.83,5305.32,9998.34,801.73,341.57
19/01/2026 18:00,13712.26,46.87,0.59,309.35,465.72,1100.25,6250.44,7298.6,533.08,98.45
19/01/2026 18:30,14154.56,47.02,0.62,393.27,854.62,1658.27,7118.83,3970.3,49.89,18.33
19/01/2026 19:00,14576.94,47.39,0.65,453.4,1447.45,1903.67,7532.89,1343.05,0,17.8
19/01/2026 19:30,14653.12,47.4,0.67,462.12,1316.85,2111.11,7842.89,355.38,0,18.1
19/01/2026 20:00,14502.78,47.81,0.63,472.68,1290.87,2166.07,7612.11,57.63,0,18.07
19/01/2026 20:30,14311.81,47.89,0.6,471.89,1284.17,2134.78,7311.06,5.5,0,18.07
19/01/2026 21:00,14305.21,47.77,0.54,340.32,1048.2,2075.93,7096.25,1.68,0,18.07
19/01/2026 21:30,13867.92,47.87,0.47,322.68,949.08,1999.71,7286.41,1.59,67.08,18.07
19/01/2026 22:00,13832.48,47.96,0.4,323.51,629.68,1913.46,6965.76,1.62,328.09,18.07
19/01/2026 22:30,13878.58,47.8,0.34,323.94,597.29,1591.56,6598.89,1.69,300.27,18.07
19/01/2026 23:00,13534.02,48.21,0.29,323.04,383.45,1491.27,6661.71,1.48,307.19,18.07
19/01/2026 23:30,13356.15,48.3,0.25,322.05,207.02,1544.92,6503.79,1.29,301.22,18.07
20/01/2026 0:00,13476.01,47.83,0.2,321.18,281.64,1402.61,5964.85,1.22,302.85,18.07
20/01/2026 0:30,13187.52,48.19,0.17,320.46,330.04,1336.11,5735.56,1.36,302.78,18.07
20/01/2026 1:00,13012.92,48.11,0.14,320.95,229,1136.5,5806.34,1.43,272.84,18.07
20/01/2026 1:30,13034.45,47.49,0.12,322.06,207.16,1088.73,5457.15,1.44,234.01,18.07
20/01/2026 2:00,13032.65,47.48,0.09,321.63,185.34,1136.83,5095.63,1.4,276.53,18.07
20/01/2026 2:30,12851.67,47.47,0.08,322.89,452.89,1122.86,4746.75,1.43,298.28,18.07
20/01/2026 3:00,12961.79,47.5,0.04,322.25,451.4,1174.98,4429.69,1.34,300.31,18.07
20/01/2026 3:30,13209.37,47.79,0,320.84,422.06,1085.65,4304.75,1.33,300.45,18.07
20/01/2026 4:00,13245.54,47.8,0,322.65,559,1118.04,4246.52,1.47,302.36,18.07
20/01/2026 4:30,13416.74,47.31,0,338.61,532.58,1227.12,4268.06,1.46,302.32,18.07
20/01/2026 5:00,13573.11,47.31,-0.02,335.36,813.66,1445.61,4207.29,4.31,303.21,18.07
20/01/2026 5:30,13936.08,47.19,-0.02,341.48,928.86,1541.66,4120.18,89.89,303.22,18.07
20/01/2026 6:00,13960.8,40.23,0,348.98,786.95,1482.44,4223.6,927.92,297.6,18.07
20/01/2026 6:30,13514.98,34.13,-0.02,439.73,473.95,1373.2,3935.51,3081.13,142.77,19.42
20/01/2026 7:00,12424.45,34.2,-0.02,348.46,201.43,1153.95,3623.8,6188.86,14.54,139.74
20/01/2026 7:30,11488.46,33.52,0,284.14,187.76,1112.46,3166.1,8976.35,24.88,519.58
20/01/2026 8:00,10833.1,33.12,0,264.93,49.62,1013.73,2751.49,11492.14,28.5,626.26
20/01/2026 8:30,9813.09,32.93,-0.02,252.17,13.12,940.5,2505.56,14015.89,58.19,715.35
20/01/2026 9:00,9215,33.22,0,253.23,34.59,940.02,2070.67,16031.32,158.01,617.38
20/01/2026 9:30,8936.44,35.24,0,255.43,51.7,921.16,1925.55,17356.87,113.7,573.23
20/01/2026 10:00,8640.56,35.25,0,255.82,182.82,879.93,1718.97,18606.24,138.16,704.41
20/01/2026 10:30,8536.81,35.67,0,248.98,4.02,815.95,1802.35,19531.76,118.87,741.33
20/01/2026 11:00,8557.55,35.45,0,253.35,221.98,814.79,1888.07,19782.38,162.08,784.07
20/01/2026 11:30,8506.35,36.13,0.04,252.26,13.53,764.32,1874.4,20148.36,201.55,831.32
20/01/2026 12:00,8620.59,36.34,0,254.5,16.67,774.21,1983.21,20166.97,207.64,979.18
20/01/2026 12:30,8681.83,35.99,0,252.73,8.38,753.1,1955.82,20623.37,279,933.11
20/01/2026 13:00,8918.08,36.33,0,251.9,2.31,772.61,2230.27,20883.77,220.08,800.43
20/01/2026 13:30,9013.13,36.09,0,251.72,3.65,772.65,2387.64,20886.48,235.62,600.33
20/01/2026 14:00,9137.69,35.75,0,249.49,8.49,808.52,2593.33,20477.14,220.05,689.29
20/01/2026 14:30,8965.8,34.76,0,233.99,11.09,811.31,2749.93,19851.84,245.92,660.98
20/01/2026 15:00,9056.59,38.9,0,249.37,10.71,868.6,2927.29,19039.79,207.97,671.59
20/01/2026 15:30,9760.38,43.4,0,252.92,37.9,920.57,3084.33,17612.64,214.77,604.06
20/01/2026 16:00,10657.07,48.01,0,256.02,11.4,949.69,3264.63,16058.47,221.83,565.79
20/01/2026 16:30,11850.05,48.6,0,253.56,213.8,1075.77,3470.11,13804.23,254.57,480.42
20/01/2026 17:00,12999.26,48.42,0,281.25,464.96,1379.85,4021.52,11245.79,81.47,461.96
20/01/2026 17:30,14186.63,48.43,0.87,352.76,609.19,1618.96,4566.08,8434.32,69.6,433.6
20/01/2026 18:00,15034.88,48.68,4.33,582.44,925.04,1827.81,5035.07,5852.56,74.99,235.77
20/01/2026 18:30,15491.62,48.78,0,695.9,1420.59,2142.3,5339.71,3197.75,49.04,108.55
20/01/2026 19:00,15745.81,48.85,0,697.06,1862.53,2354.9,5466.7,1284.09,61.21,25.28
20/01/2026 19:30,15608.76,48.73,0,698.7,2050.02,2339.44,5620.76,332.38,251.56,21.11
20/01/2026 20:00,15532.42,48.86,0,698.99,1647.18,2244.3,5820.72,51.85,307.39,21.12
20/01/2026 20:30,15614.8,48.69,0,796.63,1108.03,2094.67,5858.51,5.21,305.96,21.12
20/01/2026 21:00,15609.39,48.74,0,685.68,889.23,1990.02,5767.52,1.78,301.66,21.11
20/01/2026 21:30,15593.06,48.72,0,327.72,696.38,2084.5,5666.35,1.69,273.74,21.08
20/01/2026 22:00,15480.31,48.79,-0.05,321.89,243.61,2128.92,5434.02,1.61,258.2,21.08
20/01/2026 22:30,15112.18,48.91,0,321.3,98.62,1918.16,5317.54,1.5,209.78,21.08
20/01/2026 23:00,14792.61,48.74,0,321.56,61.52,1773.7,5214.71,1.54,96.61,21.08
20/01/2026 23:30,14545.12,48.85,0,321.84,78.79,1872.51,5095.9,1.6,55.6,21.08
21/01/2026 0:00,14402.51,48.62,0,322.02,53.44,1735.69,4961.3,1.55,8.01,21.08
21/01/2026 0:30,14205.52,48.53,-0.03,323.23,24.17,1502.99,4797.72,1.63,3.47,21.08
21/01/2026 1:00,13942.13,48.32,0,324.22,84.54,1428.42,4650.78,1.49,6.16,20.08
21/01/2026 1:30,13810.57,48.25,0,323.34,27.17,1369.33,4513.46,1.47,21.27,18.07
21/01/2026 2:00,13778.84,48.43,0,323.75,37.62,1348.53,4317.09,1.41,25.62,18.07
21/01/2026 2:30,13848.95,48.36,-0.02,322.13,16.67,1357.33,4001.2,1.37,8.04,18.07
21/01/2026 3:00,13759.27,48.35,0,323.21,10.73,1362.36,3806.87,1.38,0.89,18.07
21/01/2026 3:30,13766.7,48.35,0,323.49,5.18,1414.75,3714.9,1.34,32.16,18.07
21/01/2026 4:00,13987.8,48.3,0,326.74,32.82,1520.43,3512.1,1.31,77.75,18.07
21/01/2026 4:30,14377.98,48.34,0,369.75,21.73,1747.84,3274.54,1.26,90.98,18.07
21/01/2026 5:00,14795.63,47.85,-0.03,400.19,73.2,1888.89,3020.5,5.45,4.52,18.07
21/01/2026 5:30,14867.8,47.67,0,415.78,405,2142.77,2934.84,107.1,31.97,18.07
21/01/2026 6:00,14811.98,47.18,0,417.42,412.17,2261.5,2801.89,1036.28,77.51,18.21
21/01/2026 6:30,14021.53,40.28,0,351.1,121.96,1934.85,2634.4,3736.01,60.89,38.14
21/01/2026 7:00,12874.85,37.83,0,367.8,66.72,1344.4,2128.71,7241.32,43.95,290.51
21/01/2026 7:30,11812.59,36.43,0,273.16,48.04,1247.94,1681.84,10190.74,46.68,654.17
21/01/2026 8:00,10743.03,34.44,0,253.89,8.23,1213.38,1555.96,12775.36,105.74,873.75
21/01/2026 8:30,9852.16,33.94,0,255.32,19.17,1157.98,1625.61,14789.83,19.63,960.05
21/01/2026 9:00,9308.18,34.28,0,250.79,6.66,1082.42,1723.79,16305.01,6.39,1101.41
21/01/2026 9:30,8930.44,34.32,-0.02,252.1,10.77,1028.91,1684.44,17648.8,150.26,1190.99
21/01/2026 10:00,8782.54,34.17,0,251.21,15.1,1013.6,1870.1,18616.94,211.9,1154.37
21/01/2026 10:30,8854.2,35.63,0,250.84,13.63,978.41,2002.43,18905.94,528.49,1451.21
21/01/2026 11:00,8928.6,42.93,0,251.98,10.69,865,1970.51,19568.69,1092.08,1580.26
21/01/2026 11:30,8793.95,46.79,0,250.12,50.24,854.25,1989.87,19851.41,1349.63,1980.35
21/01/2026 12:00,8833.51,33.7,-0.02,254.81,51.65,788.97,2284.36,19829.2,1320.38,2156.53
21/01/2026 12:30,8731.56,34.11,0,255.59,78.93,754.6,2510.76,20014.42,1515.48,1689.51
21/01/2026 13:00,8731.94,34.02,0,261,1.21,668.55,2700.17,20041.83,1663.3,1400.28
21/01/2026 13:30,8834.7,33.35,0,265.73,76.12,581.17,2670.43,20006.66,1730.16,1844.81
21/01/2026 14:00,8927.18,33.56,0,266.37,3.31,566.67,2808.58,19314.16,1833.85,2035.63
21/01/2026 14:30,9051.48,38.14,0,268.36,21.05,571.16,2955.48,18887.21,2136.62,2485.83
21/01/2026 15:00,9338.07,49.68,0,267.43,5.88,582.94,3232.1,18285.07,2240.15,2372.83
21/01/2026 15:30,9775.98,60.33,0,275.02,13.94,597.83,3560.47,17698.68,2591.52,1902.13
21/01/2026 16:00,10268.15,61.16,0,285.01,19.32,678.28,3664.32,16520.48,3096.2,1638.99
21/01/2026 16:30,10667.52,61.46,0,283.33,64.03,674.88,3939.78,15208.19,2902.9,1324.8
21/01/2026 17:00,11209.62,63.79,0,286.99,244.32,854.97,4380.97,12948.75,2506.94,936.28
21/01/2026 17:30,12385.56,64.5,0,289.96,437.66,1177.39,4785.31,10128.75,2177.21,586.18
21/01/2026 18:00,13292.76,64.09,0,351.55,795.08,1514.63,5646.02,6810.28,1594.78,419.52
21/01/2026 18:30,14009.28,64.18,0,476.7,1350.66,1719.76,6129.54,3661.58,1163.35,194.04
21/01/2026 19:00,14495.45,64.41,0,466.35,1830.5,1811.66,6682.68,1345.43,475.34,26.61
21/01/2026 19:30,14781.83,66.03,0,468.79,1812.47,1989.55,6737.18,315.62,328.61,0
21/01/2026 20:00,15143.64,68.27,0,482.82,1494.16,1927.74,6581.03,46.39,348.11,0
21/01/2026 20:30,15328.7,68.21,0,464.05,928.07,2004.86,6352.52,4.86,327.1,0
21/01/2026 21:00,15288.34,67.72,0,334.54,779.85,1836.97,6391.65,1.72,326.99,0
21/01/2026 21:30,15026.25,68.12,0,286.72,526.68,1787.54,6397.07,1.71,404.23,0
21/01/2026 22:00,14709.67,69.49,0,285.45,361.4,1687.22,6353.47,1.65,357.3,0
21/01/2026 22:30,14605.82,68.16,0,284.32,308.1,1299.98,6151.18,1.63,318.13,0
21/01/2026 23:00,14325.25,67.96,0,279.48,198.4,1267.98,5940.47,1.62,283.31,0
21/01/2026 23:30,14389.66,68.14,0,279.44,208.07,1253.74,5627.71,1.62,302.8,0
22/01/2026 0:00,14095.85,68.35,0,277.65,161.33,1208.94,5543.56,1.55,266.23,0
22/01/2026 0:30,13616.41,68.34,-0.03,278.23,173.12,1217.47,5429.25,1.42,235.25,0
22/01/2026 1:00,13221.89,68.44,0,278.3,238.91,1163.51,5392.08,1.41,259.77,0
22/01/2026 1:30,13232.13,68.35,0,273.8,197.7,896.46,5299.92,1.44,260.75,0
22/01/2026 2:00,13145.28,68.5,0,273.01,58.67,907.17,5207.87,1.41,241.76,0
22/01/2026 2:30,13027.53,68.57,-0.08,271.25,76.7,971.8,5056.14,1.41,273.65,0
22/01/2026 3:00,13214.91,68.77,-0.07,270.19,82.53,996.01,4720.61,1.52,254.59,0
22/01/2026 3:30,13315.07,68.88,-0.02,270.07,64.13,1019.55,4699.21,1.55,190.41,0
22/01/2026 4:00,13467.24,68.6,-0.02,269.25,24.36,1024.61,4647.82,1.53,99.26,0
22/01/2026 4:30,13787.18,68.57,0,271.79,103.85,1095.73,4567.33,1.54,4.24,0
22/01/2026 5:00,14074.49,68.53,0,271.34,46.25,1389.76,4539.62,4.57,0.13,0
22/01/2026 5:30,14342.82,72.38,-0.07,270.2,205.04,1416.22,4685.92,96.42,0,0
22/01/2026 6:00,14003.24,75.1,-0.08,271.68,346.98,1386.89,4611.27,1047.09,0,0.14
22/01/2026 6:30,13432.75,68.48,0,255.34,192.2,1039.99,4309.59,3645.3,0,13.15
22/01/2026 7:00,12339.4,64.3,-0.13,250.62,128.15,860,3827.45,6710.28,60.92,349.02
22/01/2026 7:30,11244.89,63.43,-0.03,243.22,18.78,981.24,3175.12,10085.78,260.38,725.91
22/01/2026 8:00,9924.39,60.37,-0.03,244.29,11.99,837.97,3151.48,12877.45,505.57,1255
22/01/2026 8:30,9149.11,57.39,-0.1,242.21,13.72,659.42,3106.55,15108.66,951.93,1598.69
22/01/2026 9:00,8911.88,50.03,-0.07,240.47,7.01,635.68,2831.37,17071.18,1235.93,1827.71
22/01/2026 9:30,8881.91,48.21,-0.02,237.58,12.78,614.87,2320.26,18676.21,1717.66,1984.92
22/01/2026 10:00,8734.19,47.11,-0.1,233.45,5.55,525.47,2226.41,19816.89,1597.47,2269.15
22/01/2026 10:30,8693.64,46.33,-0.03,233.67,4.12,512.25,2169.86,20656.6,1369.7,2386.75
22/01/2026 11:00,8722.63,46.23,0,237.81,9.15,553.03,1916.15,21155.57,1381.27,2392.84
22/01/2026 11:30,8669.54,45.94,0,238.29,17.07,549.35,1774.33,21559.57,1328.53,2162.21
22/01/2026 12:00,8687.75,46.01,-0.03,240.27,14.32,471.63,1722.62,21468.55,1330.75,2162.37
22/01/2026 12:30,8851.99,44.8,-0.07,238.89,7.13,497.49,1791.26,21599.21,1250.74,2056.05
22/01/2026 13:00,8694.47,45.1,0,240.89,0.47,491.56,1768.97,21890.14,1261.73,2024
22/01/2026 13:30,8862.89,45.01,0,253.57,19.93,533.66,1805.44,21549.77,1284.44,2004.7
22/01/2026 14:00,9359.94,46.68,0,250.88,18.84,610.11,1715.24,20434.56,1174.99,2068.99
22/01/2026 14:30,9832.32,49.23,0,247.85,23.05,639.62,1748,19354.74,1165.64,1963.17
22/01/2026 15:00,10347.08,42.57,0,278.9,46.5,594.61,1703.54,18736.22,1136.27,1946.15
22/01/2026 15:30,10883.55,36.92,0,312.99,172.93,692.87,1831.58,17214.73,1015.24,1786.19
22/01/2026 16:00,11358.57,46.12,0,474,211.66,793.88,2095.57,15561.86,1097.89,1685.81
22/01/2026 16:30,12202.96,48.53,0,898.03,123.48,885.1,2447.11,13920.36,1094.01,1465.97
22/01/2026 17:00,12874.95,55.12,0,1192.93,128.29,1154,2980.07,12310.2,779.38,1090.3
22/01/2026 17:30,13159.42,58.35,0,1340.59,557.94,1270.06,3446.94,10210.16,739.79,833.82
22/01/2026 18:00,13878.37,58.37,0,1500.12,1073.43,1274.79,4261.13,7286.9,478.98,575.26
22/01/2026 18:30,14291.81,60.09,0,1748.27,1548.75,1188.7,5284.88,3895.02,130.18,238.71
22/01/2026 19:00,14873.14,60.48,0,2016.48,1681.56,1739.2,5515.33,1494.91,107.32,47.55
22/01/2026 19:30,15616.29,61.62,0,2160.35,1242.89,2313,5293.87,371.69,170.2,2.6
22/01/2026 20:00,15809.2,64.24,0,2043.27,1125.86,2072.57,5345.52,55.6,246.75,0
22/01/2026 20:30,15594.37,76.53,-0.02,1987.72,886.46,2029.2,5496.77,4.97,285.69,0
22/01/2026 21:00,15473.36,80.97,-0.02,1795.63,554.34,1873.46,5617.35,1.4,300.83,0
22/01/2026 21:30,15346.69,79.9,0,1673.35,407.35,1799.57,5366.82,1.41,318.15,0
22/01/2026 22:00,15285.32,81.36,-0.03,1403.13,399.48,1649.04,5230.49,1.22,325.08,0
22/01/2026 22:30,15184.58,81.92,-0.05,988.71,354.2,1427.71,5220.75,1.16,333.29,0
22/01/2026 23:00,14888.73,83.54,0,732.89,319.14,1322.51,5306.85,1.16,331.34,0
22/01/2026 23:30,14670.75,84.31,-0.05,491.32,439.28,1216.12,5284.68,1.16,325.49,0
23/01/2026 0:00,14312.37,84.73,-0.02,486.95,504.62,1188.79,5209.61,1.16,325.87,0
23/01/2026 0:30,14025.54,85.34,0,480.91,293.31,1297.57,5114.48,1.16,303.59,0
23/01/2026 1:00,13762.32,84.57,-0.03,477.11,276.17,1251.15,5094.54,1.09,303.03,0
23/01/2026 1:30,13649.19,84.45,-0.02,475.78,195.49,1036.4,5025.22,1.11,309.42,0
23/01/2026 2:00,13597.55,84.16,0,473.67,104.24,986.31,4941.1,1.14,287.58,0
23/01/2026 2:30,13575.87,84.64,0,480.16,40.05,1052,4692.04,1.17,274.98,0
23/01/2026 3:00,13673.43,84.11,-0.05,485.19,27.57,1062.06,4555.91,1.15,302.22,0
23/01/2026 3:30,13658.25,83.85,-0.1,491.27,48.21,1095.39,4462.54,1.15,301.8,0
23/01/2026 4:00,13808.45,84,0,493.62,37.97,1166.13,4374.26,1.24,300.59,0
23/01/2026 4:30,14154.98,83.64,0,497.98,182.41,1197.24,4239.8,1.32,321.55,0
23/01/2026 5:00,14201.37,84.43,0,499.78,306.47,1431.9,4284.06,2.88,324.93,0
23/01/2026 5:30,14526.65,85.65,-0.07,517.47,441.96,1643.52,4221.51,54.07,314.56,0.25
23/01/2026 6:00,14731.81,85.05,-0.05,508.72,473.89,1536.62,4183.28,712.64,290.93,5.78
23/01/2026 6:30,14120.83,75.43,0,450.98,235.52,1456.6,4110.17,2910.04,257.76,32.4
23/01/2026 7:00,12733.24,70.37,-0.08,290.14,69.22,1088.26,3936.09,6214.03,159.09,318.74
23/01/2026 7:30,11449.73,67.31,-0.03,270.66,25.74,1159.42,3484.02,9030.8,130.81,697.69
23/01/2026 8:00,10541.36,66.92,0,252.97,28.39,987.71,3124.97,11710.58,210.34,906.61
23/01/2026 8:30,10078.71,70.29,-0.1,248.81,8.97,838.28,2651.16,14000.36,549.18,1036.07
23/01/2026 9:00,9464.46,74.99,-0.02,235.73,20.4,822.11,2282.28,15902.04,494.05,1104.17
23/01/2026 9:30,9330.94,74.28,0,238.28,21.2,795.96,1877.11,17367.25,385.92,1423.48
23/01/2026 10:00,9400.09,74.94,0,236.65,25.66,721.61,1444.06,18501.12,382.41,1423.4
23/01/2026 10:30,9205.8,75.24,0,237.21,4.61,726.05,1113.24,19548.98,319.52,1494.11
23/01/2026 11:00,9233.12,74.91,0,238.01,4.89,711.42,820.63,19976.64,242.99,1555.58
23/01/2026 11:30,9253.48,76.63,0,241.34,9.37,703.98,558.46,20322.96,189.43,1510.94
23/01/2026 12:00,9528.93,74.46,0,242.18,7.56,703.16,410.78,20229.18,131.56,1654.06
23/01/2026 12:30,9507.68,69.22,0,250.6,3.98,702.2,394.26,20459.36,103.4,1489.98
23/01/2026 13:00,9559.82,72.7,0,262.96,4.56,703.15,444.86,20210.05,134.57,1496.11
23/01/2026 13:30,9667.91,73.3,0,263.07,43.64,709.76,524.49,20239.42,93.09,1348.27
23/01/2026 14:00,9701.59,73.37,0,277.44,104.8,736.26,705.01,19655.52,6.79,1312.79
23/01/2026 14:30,9903.09,73.82,0,284.28,28.85,750.15,743.22,19348.54,23.11,1309.09
23/01/2026 15:00,10035.36,80.13,0,284.92,0.59,802,1003.06,18504.22,17.72,1278.43
23/01/2026 15:30,10228.64,90.03,0,288.43,6.52,783.22,1456.89,17512.36,32.5,1268.92
23/01/2026 16:00,10768.06,92,0,336.83,27.51,807.33,1939.42,16247.86,46.63,1203.15
23/01/2026 16:30,11773.16,92.65,0.01,362.66,24.95,865.74,2378.65,14624.36,79.43,1100.71
23/01/2026 17:00,12492.87,93.63,0.01,516.13,45.91,1023.31,2783.01,12859.56,18.72,905.71
23/01/2026 17:30,13654.08,93.76,0.04,737.52,133.81,1115.52,3157.41,10395.35,0,714.02
23/01/2026 18:00,14799.7,92.98,0.05,953.96,467.53,1611.38,3636.63,7126.91,0,457.53
23/01/2026 18:30,15464.44,93.36,0.05,1063.51,1166.3,2110.79,4080.75,3956.79,0,211.97
23/01/2026 19:00,15635.29,93.86,0.05,1151.59,2057.76,2535.4,4305.89,1516.14,0,46.48
23/01/2026 19:30,15648.11,93.49,0.05,1351.33,2168.57,2604.95,4473.4,363.57,0,1.49
23/01/2026 20:00,15805.08,93.24,0.05,1354.62,1671.61,2527.62,4761.84,52.14,0,0
23/01/2026 20:30,15844.88,93.66,0.02,1263.4,1482.72,1969.88,5064.08,4.78,0,0
23/01/2026 21:00,15790.88,91.84,0.01,1119.74,1128.97,1771.77,5351,1.64,0.02,0
23/01/2026 21:30,15589.71,91.18,0.01,1003.2,696.42,1690.65,5608.29,1.68,0,0
23/01/2026 22:00,15463.15,93.3,0.01,926.14,389.41,1486.23,5728.98,1.64,0.01,0
23/01/2026 22:30,15165.5,92.65,0,669.17,131.71,1346.14,5999.38,1.42,0.02,0
23/01/2026 23:00,14588.77,93.22,0.06,557.37,55.07,1237.19,6248.45,1.54,4.7,0
23/01/2026 23:30,14082.6,94.55,0,549.6,75.89,1184.94,6435.83,1.58,28.93,0
24/01/2026 0:00,13528.03,95.11,-0.02,541.29,42.7,1178.52,6551.05,1.58,32.73,0
24/01/2026 0:30,13496.23,94.73,-0.05,546.28,62.68,1113.86,6151.27,1.56,49.67,0
24/01/2026 1:00,13501.75,94.93,0,518.59,79.12,1038.52,5716.73,1.63,47.01,0
24/01/2026 1:30,13535.5,93.48,0,351.25,42.98,966.8,5585.56,1.66,36.97,0
24/01/2026 2:00,13338.02,92.94,0,256.23,19.07,930.8,5577.81,1.63,33.63,0
24/01/2026 2:30,13433.17,94.69,0,257.66,34.48,896.32,5307.21,1.67,35.86,0
24/01/2026 3:00,13438.33,94.15,0.01,255.54,39.86,823.62,5125.15,1.65,49.97,0
24/01/2026 3:30,13504.8,93.66,0.01,254.77,15.3,802.67,5009.68,1.41,66.41,0
24/01/2026 4:00,13437.55,93.84,0.01,256.53,38.66,874.18,4927.62,1.45,171.07,0
24/01/2026 4:30,13327.08,93.92,0.01,257.83,118.04,915.13,4968.31,1.54,246.99,0
24/01/2026 5:00,13471.39,93.42,0.01,255.88,76.68,922.1,5106.13,3.42,158.59,0
24/01/2026 5:30,13477.94,91.42,0.01,255.54,40.4,926.83,5236.76,58.48,81.63,0.08
24/01/2026 6:00,13081.59,89.72,0,257.63,47.46,811.07,5322.7,776.83,122,4.1
24/01/2026 6:30,11958.26,82.52,0,255.18,17.89,685.69,5069.64,3163.76,298.31,26.31
24/01/2026 7:00,10811.39,80.33,0,252.66,23.17,602.69,4413.83,6301.67,737.79,503.71
24/01/2026 7:30,10243.8,78.12,0,250.61,12.58,569.92,3679.04,9334.08,1115.75,1044.33
24/01/2026 8:00,9803.18,69.91,0.01,253.08,6.7,542.25,2831.46,11947.73,1295.19,1314.91
24/01/2026 8:30,9227.68,65.75,0.01,252.36,1.28,514.3,2724.36,14558.89,1155.98,1520.38
24/01/2026 9:00,9013.47,65.79,0.03,253.3,1.09,495,2701.93,16421.11,1450.68,2129.85
24/01/2026 9:30,9032.09,64.42,0.05,257.21,2.43,496.11,2611.58,17559.31,1886.34,2741.54
24/01/2026 10:00,9091,62.35,0.06,256.63,2.64,497.13,2623.15,18663.58,1993.81,2851.27
24/01/2026 10:30,9070.93,62.44,0.08,255.93,4.33,498.61,2549.72,19491.29,2025.59,2962.1
24/01/2026 11:00,8992.47,62,0.08,254.44,3.87,502.71,2543.75,20008.2,2131.85,3030.39
24/01/2026 11:30,8937.3,62.65,0.08,254.86,1.91,516.95,2726.42,20540.17,1975.56,2862.1
24/01/2026 12:00,8953.61,62.39,0.08,258.83,1.13,521.76,2915.08,20727.2,1949.43,3004.67
24/01/2026 12:30,9111.01,62.34,0.08,268.53,10.85,505.59,3243.55,20708.4,1905.1,3054.72
24/01/2026 13:00,9196.29,62.4,0.08,265.56,10.2,502.78,3381.6,20417.52,1914.44,3122.23
24/01/2026 13:30,9310.89,62.35,0.08,266.23,14.4,504.56,3541.51,20695.78,1665.68,2399.02
24/01/2026 14:00,9375.35,62.36,0.06,277.91,17.6,499.31,3505.5,20755.6,1508.84,2170.94
24/01/2026 14:30,9336.28,62.66,0.05,365.64,10.08,498.49,3801.58,20621.41,1283.64,1685.06
24/01/2026 15:00,9601.09,66.15,0.01,476.75,79.85,532.25,4116.13,19665.4,665.31,1381.7
24/01/2026 15:30,10329.2,74.58,0.01,627.85,40.93,610.36,4343.5,18540.38,246.96,1345.7
24/01/2026 16:00,11385.26,75.94,0.01,770.75,81.73,599.63,4352.99,17336.86,235.67,1099.25
24/01/2026 16:30,12962.27,78.55,0.01,920.23,164.94,798.95,3972.91,15659.75,142.96,1016.95
24/01/2026 17:00,14429.46,90.09,0.01,1190.34,217.62,1217.27,3607.86,13171.95,133.5,901.86
24/01/2026 17:30,15413.96,92.58,0.01,1697.74,213.03,1977.69,3743.42,10269.53,137.49,646.07
24/01/2026 18:00,16316.27,93.75,0.01,2043.85,830.35,2790.53,3783.63,6787.46,41.41,353.21
24/01/2026 18:30,16950.17,93.8,0.01,2193.63,2007.42,3374.41,3478.74,3485.99,97.6,99.36
24/01/2026 19:00,17280.92,94.75,0.01,2280.28,2972.49,3654.48,3319.92,1145.32,60.52,23.47
24/01/2026 19:30,17440.06,94.67,0.78,2316.24,2909.79,3807.73,3054.84,245.79,14.89,0.94
24/01/2026 20:00,17512.7,94.78,13.26,2346.94,2285.06,3777.82,3063.68,33.01,0,0
24/01/2026 20:30,17632.3,94.78,19.89,2276.75,1669.29,3680.34,3144.43,3.27,0,0
24/01/2026 21:00,17687.88,94.26,18.5,1943.97,1416.66,3489.87,3221.12,1.2,0,0
24/01/2026 21:30,17681.92,95.13,0.5,1838.33,1246.94,3248.92,2960.2,1.34,1.62,0
24/01/2026 22:00,17645.6,95.14,2.87,1715.98,686.24,3244.83,2769.58,1.26,0.71,0
24/01/2026 22:30,17254.82,94.51,0,1603.47,475.07,2921.9,2929.15,1,0.55,0
24/01/2026 23:00,17022.15,95.38,0,1522.76,231.84,2736.76,2899.12,1.07,25.79,0
24/01/2026 23:30,16769.67,86.22,0,1466,226.71,2622.63,2820.91,0.99,24.06,0
25/01/2026 0:00,16597.14,80.87,0,1441.42,151.35,2382.1,2676.64,0.99,0.3,0
25/01/2026 0:30,16384.55,77.38,0,1254.09,119.02,2282.41,2523.62,0.99,0,0
25/01/2026 1:00,16315.31,77.47,0,1074.48,166.72,2111.35,2314.79,0.99,0,0
25/01/2026 1:30,15966.27,77.4,0,939.01,184.35,1991.43,2412.05,0.99,0,0
25/01/2026 2:00,15758.14,77.44,0,870.75,103.41,1888.49,2548.27,0.99,0,0
25/01/2026 2:30,15664.45,78.3,0,705.61,125.39,1701.65,2576.74,0.99,0,0
25/01/2026 3:00,15544,78.14,0,685.93,41.41,1661.2,2576.34,0.99,0.01,0
25/01/2026 3:30,15324.9,78.58,0,647.43,58.97,1632.98,2698.26,0.99,0,0
25/01/2026 4:00,15102.33,78.69,0,599.1,29.18,1544.45,2882.64,0.99,0,0
25/01/2026 4:30,14984.99,78.51,0,493.35,35.12,1549.73,2974.85,0.99,18.48,0
25/01/2026 5:00,14873.39,78.49,0,524.3,85.74,1533.14,2998.62,2.89,28.49,0
25/01/2026 5:30,14994.05,78.81,0,573.29,98.85,1477.72,2905.07,62.33,38.31,0.06
25/01/2026 6:00,14865.85,78.73,0,613.13,194.96,1333.09,2581.1,737.17,62.49,2.25
25/01/2026 6:30,13843.05,71.5,0,627.43,96.32,928.21,2545.46,2825.28,145.05,13.68
25/01/2026 7:00,12397.18,65.93,0,640.73,91.68,820.2,2348.63,5700.81,110.81,150
25/01/2026 7:30,11202.97,65.39,0,573.04,30.76,834.02,2104.36,8440.66,43.43,463.03
25/01/2026 8:00,10600.34,65.79,0,530.6,17.06,822.37,1881.34,11032.29,0.72,587.24
25/01/2026 8:30,10426.55,65.04,0,343.02,27.76,796.91,1775.8,13051.16,0.04,775.61
25/01/2026 9:00,10170.91,64.62,-0.02,249.27,4.87,705,1769.69,15289.36,0,838.07
25/01/2026 9:30,9837.49,62.73,0,256.25,1.71,616.42,1827.44,17565.38,5.44,915.81
25/01/2026 10:00,9720.52,54.3,0,261.13,2.5,535.9,1929.83,19070.63,80.23,964.58
25/01/2026 10:30,9632.36,50.69,0,259.93,1.59,500.03,2081.01,20624.32,135.79,1074.99
25/01/2026 11:00,9635.08,50.35,0,259.5,1.07,484.85,2215.21,21627.54,193.16,1097.39
25/01/2026 11:30,9670.33,50.49,0,263.68,4.26,472.43,2271.63,22100.6,269.04,1234.88
25/01/2026 12:00,9711.48,50.72,0,264.85,112.89,472.73,2324.28,22448.22,265.43,1047.17
25/01/2026 12:30,9764.41,50.66,0,272.41,1.94,471.81,2349.55,22623.01,217.09,892.75
25/01/2026 13:00,9808.66,57.36,0,284.17,73.12,473.4,2382.57,22290.55,233.44,988.88
25/01/2026 13:30,9918.06,64.17,0,296.22,121.77,475.96,2495.49,21922.11,208.84,978.54
25/01/2026 14:00,10124.84,64.69,0,318.07,126.46,511.38,2675.08,21406.5,122.81,709.92
25/01/2026 14:30,11047.59,65.06,0,279.41,96.44,530.62,2763.03,20586.69,131.92,654.4
25/01/2026 15:00,12449.87,68.7,0,357.98,96.7,642.57,3078.51,19039,26.02,525
25/01/2026 15:30,13429.85,74.43,0,469.23,149.91,722.04,3153.79,17624.57,8.94,512.49
25/01/2026 16:00,14383.18,75.76,0,946.88,76.17,902.94,3126.02,16263.1,0,725.92
25/01/2026 16:30,15066.94,77.02,0,1195.84,134.68,993.05,3334.24,14917.63,0,315.26
25/01/2026 17:00,16203.96,75.88,0,1667.08,338.95,1651.12,3361.87,12479.05,0,396.68
25/01/2026 17:30,16953.35,75.97,0,2366.38,630.67,2671.2,3264.63,9098.97,14.73,267.59
25/01/2026 18:00,17130.88,75.9,0,2835.71,1722.58,3138.03,3081.38,6075.39,56.85,115.69
25/01/2026 18:30,17405.09,76.01,0,3133.98,2858.77,3405.87,2949.77,3246.56,18.96,39.63
25/01/2026 19:00,17479.84,75.54,0,3414.69,3467.74,3717.17,2736.05,1211.44,0,1.11
25/01/2026 19:30,17424.25,76.01,0,3570.34,3021.27,3556.45,3335.67,305.82,0.29,0.15
25/01/2026 20:00,17695.35,75.93,0,3542.22,2082.78,3260.13,3784.52,45.63,26.26,0
25/01/2026 20:30,17842.27,75.71,0.01,3081.89,1671.68,3153.43,3833.54,3.67,110.68,0
25/01/2026 21:00,17726.06,76.71,0.01,2813.17,1079.82,3016.15,3931.9,1.25,171.31,0
25/01/2026 21:30,17795.77,76.02,0,2053.07,544.48,2849.12,4135.49,1.22,181.04,0
25/01/2026 22:00,17549.82,75.86,0,1605.36,231,2718.06,4112.46,0.86,197.73,0
25/01/2026 22:30,17106.68,75.09,-0.03,1398.2,252.07,2393.28,4084.92,0.92,228.3,0
25/01/2026 23:00,16897.29,64.35,0,1320.7,136.46,2047.26,3973.48,0.84,222.46,0
25/01/2026 23:30,16649.39,62.41,0,1269.22,176.97,1865.15,3841.7,0.93,256.43,0
26/01/2026 0:00,16356.83,65.68,0,1204.02,106.31,1667.21,3808.68,0.64,260.42,0
26/01/2026 0:30,15864.99,74.09,0,956.09,49.88,1518.77,4093.45,0.6,242.73,0
26/01/2026 1:00,15686.06,74.35,-0.02,771.5,31.53,1530.65,4202.71,0.67,207.9,0
26/01/2026 1:30,15527.18,75.68,0,606.14,28.61,1337.19,4096.18,0.62,170.67,0
26/01/2026 2:00,15231.72,76.59,0,522.43,20.14,1249.01,4111.36,0.72,136.22,0
26/01/2026 2:30,15115.71,76.59,0,483.43,18.16,1318.02,3950.05,0.73,151.32,0
26/01/2026 3:00,14991.89,76.26,0,471.42,15.94,1389.06,3815.09,0.73,175.84,0
26/01/2026 3:30,14966.73,75.59,0,474.08,17.58,1271.42,3722.16,0.73,185.39,0
26/01/2026 4:00,14813.7,76.54,0,474.77,19.53,1205.84,3786.68,0.66,206.32,0
26/01/2026 4:30,14792.81,76.73,-0.03,475.11,4.94,1248.23,3810.91,0.64,164.35,0
26/01/2026 5:00,14705.55,76.8,0,476.7,15.72,1215.13,3969.04,2.3,94.12,0
26/01/2026 5:30,14772.79,76.89,0,485.03,182.65,1217.51,3854.37,60.98,75.09,0.16
26/01/2026 6:00,14384.55,76.55,-0.02,484.41,141.01,1135.81,3844.88,794.03,36.2,7.93
26/01/2026 6:30,13105.93,69.64,0,483.72,6.42,1066.35,3707.83,3078.8,15.56,19.19
26/01/2026 7:00,11495.22,65.14,0,472.27,12.56,1006.88,3422.07,6301.86,24.3,100.37
26/01/2026 7:30,10723.71,65.5,0,318.07,4.45,996.46,3055.17,9290.91,25.53,394.54
26/01/2026 8:00,10267.39,64.3,0,298.45,7.01,973.88,2831.35,11834.74,11.73,685.89
26/01/2026 8:30,9981.43,62.84,0,294,5.17,990.87,2581.46,13991.6,3.09,901.72
26/01/2026 9:00,9801.43,64.18,0,297.68,4.72,1016.34,2277.79,16110.05,0.57,1037.93
26/01/2026 9:30,9774.34,62.88,0,297.32,3.35,881.95,2035.73,17787.3,14.22,1052.15
26/01/2026 10:00,9755.17,62.22,0,295.4,2.84,865.74,1872.17,19302.36,78.1,1103.32
26/01/2026 10:30,9808.47,63.12,0,290.36,1.79,758.72,1726.72,20370.64,143.59,1126.95
26/01/2026 11:00,9839.86,63.36,0,289.97,16.21,694.85,1818.84,21174.56,136.46,1029.59
26/01/2026 11:30,9821.87,62.72,0,289.73,14.11,713.31,1856.67,21631.21,125.5,1011.05
26/01/2026 12:00,9844.21,62.95,0,318.47,45.89,656.94,1956.55,21858.06,17.03,963.28
26/01/2026 12:30,9973.53,64.55,0,399.67,13.29,708.85,1991.76,21752.64,62.44,954.19
26/01/2026 13:00,10136.84,64.13,0,400.44,8.99,700.75,2062.53,21785.59,21.41,941.85
26/01/2026 13:30,10443.78,64.88,0,566.62,49.61,761.3,2065.39,21360.46,81.43,928.55
26/01/2026 14:00,10955.78,64.75,0,814.66,29.89,817.16,2072.86,20560.62,32.09,856.12
26/01/2026 14:30,11490.6,65.86,0,922.69,17.29,790.45,2188.42,19628.29,0,768.51
26/01/2026 15:00,12129.89,69.74,0.01,1054.52,20.15,788.28,2306.13,18701.65,0,696.62
26/01/2026 15:30,13093.56,72.7,0.01,1215.11,45.37,857.83,2416.9,17360.79,0,691.27
26/01/2026 16:00,13895.35,73.19,0.01,1589.73,94.4,931.82,2538.18,15816.07,0,701.13
26/01/2026 16:30,14565.84,74,0.05,2089.42,271.62,1405.04,2695.44,14006.09,0,651.82
26/01/2026 17:00,15074.45,73.48,0.08,2823.92,553.06,1863.34,2902.35,11840.07,23.72,614.72
26/01/2026 17:30,15728.71,73.98,0.1,3615.26,1299.87,2166.9,2984.52,8675.96,88.77,823.9
26/01/2026 18:00,16172.49,74.55,0.12,3985.24,2071.42,2768.29,3124.11,5837.72,87.25,584.65
26/01/2026 18:30,16471.4,74.86,0.15,4104.23,2812.35,2985.75,3284.62,3267.18,3.28,143.62
26/01/2026 19:00,16833.4,75,0.16,4194.46,3038.97,3189.17,3484.02,1190.78,2.28,18.8
26/01/2026 19:30,17161.91,75.26,0.16,4233.98,2614.2,3237.63,3612.31,281.19,7.66,1.45
26/01/2026 20:00,17187.04,74.44,0.12,4149.45,1932.6,3173.95,3694.51,43.36,14.65,0.02
26/01/2026 20:30,17234.01,73.75,2.53,3765.25,1449.43,2883.47,3785.22,3.77,6.7,0
26/01/2026 21:00,17292.3,73.9,45.46,3600.88,819.01,2627.45,3885.48,1.04,0,0
26/01/2026 21:30,17131.77,73.77,-0.01,3346.32,517.01,2246.02,4237.14,1.07,0,0
26/01/2026 22:00,16978.97,73.95,0.01,3052.82,266,2064.83,4131.38,1.03,9.62,0
26/01/2026 22:30,16673.98,73.89,0.01,2413.47,111.23,1896.93,4419.23,1.03,92.6,0
26/01/2026 23:00,16486.04,73.99,0.01,1988.4,65.23,1776.35,4469.96,1.03,170.42,0
26/01/2026 23:30,16161.89,74.06,33.98,1709.27,26.32,1727.92,4662.29,1.13,191.31,0
27/01/2026 0:00,15895.5,74.05,7.24,1426.99,46.72,1601.12,4752.31,0.95,205.45,0
27/01/2026 0:30,15383.09,74.23,0.01,1288.79,101.91,1387.89,4814.88,0.84,168.53,0
27/01/2026 1:00,15219.98,74.23,0,1224.31,69.4,1124.13,4841.33,0.83,144.41,0
27/01/2026 1:30,15057.65,74.15,0,1181.19,41.17,1042.21,4718.19,0.83,111.6,0
27/01/2026 2:00,14793.46,73.92,0,1206.9,29.62,1054.58,4667.43,0.75,72.53,0
27/01/2026 2:30,14390.31,74.17,0,1188.3,29.87,1047.49,4823.03,0.71,48.3,0
27/01/2026 3:00,14141.27,74.38,0,1231.03,19.65,1039.02,4972.32,0.71,47.06,0
27/01/2026 3:30,14020.51,75.41,0,1140.86,36.72,1021.38,5092.32,0.71,87.95,0
27/01/2026 4:00,14043.4,76.02,0,1114.85,72.2,1008.6,5146.35,0.71,147.02,0
27/01/2026 4:30,14311.68,76.28,0,1107.89,11.74,1012.09,5313.44,0.71,227.79,0
27/01/2026 5:00,14669.72,75.52,0.01,1143.32,158.57,1061.14,5240.91,1.81,226.6,0
27/01/2026 5:30,15270.54,75.69,0.01,1186.33,229.53,1094.23,5249.12,42.19,197.96,0
27/01/2026 6:00,15347.54,75.59,0.01,1302.25,138.1,1109.77,5502.33,639.86,218.4,7.56
27/01/2026 6:30,14743.92,67.24,0.01,1209.19,50.79,1125.24,5607.79,2783.28,274.18,21.94
27/01/2026 7:00,13463.24,65.54,0,1132.88,17.34,992.44,5486.79,6046.36,286.17,189.89
27/01/2026 7:30,12501.83,65.02,0,1074.05,12.37,939.65,5000.69,9155.27,296.25,580.49
27/01/2026 8:00,12191.65,65.12,0,1117.8,37.6,889.64,4263.14,11835.01,130.12,844.79
27/01/2026 8:30,11979.35,64.62,0,1118.24,25.07,851.21,3579.01,14055.43,9.58,1008.03
27/01/2026 9:00,11971.81,63.77,0.01,1113.36,28.64,828.8,3367.34,15702.92,33.17,1140.21
27/01/2026 9:30,11971.34,63.73,0,899.32,24.97,778.87,3636.3,17029.76,25.64,1112.62
27/01/2026 10:00,12088.77,63.83,0,623.93,27.67,738.16,3969.87,18148.45,65.76,1022.67
27/01/2026 10:30,12086.88,63.4,0,603.78,10.98,788.57,4107.01,19108.75,273.38,1035.97
27/01/2026 11:00,12025.36,63.29,0,603.22,14.95,773.53,4176.38,19737.36,242.76,1259.45
27/01/2026 11:30,11865.93,63.22,0,578.54,27.59,765.21,4121.31,20321.78,234.92,1264.91
27/01/2026 12:00,11969.67,63.68,0,562.18,31.15,736.62,3972.15,20774.24,244.09,1079.67
27/01/2026 12:30,12298.46,64.2,0,561.35,38.46,747.96,3801.88,21034.53,259.37,1178.16
27/01/2026 13:00,12528.83,64.21,0,549.14,26.91,781.6,3724.9,21115.3,236.06,1072.02
27/01/2026 13:30,12940.42,64.81,0,545.03,112.14,844.56,3677.33,20833.49,297.84,1005.66
27/01/2026 14:00,13179.31,64.5,0,583.56,20.51,1006.98,3686.9,20543.94,125.01,1017.84
27/01/2026 14:30,13525.92,64.53,0,812.01,51.96,1277.78,3783.05,19597.78,176.26,974.11
27/01/2026 15:00,13903.12,67.6,0,1165.41,161.68,1546.21,3778.97,18603.59,290.42,1004.83
27/01/2026 15:30,14593.9,69.93,0,1503.4,367.22,2188.98,3560.99,17270.7,707.77,1242.91
27/01/2026 16:00,14810.17,71.13,0.01,2067.92,557.88,2508.99,3449.72,16046.14,849.26,1106.5
27/01/2026 16:30,15393.19,72.16,0.01,2723.72,379.57,2540.51,3898.24,14353.15,574.15,888.97
27/01/2026 17:00,15927.47,69.36,0.01,2747.71,689.16,2925.22,3978.07,12390.11,772.25,608.58
27/01/2026 17:30,16723.92,69.4,0.01,2835.88,982.89,3085.07,4394.84,9607.44,395.55,385.94
27/01/2026 18:00,17218.27,72.06,0,3081.55,1685.56,3635.83,4698.35,6352.33,447.48,199.95
27/01/2026 18:30,17449.67,74.49,0,3322.54,2062.33,3824.67,5379.82,3114.14,957.59,123.07
27/01/2026 19:00,17498.71,74.62,0,3328.74,2456.89,3995.72,5810.8,1036.86,765.63,31.57
27/01/2026 19:30,17469.95,75.28,0,3303.49,2185.77,4059.63,5952.98,235.11,330.54,2.87
27/01/2026 20:00,17423.77,74.07,0,3273.28,1726.67,3824.78,5781.6,31.39,40.87,0
27/01/2026 20:30,17505.88,72.47,0.01,3082.98,1232.42,3320.92,5638.77,2.25,16.64,0
27/01/2026 21:00,17357.55,72.3,0.01,2848.27,1013.23,3091.87,5309.74,0.69,46.46,0
27/01/2026 21:30,17283.69,72.56,0.01,2488.16,739.96,2891.39,5068.94,0.69,108.21,0
27/01/2026 22:00,17187.57,72.86,0.01,2254.02,448.94,2600.85,4708.57,0.69,132.54,0
27/01/2026 22:30,17043.23,72.85,0,1790.9,312.13,2710.22,4396.66,0.51,125.63,0
27/01/2026 23:00,16799.29,72.87,0,1561.7,176.06,2412.07,4274.72,0.38,109.96,0
27/01/2026 23:30,16633.57,72.83,0,1370.29,99.75,2332.73,4253.15,0.44,62.76,0
28/01/2026 0:00,16476.78,72.72,9.68,997.51,71.17,2198.85,4150.17,0.49,14.07,0
28/01/2026 0:30,16486.88,72.91,7.22,742.12,57.96,1881.02,4091.91,0.49,0,0
28/01/2026 1:00,16294.45,72.84,0,660.67,35.02,1776.94,3920.65,0.49,0.68,0
28/01/2026 1:30,16244.46,72.49,0,653.98,41.39,1713.19,3632.28,0.49,0,0
28/01/2026 2:00,16194.67,72.81,0,365.41,55.58,1598.14,3492.74,0.49,14,0
28/01/2026 2:30,16019.18,72.89,0,367.04,51.04,1655.44,3296.93,0.49,11.27,0
28/01/2026 3:00,15868.19,72.95,0,343.14,42.87,1660.48,3289.19,0.49,7.83,0
28/01/2026 3:30,15773.81,72.98,0,290.55,27.9,1661.86,3383.82,0.49,7.17,0
28/01/2026 4:00,15756.1,73.14,0,325.72,34.4,1681.29,3408.07,0.49,16.86,0
28/01/2026 4:30,16130.04,73.54,0,326.34,35.76,1721.99,3366.24,0.42,11.5,0
28/01/2026 5:00,16362.52,73.07,0,354.19,35.84,1870.52,3341.78,1.94,20.2,0
28/01/2026 5:30,16698.85,72.83,0,384.59,104.5,2218.26,3202.44,49.24,43.91,0
28/01/2026 6:00,16566.13,72.33,0,495.99,347.47,2244.43,3133.96,620.43,116.21,2.92
28/01/2026 6:30,16017.17,64.71,0,560.69,328.26,2224.41,2919.73,2640.29,184.72,18.46
28/01/2026 7:00,14855.99,61.67,0,359.1,76.32,2075.49,2832.59,5800.83,100.86,159.77
28/01/2026 7:30,13696.49,60.97,0,295.34,107.7,1519.81,2838.3,8834.83,143.22,492.37
28/01/2026 8:00,12746.69,41.82,0,285.89,32.16,1152.83,2758.22,11432,282.54,749.33
28/01/2026 8:30,11816.11,22.27,0,269.02,31.27,1138.71,2464.98,13850.7,418.14,914.3
28/01/2026 9:00,11086.4,22.22,0,252.97,5.84,1043.9,2544.46,16212.31,453.03,940.48
28/01/2026 9:30,10581.7,53.6,-0.03,252.5,4.23,1047.39,2884.13,18077.27,290.83,991.35
28/01/2026 10:00,10176.07,54.94,-0.08,249.04,9.48,995.26,2884.99,19546.01,293.32,984.31
28/01/2026 10:30,10144.91,51.15,-0.08,247.83,5.54,946.31,2715.97,20677.36,317.12,1054.65
28/01/2026 11:00,10024.7,49.23,-0.08,249.02,5,945.3,2591.58,21698.9,326.41,1011.36
28/01/2026 11:30,10070.08,49.4,-0.08,245.92,9.53,926.42,2489.1,22419.72,317.88,1002.82
28/01/2026 12:00,10082.25,49.98,-0.08,247.11,5,875.26,2546.63,22959.95,265.87,939.09
28/01/2026 12:30,9994.78,49.67,-0.08,250.22,1.9,795.54,2968.83,23090.62,271.13,894.85
28/01/2026 13:00,9882.69,49.3,-0.05,252.58,5.52,770.81,3091.31,23102.41,330.3,933.26
28/01/2026 13:30,10300.75,56.09,0,255.95,17.46,781.63,3217.81,22810.7,348.35,866.17
28/01/2026 14:00,10838.72,60.43,0,254.63,23.5,682.12,3264.47,22162.05,370.65,864.05
28/01/2026 14:30,11584.16,61.05,0,251.89,32.42,768.85,3402.7,21242.54,344.33,903.02
28/01/2026 15:00,12683.58,67.6,0,251.44,96.29,881.14,3459.75,19897.52,320.75,971.5
28/01/2026 15:30,13762.75,70.16,0,250.61,43.76,856.07,3672.62,18613.55,327.36,921.9
28/01/2026 16:00,14724.7,71.68,0,253.85,42.96,1006.54,3988.66,16906.36,348.64,835.13
28/01/2026 16:30,15324.21,71.84,0,279.88,223.93,1126.34,4776,15117.72,351.22,779.24
28/01/2026 17:00,16353.36,71.23,0,302.67,167.15,1582.79,5164.67,12468.85,324.83,591.34
28/01/2026 17:30,16787.67,71.61,0,301.83,582.83,2218.18,5384.23,9281.71,339.15,431.47
28/01/2026 18:00,17096.5,70.87,0,439.97,1304.24,2843.48,5571.32,5837.56,427.26,148.65
28/01/2026 18:30,17259.16,71.44,0,489.6,2442.86,3055.67,5589.48,2806.65,634.69,26.29
28/01/2026 19:00,17214.9,72.19,0,548.42,2506.45,3216.76,6130.3,931.85,529.28,0
28/01/2026 19:30,17273.79,72.45,0,519.19,2317.19,3188.16,6212.21,216.28,584.91,0
28/01/2026 20:00,17282.69,72.7,0,512.96,1824.69,3060.78,6290,32.11,627.58,0
28/01/2026 20:30,17429.62,72.97,0,512.82,927.67,2884.33,6411.87,3.05,560.55,0
28/01/2026 21:00,17048.27,73.02,0,535.96,555.07,2720.74,6538,1.17,461.81,0
28/01/2026 21:30,16758.47,72.36,0,425.4,204.54,2427.88,6670.57,1.12,317.51,0
28/01/2026 22:00,16425.23,72.23,0,359.32,91,1968.57,6800.17,1.13,324.04,0
28/01/2026 22:30,15738.62,73.31,0,355.26,69.39,1687.84,6808.68,1.02,275.8,0
28/01/2026 23:00,15326.85,74.27,0,358.59,52.86,1465.75,6593.9,0.78,226.02,0
28/01/2026 23:30,15029.65,74.3,0,356.59,18.04,1332.92,6658.6,0.48,190.25,0
29/01/2026 0:00,14439.22,73.42,-0.02,354.76,22.61,1121.07,6898.31,0.45,216.95,0
29/01/2026 0:30,14017.39,73.4,0,347.86,19.77,1006.93,6886.45,0.48,250.54,0
29/01/2026 1:00,13761.77,73.4,0,262.93,21.28,944.18,6844.12,0.48,197.02,0
29/01/2026 1:30,13669.24,73.56,0,225.61,19.58,950.16,6603.29,0.48,152.32,0
29/01/2026 2:00,13636.85,73.54,0,212.86,28.85,1006.99,6457,0.48,194.17,0
29/01/2026 2:30,13524.66,73.57,0,213.07,34.17,1012.49,6437.96,0.48,250.85,0
29/01/2026 3:00,13396.56,73.63,0,210.16,32.2,1049.62,6416.11,0.4,258.49,0
29/01/2026 3:30,13275.4,73.57,0,213.27,37.75,1019.19,6355.28,0.37,202.85,0
29/01/2026 4:00,13268.2,73.72,-0.03,213.12,42.14,1113.79,6403.25,0.37,62.57,0
29/01/2026 4:30,13236.77,73.63,0,212.58,76.6,1258.08,6453.68,0.29,48.67,0
29/01/2026 5:00,13612.24,69.97,0,211.65,152.1,1465.6,6194.06,1.07,100.97,0
29/01/2026 5:30,14299.57,70.1,0,211.42,397.97,1564.95,5969.49,40.74,147.55,0
29/01/2026 6:00,14530.24,69.26,0,210.48,497.99,1608,5732.77,651.9,215.91,0.52
29/01/2026 6:30,14021.26,62.77,0,209.78,368.01,1427.55,5700.05,2818.77,185.32,1.87
29/01/2026 7:00,12916.16,62.33,0,210.27,82.16,1082.32,5598.71,6002.66,218.13,93.55
29/01/2026 7:30,12029.45,62.45,0,207.73,22.15,1050.9,5339.44,9107.16,174.88,437.77
29/01/2026 8:00,11323.32,62.23,0,208.56,27.2,987.51,5169.62,11808.29,85.74,736.95
29/01/2026 8:30,11015.68,53.74,0,207.49,16.67,938.71,4830.92,13614.21,4.04,871.68
29/01/2026 9:00,10468.24,49.16,0,207.94,4.06,904.01,4647.4,15581.49,1.59,1003.47
29/01/2026 9:30,9998.13,49.14,0,208.6,5.27,892.16,4142.5,17211.52,35.26,1003.78
29/01/2026 10:00,9941.62,48.21,0,208.15,14.2,872.25,3367.55,18678.15,389.03,1208.13
29/01/2026 10:30,9924.37,48.48,0,205.63,18.84,839.17,3096.75,19780.58,351.24,1359.57
29/01/2026 11:00,9882.03,48.24,0,201.15,16.81,803.08,2879.25,20661.68,307.24,1247.95
29/01/2026 11:30,9769.6,47.94,0,199.87,12.41,790.83,2800.46,21505.02,362.07,1077.38
29/01/2026 12:00,9973.51,48.11,0,199.68,5.75,805.34,2686.16,21752.35,310.48,1111.17
29/01/2026 12:30,9943.05,48.12,0,215.11,1.46,791.15,2552.24,22064.3,433.98,1184.68
29/01/2026 13:00,10162.55,47.65,0,227.25,2.79,783.8,2764,22090.69,498.88,1409.95
29/01/2026 13:30,10594.06,47.28,0,258.9,50.42,835.75,2988.14,21534.72,507.1,1204.32
29/01/2026 14:00,10953.48,48.08,0,307.64,50.24,867.15,3120.9,20885.44,514.63,1035.65
29/01/2026 14:30,11363.91,47.91,0,343.69,35.89,898.85,3252.48,19975.18,538.45,1004.81
29/01/2026 15:00,11880.04,53.89,0,428.1,51.31,929.28,3433.88,19207.51,568.96,1031.45
29/01/2026 15:30,12279.23,58.95,0,463.65,36.78,992.87,3704.88,18246.57,478.94,930.37
29/01/2026 16:00,13052.18,63.32,0,557.7,98.07,1068.56,3936.59,16854.46,462.95,989.96
29/01/2026 16:30,13671.95,64.79,0,493.48,51.5,1255.27,4289.31,15294.08,445.43,781.18
29/01/2026 17:00,14661.78,65.75,0,523.65,147.07,1493.99,4615.51,12721.04,443.81,671.15
29/01/2026 17:30,15692.71,64.93,0,515.13,263.89,2010.33,4829.64,10015.29,513.66,521.13
29/01/2026 18:00,16522.68,62.37,0,609.32,638.75,2848.34,5026.47,6403.12,522.54,278.82
29/01/2026 18:30,17184.76,61.97,0,754.32,1395.48,3240.38,5110.56,3148.58,513.69,75.58
29/01/2026 19:00,17499.69,63.14,0,800.87,1946.43,3303.86,5125.94,1077.05,489.09,1.17
29/01/2026 19:30,17545.38,64.02,0,796.87,1857.93,3296.1,5190.87,228.79,446.47,0.46
29/01/2026 20:00,17487.23,63.53,0,773.92,1608.74,3230.27,5202.22,27.49,373.39,0
29/01/2026 20:30,17450.56,64.06,0,794.65,1075.82,3176.13,5054.49,1.93,396.33,0
29/01/2026 21:00,17315.66,66.15,0,740.15,623.76,3092.67,5159.11,0.77,254.71,0
29/01/2026 21:30,17352.48,66.9,0,578.6,201.83,3009.55,5167.7,0.74,223.56,0
29/01/2026 22:00,17157.8,67.22,0,537.41,45.9,2853.72,5049.6,0.74,232.57,0
29/01/2026 22:30,16731.8,67.07,0,535.89,57.56,2536.28,4887.05,0.74,222.14,0
29/01/2026 23:00,16374.22,67.55,0,533.22,57.85,2333.39,4744.99,0.74,215.52,0
29/01/2026 23:30,16307.38,68.42,0,386.31,144.47,2201.87,4690.92,0.57,238.89,0
30/01/2026 0:00,16004.63,68.87,0,382.33,92.75,2009.5,4629.35,0.14,264.42,0
30/01/2026 0:30,15657.84,68.74,0,374.91,36.83,1950.59,4602.77,0.05,222.65,0
30/01/2026 1:00,15395.25,68.63,0,373.16,25.17,1878.75,4541.26,0.05,241.94,0
30/01/2026 1:30,15272.14,68.75,0,373.25,27.1,1787.24,4346.34,0.05,260.71,0
30/01/2026 2:00,15117.76,55.39,0,371.91,18.36,1775.34,4229.89,-0.02,253.21,0
30/01/2026 2:30,15086.84,44.79,0,374.11,17.02,1758.14,4083.55,-0.05,236.04,0
30/01/2026 3:00,14999.53,44.4,0,373.2,7.83,1710,4121.39,-0.05,113.25,0
30/01/2026 3:30,14976.4,44.44,0,374.89,27.35,1732.86,4056.4,-0.05,27.21,0
30/01/2026 4:00,15072.5,44.89,0,390.22,55.3,1747.73,3912.87,-0.05,1.01,0
30/01/2026 4:30,15199.7,45.92,0,483.42,11.48,1791.47,3974.73,-0.05,1.4,0
30/01/2026 5:00,15467.31,45.54,0,507.87,32.34,1985.67,3890.4,1.18,2.12,0
30/01/2026 5:30,15727.62,44.61,0,516.8,113.08,2257.63,3731.4,43.49,1.1,0
30/01/2026 6:00,15792.92,43.64,0,565.43,294.98,2356.45,3679.42,621.46,12.28,0
30/01/2026 6:30,15391.26,43.44,0,552.11,358.34,2371.82,3409.73,2734.31,28.61,7.12
30/01/2026 7:00,14351.37,41.94,0,442.42,267.7,2134.04,3230.74,5961.56,65.15,65.59
30/01/2026 7:30,13570.92,40.59,0,458.86,98.22,1799.22,3087.94,9094.12,68.22,398.31
30/01/2026 8:00,13042.38,41.07,0,384.12,7.35,1560.38,2824.22,11616.93,14.06,651.45
30/01/2026 8:30,12812.7,41.08,0,359.55,14.53,1426.65,2576.84,13794.63,11.26,821.05
30/01/2026 9:00,12592.59,40.82,0,363.8,1.69,1303.29,2339.9,15638.48,5.7,783.99
30/01/2026 9:30,12509.95,41.35,0,367.14,14.01,1125.26,2061.42,17573.66,40.13,980.67
30/01/2026 10:00,12463.74,41.58,0,391.18,8.55,1166.32,1894.02,18951.8,2.45,955.29
30/01/2026 10:30,12435.07,42.22,0,433.97,11.57,998.97,1726.26,20210.5,0,947.76
30/01/2026 11:00,12518.34,42,0,541.83,8.49,969.17,1606.63,21270.22,0,910.78
30/01/2026 11:30,12651.23,41.39,0,655.62,20.33,965.34,1416.9,21917.66,58.65,877.44
30/01/2026 12:00,12522.34,41.74,0,784.21,3.88,1090.37,1278.66,22275.92,15.83,869.55
30/01/2026 12:30,12689.95,41.07,0,847.76,32.22,1074.03,1186.01,21948.15,8.26,853.95
30/01/2026 13:00,12745.78,40.68,7.4,710.93,36.99,1214.38,1307.71,21691.2,0.45,882.8
30/01/2026 13:30,12929.47,40.29,45.78,644.66,8.64,1207.93,1496.7,21210.81,20.28,885.68
30/01/2026 14:00,13199.11,41.05,38.13,664.73,34.31,1294,1922.38,20692.01,8.56,829.34
30/01/2026 14:30,13474.3,50.58,-0.33,677.2,45.36,1229.97,2350.59,19946.23,114.71,811.56
30/01/2026 15:00,14013.71,61.8,0,688.23,148.32,1267.98,2701.42,19032.14,110.14,734.05
30/01/2026 15:30,14717.25,66.46,0,890.08,29.63,1571.47,2956.85,17837.13,121.01,672.15
30/01/2026 16:00,15445.38,68.93,0,1277.97,140.76,1914.52,3210.56,15998.82,122.41,681.23
30/01/2026 16:30,16166.38,69.03,0.01,1618.08,201.03,2328.81,3580.34,13802.39,110.65,534.79
30/01/2026 17:00,16972.71,66.9,0.01,2104.12,323.27,2579.9,3568.46,11424.63,88.62,457.35
30/01/2026 17:30,17444.44,68.34,0.01,2597.6,490.12,3122.86,3593.73,8429.43,21.4,302.83
30/01/2026 18:00,17628.99,69.48,0,3015.38,1222.21,3406.32,3474.71,5455.59,7.86,205.62
30/01/2026 18:30,17692.64,70.25,0.01,3259.78,2081.37,3710.79,3285.94,2648.49,18.11,123.07
30/01/2026 19:00,17658.89,70.38,0.01,3456.55,2107.81,3888.21,3327.51,912,10.72,3.02
30/01/2026 19:30,17679.32,70.06,0,3515.56,1767.56,3781.43,3551.48,208.45,15.75,0.38
30/01/2026 20:00,17646.34,72.99,0,3537.03,1101.24,3658.97,3805.89,28.26,51.09,0.02
30/01/2026 20:30,17725.16,76.97,0,3331.88,572.36,3488.28,3981.8,1.51,39.99,0
30/01/2026 21:00,17681.44,77.66,0,3121.1,331.39,3391.26,4132.58,0.11,19.41,0
30/01/2026 21:30,17693.43,79.06,0.01,2452.35,303.66,3179.32,4154.64,0.18,114.54,0
30/01/2026 22:00,17416.85,78.93,0,2178.31,169.05,2946.99,4133.96,0.18,132.75,0
30/01/2026 22:30,17043.18,79.13,0,1969.39,59.72,2762.92,4118.8,0.18,165.81,0
30/01/2026 23:00,16597.99,77.78,0,1819.76,45.42,2595.97,4120.5,0.14,208.46,0
30/01/2026 23:30,16412.53,78.56,0,1642.99,98.43,2563.48,3948.52,0.17,226.95,0
31/01/2026 0:00,16353.1,76.79,0,1268.85,336.43,2449.03,3567.58,0.08,241.83,0
31/01/2026 0:30,16475.98,77.19,0,970.57,257.76,2267.68,3281.68,0.08,201.38,0
31/01/2026 1:00,16232.87,78.34,0,869.96,202.79,2150.23,3178.2,0.08,112.59,0
31/01/2026 1:30,16086.44,77.44,0,703.3,191.13,2036.84,3121.51,0.08,147.41,0
31/01/2026 2:00,15974.54,77.98,0,609.77,50.58,1968.19,3119,0.08,186.64,0
31/01/2026 2:30,15744.06,79.48,0,608.71,32.9,1897.6,3164.13,0.08,63.6,0
31/01/2026 3:00,15595.88,79.11,0,609.87,13.98,1900.45,3044.92,0.08,5.45,0
31/01/2026 3:30,15528.21,79.69,0,613.23,34.28,1922.13,2886.3,0.08,2.23,0
31/01/2026 4:00,15575.89,80.04,0,613.71,72.01,1920.16,2698.04,0.08,0.97,0
31/01/2026 4:30,15636.93,79.11,0,621.06,179.7,2007.28,2448.3,0.08,0.06,0
31/01/2026 5:00,15788.29,78.44,0,621.68,355.95,2084.72,2184.19,1.35,0.11,0
31/01/2026 5:30,15982.49,78.51,0,649.18,298.54,2378.4,2029.64,40.83,0.24,0
31/01/2026 6:00,15946.05,78.55,0,634.88,228.37,2396.31,1891.49,542.53,0.23,0
31/01/2026 6:30,15321.07,68.01,0,446.03,64.29,2190.06,1910.15,2333.6,33.21,0
31/01/2026 7:00,13853.64,64.69,0,359.74,115.36,1911.68,1803.24,5251.56,46.46,52.79
31/01/2026 7:30,12885.39,66.13,0,353.2,131.97,1688.8,1651.9,8113.64,37.04,219.45
31/01/2026 8:00,12417.97,64.87,0,220.94,210.25,1820.21,1510.01,10192.33,0.01,207.83
31/01/2026 8:30,11992.85,64.6,0,422.89,40.5,1571.86,1258.34,12414.6,0.06,459.54
31/01/2026 9:00,11312.89,64.56,0,356.11,15.37,1081.44,1191.39,15108.91,0.04,524.57
31/01/2026 9:30,10742.75,64.78,0,203.39,19.26,1047.23,1247.75,17395.79,3.86,560.31
31/01/2026 10:00,10525.13,64.55,0,205.45,16.43,1034.96,1390.59,18701.4,14.44,703.99
31/01/2026 10:30,10657.88,64.58,0,204.16,9.91,997.7,1690.2,19424.42,52.68,777.68
31/01/2026 11:00,10532.61,64.99,0,205.85,9.02,969.84,1934.86,20424.9,55.9,888.65
31/01/2026 11:30,10799.43,64.94,0,204.89,13.26,962.29,1762.75,21203.4,2.29,949.07
31/01/2026 12:00,11218.16,64.95,0,210.85,10.14,990.93,1585.74,21371.73,18.71,910.47
31/01/2026 12:30,11408.73,65.02,0,209.75,7.68,951.84,1926.68,21282.22,41.78,846.56
31/01/2026 13:00,11768.7,64.82,0,214.88,13.17,919.37,2383.13,21211.93,64.68,911.38
31/01/2026 13:30,12240.39,65.09,0,213.34,6.48,919.22,2846.68,20203.78,152.17,692.43
31/01/2026 14:00,12615.19,64.8,0,237.35,8.05,908.42,3369.21,19479.58,335.5,767.59
31/01/2026 14:30,12737.65,64.26,0,274.3,0.99,884.69,3925.32,19015.05,377.92,706.74
31/01/2026 15:00,13054.1,68.19,0,381.12,14.3,874.75,4348.62,18389.35,360.97,697.91
31/01/2026 15:30,13531.13,75.93,0,473.58,9.75,933.64,4462.77,16879.97,382.97,483.36
31/01/2026 16:00,14212.39,78.78,0,579.12,190.68,1252.65,4799.78,14840.89,435.73,350.78
31/01/2026 16:30,15141.25,78.8,0,854.88,103.05,1619.01,4853.86,12772.72,489.36,273.05
31/01/2026 17:00,16097.22,79.05,0,1035.54,128.17,1928.9,4822.57,10328.82,512.79,369.92
31/01/2026 17:30,16606.92,79.31,0,1216.84,410.1,2315.49,4703.31,7845.38,476.56,329.97
31/01/2026 18:00,16989.94,78.51,0,1559.98,1146.1,2933.2,4475.5,5072.59,400.06,148.01
31/01/2026 18:30,17181.15,78.02,0,1741.3,2062.73,3285.71,4402.77,2354.16,276.57,51.9
31/01/2026 19:00,17269.64,77.33,0,1771.6,2551.86,3380.97,4120.28,742.19,285.21,1.19
31/01/2026 19:30,17256.86,77.86,0,1784.88,2208.19,3244.67,4419.42,153.01,304.9,0
31/01/2026 20:00,17165.85,79.25,0,1755.19,1855.36,3031.14,4578.24,20.79,189.94,0
31/01/2026 20:30,17123.47,78.64,0,1662.43,1297.78,2783.95,4853.87,2.69,190.48,0
31/01/2026 21:00,16936.53,79.78,0,1347.86,860.58,2608.08,5293.62,1.69,214.65,0
31/01/2026 21:30,16737.07,79.75,0,1238.74,339.14,2446.56,5475.31,1.69,192.4,0
31/01/2026 22:00,16299.54,79.66,0,1097.83,133.46,2249.12,5648.35,1.69,190.44,0
31/01/2026 22:30,15754.38,79.52,0,696.67,241.95,2371.88,5495.76,1.1,156.21,0
31/01/2026 23:00,15534.24,79.46,0,581.69,242.67,2076.8,5446.95,0.84,233.13,0
31/01/2026 23:30,15453.45,79.56,0,498.16,232.94,2005.48,5243.22,0.85,277.81,0
1/02/2026 0:00,15201.96,79.62,0,489.11,361.41,1805.47,5103.4,0.84,277.13,0
1/02/2026 0:30,14945.09,79.32,0,302.37,270.62,1787.8,5021.69,0.84,258.97,0
1/02/2026 1:00,14590.88,78.9,0,225.9,322.85,1594.62,4981.88,0.84,253.72,0
1/02/2026 1:30,14424.71,79.85,0,226.46,271.26,1550.43,4777.26,0.86,241.79,0
1/02/2026 2:00,14429.19,79.73,0,226.33,87.49,1270.59,4816.48,0.84,161.59,0
1/02/2026 2:30,14531.81,79.74,0,227.49,125.58,1129.99,4631.15,0.84,46.66,0
1/02/2026 3:00,14230.47,79.32,0,226.24,106.33,1042.84,4783.75,0.84,185.83,0
1/02/2026 3:30,14249.66,79.42,0,226.67,76.56,1003.27,4645.36,0.84,193.05,0
1/02/2026 4:00,14235.49,78.71,0,226.45,43.08,986.37,4596.18,0.84,113.76,0
1/02/2026 4:30,14044.5,78.45,0,233.79,245.16,1023.19,4529.68,0.84,8.52,0
1/02/2026 5:00,14218.46,78.26,0,232.76,28.65,1126.2,4538.03,1.67,2.56,0
1/02/2026 5:30,14025.05,77.83,0,230.39,25.92,1202.72,4772.17,29.89,48.39,0
1/02/2026 6:00,13882.38,77.06,0,232.02,82.39,1153.43,4701.21,352.37,121.21,0.01
1/02/2026 6:30,13579.83,69.08,0,232.78,121.98,944.92,4594.97,1522.43,178.46,0.05
1/02/2026 7:00,12902.23,67.6,0,237.19,39.33,681.6,4337.78,3520.51,237.68,6.84
1/02/2026 7:30,11981.69,65.79,0,235.67,43.6,679.67,4023.18,6200.8,192.4,42.86
1/02/2026 8:00,11108.81,65.15,0,227.57,3.81,642.72,4512.33,8381.94,385.87,80.5
1/02/2026 8:30,10712.78,63.88,0,226.59,6.05,567.71,4381.46,10723.96,1228.88,275.6
1/02/2026 9:00,10454.52,63.86,0,233.44,16.13,520.11,3942.63,12382.07,1727.74,514.65
1/02/2026 9:30,10309.84,63.68,-0.02,263.37,8.5,593.5,3590.42,13878.65,1801.99,708.29
1/02/2026 10:00,10276.24,63.81,-0.05,267.18,24.46,519.05,3146.81,15435.89,2395.38,965.81
1/02/2026 10:30,10595.89,63.29,0,264.85,3.35,513.11,2587.42,16709.83,2767.28,1238.52
1/02/2026 11:00,10542.02,65.46,0,270.38,4.98,482.06,2419.44,18145.76,3306.75,1657.78
1/02/2026 11:30,10442.09,65.39,0,268.26,14.29,450.14,2464.11,18675.14,3669.34,1659.29
1/02/2026 12:00,10043.87,64.45,0,265.99,6.95,426.07,2648.16,19310.42,3701.93,1714.6
1/02/2026 12:30,9588.06,63.36,0,267.03,30.37,388.44,2511.37,19495.42,3936.85,2147.93
1/02/2026 13:00,9312.83,64.08,0,267.89,16.16,379.46,2620.59,19389.25,4048.57,2029.25
1/02/2026 13:30,9345.92,64.41,0,268.09,12.9,405.36,2957.35,18928.12,3985.43,1927.91
1/02/2026 14:00,9571.9,64.25,0,270.62,13.75,451.45,3312.65,18140.1,4013.71,1682.45
1/02/2026 14:30,9593.34,63.13,0,311.85,6.32,479.73,3781.62,17604.21,3956.12,1760.96
1/02/2026 15:00,10304.07,69.72,0,408.92,13.55,579.32,4024.86,16078.45,4002.03,1649.29
1/02/2026 15:30,11089.98,73.68,0,462.91,40.26,666.27,4246.28,14142.86,4021.53,1830.93
1/02/2026 16:00,11777.23,75.94,0,566.84,64.71,750.72,4120.74,12902,4133.12,1784.53
1/02/2026 16:30,12498.55,75.65,0,776.65,214.45,738.12,4251.09,11405.32,3942.55,1547.82
1/02/2026 17:00,13196.97,76.36,0,1002.47,224.28,1161.88,4518.5,9555.1,3783.67,1285.49
1/02/2026 17:30,13769.96,77.11,0,1372.97,514.51,1284.72,4712.09,7450.55,3364.41,1211.27
1/02/2026 18:00,13908.1,77.99,0,1668.22,1126.87,1606.43,5162.85,4974.91,2771.09,902.72
1/02/2026 18:30,14177.63,77.78,0,1994.55,1447.92,1729.82,5502.04,2692.11,2471.99,354.77
1/02/2026 19:00,14222.55,77.35,0,1995.16,1403.94,2013.67,6204.65,1096.66,1841.61,69.48
1/02/2026 19:30,14342.44,77.22,0,1920.67,1177.06,1967.31,6832.31,267.09,1169.51,1
1/02/2026 20:00,14415.25,77.23,0,1709.13,886.33,1925.09,7016.35,36.32,747.63,0
1/02/2026 20:30,14412.5,77.63,-0.01,1493.84,673.28,1857.85,6938.09,3.53,389.65,0
1/02/2026 21:00,14519.82,78.24,0,1308.08,647.96,1838.31,6544.23,1.43,346.11,0
1/02/2026 21:30,14545.11,78.36,0,987.97,600.89,1734.85,6353.74,1.43,365.01,0
1/02/2026 22:00,14397.49,78.59,0,877.75,205.11,1633.63,6342.15,1.15,376.05,0
1/02/2026 22:30,14086.87,77.77,0,702.51,194.69,1659.74,6191.75,1.01,353.31,0
1/02/2026 23:00,13813.64,77.44,0,539.11,195.98,1602.35,5950.28,1.01,325.32,0
1/02/2026 23:30,13897.87,77.2,0,342.49,162.82,1531.26,5924.77,1.38,289.15,0
2/02/2026 0:00,13899.69,77.75,0,237.17,220.35,1430.7,5649.03,2.11,301.73,0
2/02/2026 0:30,13680.8,77.36,-0.03,236.75,210.06,1346.43,5482.67,1.46,305.14,0
2/02/2026 1:00,13573.53,77.35,0,238.04,176.22,1282.94,5325.01,1.1,306.03,0
2/02/2026 1:30,13524.48,77.44,0,239.88,178.05,1260.83,5026.02,1.12,289.63,0
2/02/2026 2:00,13626.13,78.62,0,229.84,67.18,1171.19,4872.93,1.2,225.5,0
2/02/2026 2:30,13427.39,77.98,0,224.25,27.18,1319.21,4762.05,1.16,184.8,0
2/02/2026 3:00,13481.8,75.88,-0.05,223.92,33.28,1321.66,4618.13,1.1,229.33,0
2/02/2026 3:30,13516.26,75.92,-0.07,222.56,78.39,1299.61,4564.22,1.1,249.73,0
2/02/2026 4:00,13568.02,77.54,0,222.15,81.32,1294.87,4641.46,1.1,217.46,0
2/02/2026 4:30,13804.25,77.67,-0.02,220.12,207.99,1420.44,4585.5,0.96,212.61,0
2/02/2026 5:00,13950.91,77.58,0,222.13,690.14,1537.9,4444.88,1.35,337.4,0
2/02/2026 5:30,14452.08,77.57,0,222.88,1158.48,1685.96,4159.08,22.36,440.63,0.04
2/02/2026 6:00,14798.1,74.73,-0.02,221.64,1453.97,1902.18,3821.62,448.45,416.5,0.13
2/02/2026 6:30,14499.78,64.34,0,216.22,1052.83,1659.51,3904.38,2557.07,424.71,1.84
2/02/2026 7:00,13097.4,62.72,-0.02,213.2,716.14,1230.66,3901.94,5861.4,468.12,182.96
2/02/2026 7:30,12077.88,62.85,-0.07,207.46,85.31,1122.59,3798.47,8710.17,422.52,746.49
2/02/2026 8:00,11171.54,63.27,0,207.8,12.84,1032.72,3609.54,11146.43,483.48,1416.29
2/02/2026 8:30,10273.73,62.92,0,204.69,16.01,797.48,3714.48,13358.54,734.99,1889.33
2/02/2026 9:00,9470.35,63.14,0,258.12,49.59,762.76,3722.51,15068,1064.29,2216.1
2/02/2026 9:30,9063.37,62.67,0,307.37,116.76,781.82,3319.36,16725.48,1317.79,2176.35
2/02/2026 10:00,8751.06,63.09,0,377.2,128.56,740.73,3056.92,18024.76,1276.33,2299.12
2/02/2026 10:30,8693.99,62.94,0,370.65,48.08,706.08,2947.71,19115.7,1202.57,2410.65
2/02/2026 11:00,8666.52,63.06,-0.05,337.22,8.46,680.81,2839.87,19899.79,1058.53,2415.07
2/02/2026 11:30,8612.07,62.86,0,247.08,16.82,673.36,2625.87,20303.15,1099.31,2484.14
2/02/2026 12:00,8573.88,63.43,0,245.58,10.46,681.11,2627.16,20381.18,1013.31,2404
2/02/2026 12:30,8661.44,63.13,-0.07,239.06,126.55,687.02,2624.67,20399.03,988.11,2587.72
2/02/2026 13:00,8808.61,63.31,0,239.13,293.39,689.31,2570.66,19338.58,1037.66,3195.15
2/02/2026 13:30,9089.6,63.44,0,237.2,308.13,694.66,2770.07,18490.4,1140.69,3126.57
2/02/2026 14:00,8656.86,63.08,0,351.94,184.48,725.12,2869.03,18503.92,1285.35,2819.91
2/02/2026 14:30,8543.32,64.71,0,412.17,47.75,833.19,3036.27,17991.71,1240.26,2758.78
2/02/2026 15:00,8865.67,71.74,0,359.38,4.49,789.61,3337.22,17163.74,1223.72,2652.36
2/02/2026 15:30,9437.34,76.89,0,312,6.19,807.32,3678.09,16082.74,1184.41,2491.64
2/02/2026 16:00,10256,77.85,0,341.15,24.81,867.4,4052.33,14415.97,1137.11,2157.22
2/02/2026 16:30,10922.38,77.59,0,362.86,75.93,928.75,4332.02,12559.13,964.75,1947.34
2/02/2026 17:00,11825.54,77.94,0,402.28,130.43,1010.55,4897.04,10675.41,563.38,1778.06
2/02/2026 17:30,12812.84,78.07,0,558.23,223.83,1066.46,5478.08,8255.81,331.54,1122.99
2/02/2026 18:00,13354.84,76.66,-0.03,743.68,236.26,1312.32,5848.75,5834.45,193.33,676.65
2/02/2026 18:30,14118.52,77.76,0,824.9,415,1605.84,6302.16,3200.59,4.88,326.63
2/02/2026 19:00,14513.8,78.04,0,890.83,851.01,1889.3,6399.29,1249,6.54,74.35
2/02/2026 19:30,14596.86,77.75,-0.02,922.47,1068.74,2078.46,6465.31,278.97,8.64,2.27
2/02/2026 20:00,14278.24,77.88,0,911.29,893.61,2249.31,6545.19,35.24,45.45,0
2/02/2026 20:30,14251.61,78.33,0,776.45,546.93,2248.7,6622.11,3.11,130.8,0
2/02/2026 21:00,13974.07,78.52,0,768.6,339.52,2068.25,6762.84,1.43,227.42,0
2/02/2026 21:30,13789.6,78.05,0,770.32,67.34,1933.11,6851.89,1.43,278.17,0
2/02/2026 22:00,13464.68,77.54,0,718.29,20.83,1753.54,6786.05,0.77,268.33,0
2/02/2026 22:30,12946.82,78.24,0,577.03,129.33,1629.46,6705.54,0.5,265.37,0
2/02/2026 23:00,12911.18,76.7,0,416.86,126.35,1534.78,6457.81,0.58,262.12,0
2/02/2026 23:30,12826.01,76.97,0,389.58,117.74,1487.34,6357.05,0.6,277.73,0
3/02/2026 0:00,12529.33,77.4,0,347.21,90.23,1627.17,6206.64,0.41,260.03,0
3/02/2026 0:30,12506.26,78.56,0,319.59,157.22,1418.74,5923.41,0.32,233.05,0
3/02/2026 1:00,12271.46,78.39,0,320,217.18,1317.51,5777.06,0.32,225.12,0
3/02/2026 1:30,12033.89,78.65,0,318.91,135.6,1334.08,5724.24,0.32,196.84,0
3/02/2026 2:00,11896.01,77.63,0,297.21,129.74,1189.7,5828.43,0.32,165.78,0
3/02/2026 2:30,11845.28,78.23,0,276.65,112.77,1139.26,5774.17,0.32,138.59,0
3/02/2026 3:00,11762.89,78.42,0,274.91,137.15,1285.86,5596.09,0.32,99.08,0
3/02/2026 3:30,11853.82,78.58,-0.07,301.77,123.04,1260.86,5536.99,0.32,52.65,0
3/02/2026 4:00,11872.27,78.14,0,307.09,147.22,1312.51,5537.41,0.32,61.65,0
3/02/2026 4:30,12135.32,78.11,0,308.12,139.12,1435.08,5553.26,0.32,97.45,0
3/02/2026 5:00,12454.03,78.14,0,306.73,479.68,1529.19,5429.16,0.48,117.14,0
3/02/2026 5:30,12715.26,77.98,0,306.39,1002.84,1599.47,5513.82,19.12,174.67,0
3/02/2026 6:00,12845.63,77.55,0,263.61,1090.33,1624.21,5816.78,371.42,273.83,5.06
3/02/2026 6:30,12825.49,68.63,0,262.33,932.24,1635.42,5883.67,1677.74,352.39,23.04
3/02/2026 7:00,12180.64,63.79,0,258.8,459.46,1239.18,5738.06,4241.96,341.3,120.93
3/02/2026 7:30,11142.48,63.52,0,251.02,55.57,1066.25,5639.86,7053.82,297.78,461.25
3/02/2026 8:00,10193.83,62.8,0,248.03,27.37,982.39,5268.08,9461.39,288.52,638.13
3/02/2026 8:30,9420.11,62.38,0,235.96,35.33,861.07,4695.28,11415.53,534.82,733.36
3/02/2026 9:00,9249.56,62.55,0,236.5,45.55,657.03,4361.19,12848.39,622.95,730.31
3/02/2026 9:30,8927.26,61.98,0,235.76,17.28,653.36,4258.97,14171.73,687.27,782.87
3/02/2026 10:00,8581.57,62.23,0,235.35,6.81,633.65,4040.3,15816.36,828.25,868.37
3/02/2026 10:30,8493.3,62.52,0,238.45,5.32,597.66,3761.3,16985.05,871.53,901.34
3/02/2026 11:00,8374.63,62.19,0,243.61,1.28,579.16,3507.63,17832.04,936.63,1226.38
3/02/2026 11:30,8348.85,63.64,0,241.51,8.32,559.98,3249.79,18548.79,1014.74,1373.64
3/02/2026 12:00,8361.51,66.29,0,241.95,1.44,530.24,3110.89,19061.65,980.33,1073.54
3/02/2026 12:30,8315.58,68.42,0,251.9,20.11,515.51,2770.29,19038.71,1053.82,1444.95
3/02/2026 13:00,8256.47,70.05,0,261.68,2.43,508.65,2588.23,18719.14,796.11,1179.99
3/02/2026 13:30,8382.18,71.34,0,248.73,9.22,508.88,2292.06,18335.73,770.97,1391.86
3/02/2026 14:00,8397.15,65.24,0,251.9,12.15,533.38,2197.49,17831.91,656.32,1139.74
3/02/2026 14:30,8555.99,62.89,0,256.29,20.24,611.53,2176.1,17464.33,387.66,819.08
3/02/2026 15:00,9056.53,74.57,0,280.07,59.87,700.11,2076.81,16547.47,199.56,819.5
3/02/2026 15:30,9892.57,86.29,0,371.9,1.3,881.34,2284.41,15349.28,8.4,446.35
3/02/2026 16:00,11267.83,87.36,0,451.44,144.95,1044.11,2333.87,13575.47,5.43,391.96
3/02/2026 16:30,12604.58,88.96,0,656.36,323.85,1349.28,2529.29,11347.43,0.69,375.71
3/02/2026 17:00,14026.79,88.36,0.01,920.16,228.14,1755.43,2601.04,9266.41,0.93,369.2
3/02/2026 17:30,14776.55,87.53,0.01,1085.38,424.07,2290.22,2873.54,6937.42,1.31,323.16
3/02/2026 18:00,15180.22,79.97,0.05,1269.53,1238.65,2498.53,3153.89,4694.26,1.43,244.62
3/02/2026 18:30,15258.68,77.87,0.05,1541.18,1738.99,2627.45,3384.6,2813.3,1.51,115.11
3/02/2026 19:00,15345.12,75.03,0.03,1661.16,2167.06,2833.39,3675.83,1132.64,2.12,11.05
3/02/2026 19:30,15274.75,76.02,0.01,1687.16,1921.02,3016.98,4033.56,233.51,2.21,0
3/02/2026 20:00,15154.44,76.23,0.01,1654.92,1341.65,2967.74,4507.61,29.29,4.13,0
3/02/2026 20:30,15082.83,78.61,0.01,1620.81,592.12,2892.95,4756.29,3.19,2.86,0
3/02/2026 21:00,15031.47,77.28,0,1400.33,396.76,2769.52,4807.51,1.59,1.89,0
3/02/2026 21:30,14757.85,78.2,0,1301.15,211.6,2616.94,4901.86,1.42,1.68,0
