,date,state,net_electricity_gwh,mean_temp_c,elec_price_audmwh,temp_deviation,state_population,solar_exposure,trade_weighted_aud_index,average_max_temp,t,QLD,VIC,day,month,trig_value_2season,trig_value_1season,abs_temp_deviation,high_temp_ind,low_temp_ind
0,1990-01-01,NSW,,,,,5808103.0,20.7,59.4,25.57741935483871,0,0,0,1,1,0.9886775902323405,-0.7583058084785624,,0,0
1,1990-01-01,VIC,,,,,4353666.0,26.0,59.4,26.63225806451613,0,0,1,1,1,0.9886775902323405,-0.7583058084785624,,0,0
2,1990-01-01,QLD,,,,,2870728.0,25.8,59.4,31.322580645161292,0,1,0,1,1,0.9886775902323405,-0.7583058084785624,,1,0
3,1990-02-01,NSW,,,,,5813127.0,19.2,59.0,25.099999999999998,31,0,0,1,2,0.3456123126707335,-0.3212696616923644,,0,0
4,1990-02-01,VIC,,,,,4359107.0,20.6,59.0,24.785714285714285,31,0,1,1,2,0.3456123126707335,-0.3212696616923644,,0,0
5,1990-02-01,QLD,,,,,2877449.0,21.9,59.0,30.389285714285712,31,1,0,1,2,0.3456123126707335,-0.3212696616923644,,1,0
6,1990-03-01,NSW,,,,,5818151.0,15.5,59.8,24.990322580645163,59,0,0,1,3,-0.6016240632249223,0.17129314418147756,,0,0
7,1990-03-01,VIC,,,,,4364548.0,18.8,59.8,24.687096774193545,59,0,1,1,3,-0.6016240632249223,0.17129314418147756,,0,0
8,1990-03-01,QLD,,,,,2884170.0,15.7,59.8,27.97741935483871,59,1,0,1,3,-0.6016240632249223,0.17129314418147756,,0,0
9,1990-04-01,NSW,,,,,5823441.0,10.1,59.6,23.086666666666666,90,0,0,1,4,-0.989932495087353,0.6486295610349814,,0,0
10,1990-04-01,VIC,,,,,4369229.3,9.0,59.6,20.013333333333332,90,0,1,1,4,-0.989932495087353,0.6486295610349814,,0,0
11,1990-04-01,QLD,,,,,2889207.7,13.5,59.6,25.64333333333333,90,1,0,1,4,-0.989932495087353,0.6486295610349814,,0,0
12,1990-05-01,NSW,,,,,5828731.0,9.4,60.2,20.938709677419357,120,0,0,1,5,-0.38566340624360745,0.9398560579418954,,0,0
13,1990-05-01,VIC,,,,,4373910.7,8.6,60.2,16.75483870967742,120,0,1,1,5,-0.38566340624360745,0.9398560579418954,,0,0
14,1990-05-01,QLD,,,,,2894245.3,12.1,60.2,23.809677419354838,120,1,0,1,5,-0.38566340624360745,0.9398560579418954,,0,0
15,1990-06-01,NSW,,,,,5834021.0,9.2,61.6,17.266666666666666,151,0,0,1,6,0.6220467484408669,0.9829265519799822,,0,0
16,1990-06-01,VIC,,,,,4378592.0,6.3,61.6,13.733333333333333,151,0,1,1,6,0.6220467484408669,0.9829265519799822,,0,1
17,1990-06-01,QLD,,,,,2899283.0,11.3,61.6,20.28666666666667,151,1,0,1,6,0.6220467484408669,0.9829265519799822,,0,0
18,1990-07-01,NSW,,,,,5839192.0,9.1,60.4,17.548387096774192,181,0,0,1,7,0.9911140639934548,0.7638886127905428,,0,0
19,1990-07-01,VIC,,,,,4382789.0,6.8,60.4,13.670967741935485,181,0,1,1,7,0.9911140639934548,0.7638886127905428,,0,1
20,1990-07-01,QLD,,,,,2904034.7,13.2,60.4,21.45483870967742,181,1,0,1,7,0.9911140639934548,0.7638886127905428,,0,0
21,1990-08-01,NSW,,,,,5844363.0,11.4,61.4,17.370967741935484,212,0,0,1,8,0.3617137307297687,0.3294084822245304,,0,0
22,1990-08-01,VIC,,,,,4386986.0,10.1,61.4,13.37741935483871,212,0,1,1,8,0.3617137307297687,0.3294084822245304,,0,1
23,1990-08-01,QLD,,,,,2908786.3,15.2,61.4,21.48709677419355,212,1,0,1,8,0.3617137307297687,0.3294084822245304,,0,0
24,1990-09-01,NSW,,,,,5849534.0,15.4,61.6,19.136666666666667,243,0,0,1,9,-0.642054713236563,-0.1966728897935758,,0,0
25,1990-09-01,VIC,,,,,4391183.0,13.5,61.6,16.223333333333333,243,0,1,1,9,-0.642054713236563,-0.1966728897935758,,0,0
26,1990-09-01,QLD,,,,,2913538.0,18.8,61.6,24.13,243,1,0,1,9,-0.642054713236563,-0.1966728897935758,,0,0
27,1990-10-01,NSW,,,,,5853855.0,19.6,57.2,22.312903225806455,273,0,0,1,10,-0.9873494423939866,-0.655156357209085,,0,0
28,1990-10-01,VIC,,,,,4394357.7,17.4,57.2,19.429032258064513,273,0,1,1,10,-0.9873494423939866,-0.655156357209085,,0,0
29,1990-10-01,QLD,,,,,2918596.3,22.1,57.2,28.6,273,1,0,1,10,-0.9873494423939866,-0.655156357209085,,1,0
30,1990-11-01,NSW,,,,,5858176.0,27.2,56.9,24.993333333333332,304,0,0,1,11,-0.3375228995941137,-0.9483615800121713,,0,0
31,1990-11-01,VIC,,,,,4397532.3,22.7,56.9,22.733333333333334,304,0,1,1,11,-0.3375228995941137,-0.9483615800121713,,0,0
32,1990-11-01,QLD,,,,,2923654.7,27.4,56.9,31.490000000000002,304,1,0,1,11,-0.3375228995941137,-0.9483615800121713,,1,0
33,1990-12-01,NSW,,,,,5862497.0,27.4,57.3,29.161290322580644,334,0,0,1,12,0.635432300890177,-0.9813064702716096,,1,0
34,1990-12-01,VIC,,,,,4400707.0,22.9,57.3,26.203225806451613,334,0,1,1,12,0.635432300890177,-0.9813064702716096,,0,0
35,1990-12-01,QLD,,,,,2928713.0,25.9,57.3,33.68709677419355,334,1,0,1,12,0.635432300890177,-0.9813064702716096,,1,0
36,1991-01-01,NSW,,,,,5869414.0,23.1,57.5,29.216129032258067,365,0,0,1,1,0.9886775902323405,-0.7583058084785624,,1,0
37,1991-01-01,VIC,,,,,4404941.3,23.5,57.5,25.916129032258063,365,0,1,1,1,0.9886775902323405,-0.7583058084785624,,0,0
38,1991-01-01,QLD,,,,,2934979.3,22.0,57.5,31.548387096774192,365,1,0,1,1,0.9886775902323405,-0.7583058084785624,,1,0
39,1991-02-01,NSW,,,,,5876331.0,21.9,57.9,28.650000000000002,396,0,0,1,2,0.3456123126707335,-0.3212696616923644,,1,0
40,1991-02-01,VIC,,,,,4409175.7,25.1,57.9,25.567857142857143,396,0,1,1,2,0.3456123126707335,-0.3212696616923644,,0,0
41,1991-02-01,QLD,,,,,2941245.7,23.0,57.9,30.63214285714286,396,1,0,1,2,0.3456123126707335,-0.3212696616923644,,1,0
42,1991-03-01,NSW,,,,,5883248.0,21.2,59.7,25.951612903225808,424,0,0,1,3,-0.6016240632249223,0.17129314418147756,,0,0
43,1991-03-01,VIC,,,,,4413410.0,18.2,59.7,24.18064516129032,424,0,1,1,3,-0.6016240632249223,0.17129314418147756,,0,0
44,1991-03-01,QLD,,,,,2947512.0,21.8,59.7,30.38064516129032,424,1,0,1,3,-0.6016240632249223,0.17129314418147756,,1,0
45,1991-04-01,NSW,,,,,5888409.0,15.2,60.2,22.966666666666665,455,0,0,1,4,-0.989932495087353,0.6486295610349814,,0,0
46,1991-04-01,VIC,,,,,4415731.0,11.5,60.2,19.90666666666667,455,0,1,1,4,-0.989932495087353,0.6486295610349814,,0,0
47,1991-04-01,QLD,,,,,2951991.7,18.4,60.2,28.81,455,1,0,1,4,-0.989932495087353,0.6486295610349814,,1,0
48,1991-05-01,NSW,,,,,5893570.0,10.4,58.5,19.809677419354838,485,0,0,1,5,-0.38566340624360745,0.9398560579418954,,0,0
49,1991-05-01,VIC,,,,,4418052.0,8.6,58.5,16.30322580645161,485,0,1,1,5,-0.38566340624360745,0.9398560579418954,,0,0
50,1991-05-01,QLD,,,,,2956471.3,13.1,58.5,24.896774193548385,485,1,0,1,5,-0.38566340624360745,0.9398560579418954,,0,0
51,1991-06-01,NSW,,,,,5898731.0,7.4,59.7,19.433333333333334,516,0,0,1,6,0.6220467484408669,0.9829265519799822,,0,0
52,1991-06-01,VIC,,,,,4420373.0,5.1,59.7,14.729999999999999,516,0,1,1,6,0.6220467484408669,0.9829265519799822,,0,1
53,1991-06-01,QLD,,,,,2960951.0,12.1,59.7,23.923333333333336,516,1,0,1,6,0.6220467484408669,0.9829265519799822,,0,0
54,1991-07-01,NSW,,,,,5904725.3,9.8,60.1,16.39032258064516,546,0,0,1,7,0.9911140639934548,0.7638886127905428,,0,0
55,1991-07-01,VIC,,,,,4423385.0,6.3,60.1,12.935483870967742,546,0,1,1,7,0.9911140639934548,0.7638886127905428,,0,1
56,1991-07-01,QLD,,,,,2965962.0,13.8,60.1,21.616129032258065,546,1,0,1,7,0.9911140639934548,0.7638886127905428,,0,0
57,1991-08-01,NSW,,,,,5910719.7,14.1,60.5,18.73548387096774,577,0,0,1,8,0.3617137307297687,0.3294084822245304,,0,0
58,1991-08-01,VIC,,,,,4426397.0,9.0,60.5,13.80967741935484,577,0,1,1,8,0.3617137307297687,0.3294084822245304,,0,1
59,1991-08-01,QLD,,,,,2970973.0,16.7,60.5,24.616129032258065,577,1,0,1,8,0.3617137307297687,0.3294084822245304,,0,0
60,1991-09-01,NSW,,,,,5916714.0,17.1,60.6,21.346666666666668,608,0,0,1,9,-0.642054713236563,-0.1966728897935758,,0,0
61,1991-09-01,VIC,,,,,4429409.0,13.0,60.6,15.57,608,0,1,1,9,-0.642054713236563,-0.1966728897935758,,0,1
62,1991-09-01,QLD,,,,,2975984.0,21.1,60.6,28.34,608,1,0,1,9,-0.642054713236563,-0.1966728897935758,,1,0
63,1991-10-01,NSW,,,,,5920500.0,19.8,59.3,24.103225806451615,638,0,0,1,10,-0.9873494423939866,-0.655156357209085,,0,0
64,1991-10-01,VIC,,,,,4431300.3,20.2,59.3,20.72258064516129,638,0,1,1,10,-0.9873494423939866,-0.655156357209085,,0,0
65,1991-10-01,QLD,,,,,2980803.0,21.3,59.3,29.200000000000003,638,1,0,1,10,-0.9873494423939866,-0.655156357209085,,1,0
66,1991-11-01,NSW,,,,,5924286.0,23.7,59.0,23.69333333333333,669,0,0,1,11,-0.3375228995941137,-0.9483615800121713,,0,0
67,1991-11-01,VIC,,,,,4433191.7,23.2,59.0,21.790000000000003,669,0,1,1,11,-0.3375228995941137,-0.9483615800121713,,0,0
68,1991-11-01,QLD,,,,,2985622.0,24.3,59.0,31.493333333333332,669,1,0,1,11,-0.3375228995941137,-0.9483615800121713,,1,0
69,1991-12-01,NSW,,,,,5928072.0,23.0,55.9,24.79032258064516,699,0,0,1,12,0.635432300890177,-0.9813064702716096,,0,0
70,1991-12-01,VIC,,,,,4435083.0,22.9,55.9,22.73548387096774,699,0,1,1,12,0.635432300890177,-0.9813064702716096,,0,0
71,1991-12-01,QLD,,,,,2990441.0,26.4,55.9,30.65806451612903,699,1,0,1,12,0.635432300890177,-0.9813064702716096,,1,0
72,1992-01-01,NSW,,,,,5934176.7,23.3,55.8,25.616129032258065,730,0,0,1,1,0.9886775902323405,-0.7583058084785624,,0,0
73,1992-01-01,VIC,,,,,4438435.7,22.6,55.8,21.903225806451612,730,0,1,1,1,0.9886775902323405,-0.7583058084785624,,0,0
74,1992-01-01,QLD,,,,,2997068.0,27.1,55.8,31.835483870967742,730,1,0,1,1,0.9886775902323405,-0.7583058084785624,,1,0
75,1992-02-01,NSW,,,,,5940281.3,17.3,56.8,24.982758620689655,761,0,0,1,2,0.3456123126707335,-0.3212696616923644,,0,0
76,1992-02-01,VIC,,,,,4441788.3,21.3,56.8,24.46896551724138,761,0,1,1,2,0.3456123126707335,-0.3212696616923644,,0,0
77,1992-02-01,QLD,,,,,3003695.0,19.0,56.8,29.841379310344827,761,1,0,1,2,0.3456123126707335,-0.3212696616923644,,1,0
78,1992-03-01,NSW,,,,,5946386.0,17.8,58.6,25.490322580645163,790,0,0,1,3,-0.6016240632249223,0.17129314418147756,,0,0
79,1992-03-01,VIC,,,,,4445141.0,15.1,58.6,24.761290322580646,790,0,1,1,3,-0.6016240632249223,0.17129314418147756,,0,0
80,1992-03-01,QLD,,,,,3010322.0,18.7,58.6,28.361290322580647,790,1,0,1,3,-0.6016240632249223,0.17129314418147756,,1,0
81,1992-04-01,NSW,,,,,5950198.0,13.4,57.9,22.733333333333334,821,0,0,1,4,-0.989932495087353,0.6486295610349814,,0,0
82,1992-04-01,VIC,,,,,4446833.0,11.6,57.9,21.009999999999998,821,0,1,1,4,-0.989932495087353,0.6486295610349814,,0,0
83,1992-04-01,QLD,,,,,3014614.0,14.4,57.9,25.636666666666667,821,1,0,1,4,-0.989932495087353,0.6486295610349814,,0,0
84,1992-05-01,NSW,,,,,5954010.0,9.9,56.9,19.73225806451613,851,0,0,1,5,-0.38566340624360745,0.9398560579418954,,0,0
85,1992-05-01,VIC,,,,,4448525.0,7.7,56.9,16.316129032258065,851,0,1,1,5,-0.38566340624360745,0.9398560579418954,,0,0
86,1992-05-01,QLD,,,,,3018906.0,12.0,56.9,22.98709677419355,851,1,0,1,5,-0.38566340624360745,0.9398560579418954,,0,0
87,1992-06-01,NSW,,,,,5957822.0,8.8,55.2,17.34,882,0,0,1,6,0.6220467484408669,0.9829265519799822,,0,0
88,1992-06-01,VIC,,,,,4450217.0,6.4,55.2,13.196666666666665,882,0,1,1,6,0.6220467484408669,0.9829265519799822,,0,1
89,1992-06-01,QLD,,,,,3023198.0,12.7,55.2,20.873333333333335,882,1,0,1,6,0.6220467484408669,0.9829265519799822,,0,0
90,1992-07-01,NSW,,,,,5962132.7,9.8,54.7,18.070967741935487,912,0,0,1,7,0.9911140639934548,0.7638886127905428,,0,0
91,1992-07-01,VIC,,,,,4451756.7,7.4,54.7,13.216129032258063,912,0,1,1,7,0.9911140639934548,0.7638886127905428,,0,1
92,1992-07-01,QLD,,,,,3029181.7,13.3,54.7,21.648387096774194,912,1,0,1,7,0.9911140639934548,0.7638886127905428,,0,0
93,1992-08-01,NSW,,,,,5966443.3,13.0,51.6,18.03548387096774,943,0,0,1,8,0.3617137307297687,0.3294084822245304,,0,0
94,1992-08-01,VIC,,,,,4453296.3,8.9,51.6,13.32258064516129,943,0,1,1,8,0.3617137307297687,0.3294084822245304,,0,1
95,1992-08-01,QLD,,,,,3035165.3,16.1,51.6,23.125806451612902,943,1,0,1,8,0.3617137307297687,0.3294084822245304,,0,0
96,1992-09-01,NSW,,,,,5970754.0,16.2,51.7,19.663333333333334,974,0,0,1,9,-0.642054713236563,-0.1966728897935758,,0,0
97,1992-09-01,VIC,,,,,4454836.0,10.3,51.7,13.676666666666668,974,0,1,1,9,-0.642054713236563,-0.1966728897935758,,0,1
98,1992-09-01,QLD,,,,,3041149.0,20.0,51.7,25.703333333333333,974,1,0,1,9,-0.642054713236563,-0.1966728897935758,,0,0
99,1992-10-01,NSW,,,,,5973110.3,17.0,51.9,21.38064516129032,1004,0,0,1,10,-0.9873494423939866,-0.655156357209085,,0,0
100,1992-10-01,VIC,,,,,4455963.7,15.3,51.9,18.31935483870968,1004,0,1,1,10,-0.9873494423939866,-0.655156357209085,,0,0
101,1992-10-01,QLD,,,,,3046478.7,23.2,51.9,27.283870967741933,1004,1,0,1,10,-0.9873494423939866,-0.655156357209085,,0,0
102,1992-11-01,NSW,,,,,5975466.7,21.6,51.8,22.653333333333332,1035,0,0,1,11,-0.3375228995941137,-0.9483615800121713,,0,0
103,1992-11-01,VIC,,,,,4457091.3,20.3,51.8,19.45,1035,0,1,1,11,-0.3375228995941137,-0.9483615800121713,,0,0
104,1992-11-01,QLD,,,,,3051808.3,25.1,51.8,29.743333333333332,1035,1,0,1,11,-0.3375228995941137,-0.9483615800121713,,1,0
105,1992-12-01,NSW,,,,,5977823.0,22.9,52.4,24.251612903225805,1065,0,0,1,12,0.635432300890177,-0.9813064702716096,,0,0
106,1992-12-01,VIC,,,,,4458219.0,20.8,52.4,23.4741935483871,1065,0,1,1,12,0.635432300890177,-0.9813064702716096,,0,0
107,1992-12-01,QLD,,,,,3057138.0,26.0,52.4,30.61935483870968,1065,1,0,1,12,0.635432300890177,-0.9813064702716096,,1,0
108,1993-01-01,NSW,,,,,5982023.3,21.4,51.6,27.700000000000003,1096,0,0,1,1,0.9886775902323405,-0.7583058084785624,,0,0
109,1993-01-01,VIC,,,,,4459901.0,24.8,51.6,26.6,1096,0,1,1,1,0.9886775902323405,-0.7583058084785624,,0,0
110,1993-01-01,QLD,,,,,3065202.3,26.9,51.6,31.932258064516127,1096,1,0,1,1,0.9886775902323405,-0.7583058084785624,,1,0
111,1993-02-01,NSW,,,,,5986223.7,21.3,52.7,27.910714285714285,1127,0,0,1,2,0.3456123126707335,-0.3212696616923644,,0,0
112,1993-02-01,VIC,,,,,4461583.0,19.6,52.7,26.039285714285715,1127,0,1,1,2,0.3456123126707335,-0.3212696616923644,,0,0
113,1993-02-01,QLD,,,,,3073266.7,22.5,52.7,32.04642857142857,1127,1,0,1,2,0.3456123126707335,-0.3212696616923644,,1,0
114,1993-03-01,NSW,,,,,5990424.0,19.4,52.9,24.338709677419356,1155,0,0,1,3,-0.6016240632249223,0.17129314418147756,,0,0
115,1993-03-01,VIC,,,,,4463265.0,13.9,52.9,22.538709677419355,1155,0,1,1,3,-0.6016240632249223,0.17129314418147756,,0,0
116,1993-03-01,QLD,,,,,3081331.0,19.6,52.9,30.59032258064516,1155,1,0,1,3,-0.6016240632249223,0.17129314418147756,,1,0
117,1993-04-01,NSW,,,,,5991967.7,14.5,52.3,23.816666666666666,1186,0,0,1,4,-0.989932495087353,0.6486295610349814,,0,0
118,1993-04-01,VIC,,,,,4463098.7,13.3,52.3,22.48,1186,0,1,1,4,-0.989932495087353,0.6486295610349814,,0,0
119,1993-04-01,QLD,,,,,3086282.3,17.3,52.3,28.773333333333333,1186,1,0,1,4,-0.989932495087353,0.6486295610349814,,1,0
120,1993-05-01,NSW,,,,,5993511.3,9.9,49.4,20.325806451612905,1216,0,0,1,5,-0.38566340624360745,0.9398560579418954,,0,0
121,1993-05-01,VIC,,,,,4462932.3,7.7,49.4,17.05806451612903,1216,0,1,1,5,-0.38566340624360745,0.9398560579418954,,0,0
122,1993-05-01,QLD,,,,,3091233.7,13.6,49.4,25.345161290322583,1216,1,0,1,5,-0.38566340624360745,0.9398560579418954,,0,0
123,1993-06-01,NSW,,,,,5995055.0,9.4,49.5,17.290000000000003,1247,0,0,1,6,0.6220467484408669,0.9829265519799822,,0,0
124,1993-06-01,VIC,,,,,4462766.0,6.4,49.5,13.236666666666668,1247,0,1,1,6,0.6220467484408669,0.9829265519799822,,0,1
125,1993-06-01,QLD,,,,,3096185.0,12.4,49.5,22.67,1247,1,0,1,6,0.6220467484408669,0.9829265519799822,,0,0
126,1993-07-01,NSW,,,,,5999923.0,7.9,50.9,17.561290322580643,1277,0,0,1,7,0.9911140639934548,0.7638886127905428,,0,0
127,1993-07-01,VIC,,,,,4463442.0,6.3,50.9,13.648387096774194,1277,0,1,1,7,0.9911140639934548,0.7638886127905428,,0,1
128,1993-07-01,QLD,,,,,3102737.7,11.0,50.9,23.216129032258067,1277,1,0,1,7,0.9911140639934548,0.7638886127905428,,0,0
129,1993-08-01,NSW,,,,,6004791.0,11.4,49.3,19.038709677419355,1308,0,0,1,8,0.3617137307297687,0.3294084822245304,,0,0
130,1993-08-01,VIC,,,,,4464118.0,8.6,49.3,16.01290322580645,1308,0,1,1,8,0.3617137307297687,0.3294084822245304,,0,0
131,1993-08-01,QLD,,,,,3109290.3,14.5,49.3,23.97741935483871,1308,1,0,1,8,0.3617137307297687,0.3294084822245304,,0,0
132,1993-09-01,NSW,,,,,6009659.0,16.1,47.3,19.740000000000002,1339,0,0,1,9,-0.642054713236563,-0.1966728897935758,,0,0
133,1993-09-01,VIC,,,,,4464794.0,12.2,47.3,16.1,1339,0,1,1,9,-0.642054713236563,-0.1966728897935758,,0,0
134,1993-09-01,QLD,,,,,3115843.0,17.3,47.3,25.266666666666666,1339,1,0,1,9,-0.642054713236563,-0.1966728897935758,,0,0
135,1993-10-01,NSW,,,,,6013163.0,22.5,49.4,22.65806451612903,1369,0,0,1,10,-0.9873494423939866,-0.655156357209085,,0,0
136,1993-10-01,VIC,,,,,4465442.0,17.7,49.4,18.338709677419356,1369,0,1,1,10,-0.9873494423939866,-0.655156357209085,,0,0
137,1993-10-01,QLD,,,,,3120890.7,20.2,49.4,28.403333333333332,1369,1,0,1,10,-0.9873494423939866,-0.655156357209085,,1,0
138,1993-11-01,NSW,,,,,6016667.0,23.7,49.1,23.513333333333332,1400,0,0,1,11,-0.3375228995941137,-0.9483615800121713,,0,0
139,1993-11-01,VIC,,,,,4466090.0,22.5,49.1,20.046666666666667,1400,0,1,1,11,-0.3375228995941137,-0.9483615800121713,,0,0
140,1993-11-01,QLD,,,,,3125938.3,22.5,49.1,29.643333333333334,1400,1,0,1,11,-0.3375228995941137,-0.9483615800121713,,1,0
141,1993-12-01,NSW,,,,,6020171.0,25.5,50.8,26.15806451612903,1430,0,0,1,12,0.635432300890177,-0.9813064702716096,,0,0
142,1993-12-01,VIC,,,,,4466738.0,21.4,50.8,22.383870967741935,1430,0,1,1,12,0.635432300890177,-0.9813064702716096,,0,0
143,1993-12-01,QLD,,,,,3130986.0,26.4,50.8,31.358064516129033,1430,1,0,1,12,0.635432300890177,-0.9813064702716096,,1,0
144,1994-01-01,NSW,,,,,6025812.7,27.1,54.0,29.067741935483873,1461,0,0,1,1,0.9886775902323405,-0.7583058084785624,,1,0
145,1994-01-01,VIC,,,,,4468162.0,23.8,54.0,24.82903225806452,1461,0,1,1,1,0.9886775902323405,-0.7583058084785624,,0,0
146,1994-01-01,QLD,,,,,3137779.0,23.4,54.0,33.52258064516129,1461,1,0,1,1,0.9886775902323405,-0.7583058084785624,,1,0
147,1994-02-01,NSW,,,,,6031454.3,20.4,53.6,27.25714285714286,1492,0,0,1,2,0.3456123126707335,-0.3212696616923644,,0,0
148,1994-02-01,VIC,,,,,4469586.0,17.1,53.6,25.72142857142857,1492,0,1,1,2,0.3456123126707335,-0.3212696616923644,,0,0
149,1994-02-01,QLD,,,,,3144572.0,19.2,53.6,28.832142857142856,1492,1,0,1,2,0.3456123126707335,-0.3212696616923644,,1,0
150,1994-03-01,NSW,,,,,6037096.0,19.3,52.1,23.361290322580647,1520,0,0,1,3,-0.6016240632249223,0.17129314418147756,,0,0
151,1994-03-01,VIC,,,,,4471010.0,17.5,52.1,22.174193548387095,1520,0,1,1,3,-0.6016240632249223,0.17129314418147756,,0,0
152,1994-03-01,QLD,,,,,3151365.0,16.7,52.1,27.251612903225805,1520,1,0,1,3,-0.6016240632249223,0.17129314418147756,,0,0
153,1994-04-01,NSW,,,,,6039670.3,15.3,52.6,23.256666666666668,1551,0,0,1,4,-0.989932495087353,0.6486295610349814,,0,0
154,1994-04-01,VIC,,,,,4471669.7,10.2,52.6,20.296666666666667,1551,0,1,1,4,-0.989932495087353,0.6486295610349814,,0,0
155,1994-04-01,QLD,,,,,3156432.0,17.8,52.6,26.093333333333337,1551,1,0,1,4,-0.989932495087353,0.6486295610349814,,0,0
156,1994-05-01,NSW,,,,,6042244.7,11.2,54.6,20.799999999999997,1581,0,0,1,5,-0.38566340624360745,0.9398560579418954,,0,0
157,1994-05-01,VIC,,,,,4472329.3,6.6,54.6,16.270967741935483,1581,0,1,1,5,-0.38566340624360745,0.9398560579418954,,0,0
158,1994-05-01,QLD,,,,,3161499.0,13.8,54.6,24.82903225806452,1581,1,0,1,5,-0.38566340624360745,0.9398560579418954,,0,0
159,1994-06-01,NSW,,,,,6044819.0,8.6,53.0,17.48,1612,0,0,1,6,0.6220467484408669,0.9829265519799822,,0,0
160,1994-06-01,VIC,,,,,4472989.0,5.8,53.0,13.973333333333333,1612,0,1,1,6,0.6220467484408669,0.9829265519799822,,0,1
161,1994-06-01,QLD,,,,,3166566.0,12.0,53.0,22.18,1612,1,0,1,6,0.6220467484408669,0.9829265519799822,,0,0
162,1994-07-01,NSW,,,,,6050898.7,9.8,53.9,17.406451612903226,1642,0,0,1,7,0.9911140639934548,0.7638886127905428,,0,0
163,1994-07-01,VIC,,,,,4475118.7,8.5,53.9,14.600000000000001,1642,0,1,1,7,0.9911140639934548,0.7638886127905428,,0,1
164,1994-07-01,QLD,,,,,3172426.7,13.0,53.9,21.703225806451613,1642,1,0,1,7,0.9911140639934548,0.7638886127905428,,0,0
165,1994-08-01,NSW,,,,,6056978.3,14.7,53.9,18.14516129032258,1673,0,0,1,8,0.3617137307297687,0.3294084822245304,,0,0
166,1994-08-01,VIC,,,,,4477248.3,13.4,53.9,13.97741935483871,1673,0,1,1,8,0.3617137307297687,0.3294084822245304,,0,1
167,1994-08-01,QLD,,,,,3178287.3,17.4,53.9,23.003225806451614,1673,1,0,1,8,0.3617137307297687,0.3294084822245304,,0,0
168,1994-09-01,NSW,,,,,6063058.0,18.2,53.4,21.42413793103448,1704,0,0,1,9,-0.642054713236563,-0.1966728897935758,,0,0
169,1994-09-01,VIC,,,,,4479378.0,11.6,53.4,15.386666666666667,1704,0,1,1,9,-0.642054713236563,-0.1966728897935758,,0,1
170,1994-09-01,QLD,,,,,3184148.0,20.8,53.4,26.616666666666667,1704,1,0,1,9,-0.642054713236563,-0.1966728897935758,,0,0
171,1994-10-01,NSW,,,,,6065996.0,21.2,53.1,22.64516129032258,1734,0,0,1,10,-0.9873494423939866,-0.655156357209085,,0,0
172,1994-10-01,VIC,,,,,4480653.7,16.5,53.1,19.741935483870968,1734,0,1,1,10,-0.9873494423939866,-0.655156357209085,,0,0
173,1994-10-01,QLD,,,,,3189057.7,20.9,53.1,28.33225806451613,1734,1,0,1,10,-0.9873494423939866,-0.655156357209085,,1,0
174,1994-11-01,NSW,,,,,6068934.0,22.6,55.5,24.65,1765,0,0,1,11,-0.3375228995941137,-0.9483615800121713,,0,0
175,1994-11-01,VIC,,,,,4481929.3,19.2,55.5,21.576666666666664,1765,0,1,1,11,-0.3375228995941137,-0.9483615800121713,,0,0
176,1994-11-01,QLD,,,,,3193967.3,25.1,55.5,31.43,1765,1,0,1,11,-0.3375228995941137,-0.9483615800121713,,1,0
177,1994-12-01,NSW,,,,,6071872.0,23.7,56.2,25.27741935483871,1795,0,0,1,12,0.635432300890177,-0.9813064702716096,,0,0
178,1994-12-01,VIC,,,,,4483205.0,26.6,56.2,27.338709677419356,1795,0,1,1,12,0.635432300890177,-0.9813064702716096,,0,0
179,1994-12-01,QLD,,,,,3198877.0,27.0,56.2,31.532258064516128,1795,1,0,1,12,0.635432300890177,-0.9813064702716096,,1,0
180,1995-01-01,NSW,,,,,6077218.0,20.5,54.5,25.248387096774195,1826,0,0,1,1,0.9886775902323405,-0.7583058084785624,,0,0
181,1995-01-01,VIC,,,,,4485899.7,21.4,54.5,26.219354838709677,1826,0,1,1,1,0.9886775902323405,-0.7583058084785624,,0,0
182,1995-01-01,QLD,,,,,3205356.0,24.6,54.5,30.9741935483871,1826,1,0,1,1,0.9886775902323405,-0.7583058084785624,,1,0
183,1995-02-01,NSW,,,,,6082564.0,21.8,52.9,25.589285714285715,1857,0,0,1,2,0.3456123126707335,-0.3212696616923644,,0,0
184,1995-02-01,VIC,,,,,4488594.3,20.6,52.9,26.089285714285715,1857,0,1,1,2,0.3456123126707335,-0.3212696616923644,,0,0
185,1995-02-01,QLD,,,,,3211835.0,18.8,52.9,29.3,1857,1,0,1,2,0.3456123126707335,-0.3212696616923644,,1,0
186,1995-03-01,NSW,,,,,6087910.0,16.5,50.7,24.806451612903224,1885,0,0,1,3,-0.6016240632249223,0.17129314418147756,,0,0
187,1995-03-01,VIC,,,,,4491289.0,17.3,50.7,22.238709677419354,1885,0,1,1,3,-0.6016240632249223,0.17129314418147756,,0,0
188,1995-03-01,QLD,,,,,3218314.0,20.3,50.7,30.18064516129032,1885,1,0,1,3,-0.6016240632249223,0.17129314418147756,,1,0
189,1995-04-01,NSW,,,,,6093793.3,14.4,49.6,21.753333333333334,1916,0,0,1,4,-0.989932495087353,0.6486295610349814,,0,0
190,1995-04-01,VIC,,,,,4493412.7,10.7,49.6,17.303333333333335,1916,0,1,1,4,-0.989932495087353,0.6486295610349814,,0,0
191,1995-04-01,QLD,,,,,3224669.3,16.7,49.6,26.94,1916,1,0,1,4,-0.989932495087353,0.6486295610349814,,0,0
192,1995-05-01,NSW,,,,,6099676.7,8.3,48.5,20.016129032258064,1946,0,0,1,5,-0.38566340624360745,0.9398560579418954,,0,0
193,1995-05-01,VIC,,,,,4495536.3,7.0,48.5,15.387096774193548,1946,0,1,1,5,-0.38566340624360745,0.9398560579418954,,0,1
194,1995-05-01,QLD,,,,,3231024.7,12.5,48.5,23.919354838709676,1946,1,0,1,5,-0.38566340624360745,0.9398560579418954,,0,0
195,1995-06-01,NSW,,,,,6105560.0,7.4,48.4,17.056666666666665,1977,0,0,1,6,0.6220467484408669,0.9829265519799822,,0,0
196,1995-06-01,VIC,,,,,4497660.0,5.4,48.4,12.76,1977,0,1,1,6,0.6220467484408669,0.9829265519799822,,0,1
197,1995-06-01,QLD,,,,,3237380.0,12.0,48.4,21.3,1977,1,0,1,6,0.6220467484408669,0.9829265519799822,,0,0
198,1995-07-01,NSW,,,,,6111922.7,10.2,51.0,16.561290322580643,2007,0,0,1,7,0.9911140639934548,0.7638886127905428,,0,0
199,1995-07-01,VIC,,,,,4500568.7,5.3,51.0,11.680645161290323,2007,0,1,1,7,0.9911140639934548,0.7638886127905428,,0,1
200,1995-07-01,QLD,,,,,3243292.3,13.4,51.0,21.596774193548388,2007,1,0,1,7,0.9911140639934548,0.7638886127905428,,0,0
201,1995-08-01,NSW,,,,,6118285.3,14.6,53.9,21.08709677419355,2038,0,0,1,8,0.3617137307297687,0.3294084822245304,,0,0
202,1995-08-01,VIC,,,,,4503477.3,11.6,53.9,15.52258064516129,2038,0,1,1,8,0.3617137307297687,0.3294084822245304,,0,1
203,1995-08-01,QLD,,,,,3249204.7,16.6,53.9,23.529032258064515,2038,1,0,1,8,0.3617137307297687,0.3294084822245304,,0,0
204,1995-09-01,NSW,,,,,6124648.0,15.1,53.8,18.966666666666665,2069,0,0,1,9,-0.642054713236563,-0.1966728897935758,,0,0
205,1995-09-01,VIC,,,,,4506386.0,14.0,53.8,15.503333333333334,2069,0,1,1,9,-0.642054713236563,-0.1966728897935758,,0,1
206,1995-09-01,QLD,,,,,3255117.0,19.5,53.8,26.03666666666667,2069,1,0,1,9,-0.642054713236563,-0.1966728897935758,,0,0
207,1995-10-01,NSW,,,,,6131089.0,20.2,54.3,21.799999999999997,2099,0,0,1,10,-0.9873494423939866,-0.655156357209085,,0,0
208,1995-10-01,VIC,,,,,4510041.7,16.6,54.3,17.741935483870968,2099,0,1,1,10,-0.9873494423939866,-0.655156357209085,,0,0
209,1995-10-01,QLD,,,,,3260659.0,21.4,54.3,28.02258064516129,2099,1,0,1,10,-0.9873494423939866,-0.655156357209085,,1,0
210,1995-11-01,NSW,,,,,6137530.0,18.0,53.8,24.773333333333333,2130,0,0,1,11,-0.3375228995941137,-0.9483615800121713,,0,0
211,1995-11-01,VIC,,,,,4513697.3,19.8,53.8,20.84333333333333,2130,0,1,1,11,-0.3375228995941137,-0.9483615800121713,,0,0
212,1995-11-01,QLD,,,,,3266201.0,22.8,53.8,30.94,2130,1,0,1,11,-0.3375228995941137,-0.9483615800121713,,1,0
213,1995-12-01,NSW,,,,,6143971.0,23.5,53.9,23.896774193548385,2160,0,0,1,12,0.635432300890177,-0.9813064702716096,,0,0
214,1995-12-01,VIC,,,,,4517353.0,22.2,53.9,20.212903225806453,2160,0,1,1,12,0.635432300890177,-0.9813064702716096,,0,0
215,1995-12-01,QLD,,,,,3271743.0,26.4,53.9,29.71935483870968,2160,1,0,1,12,0.635432300890177,-0.9813064702716096,,1,0
216,1996-01-01,NSW,,,,,6149249.3,19.6,54.7,25.54516129032258,2191,0,0,1,1,0.9886775902323405,-0.7583058084785624,,0,0
217,1996-01-01,VIC,,,,,4520759.7,23.5,54.7,24.835483870967742,2191,0,1,1,1,0.9886775902323405,-0.7583058084785624,,0,0
218,1996-01-01,QLD,,,,,3277664.3,24.0,54.7,30.780645161290323,2191,1,0,1,1,0.9886775902323405,-0.7583058084785624,,1,0
219,1996-02-01,NSW,,,,,6154527.7,20.8,55.5,24.82758620689655,2222,0,0,1,2,0.3456123126707335,-0.3212696616923644,,0,0
220,1996-02-01,VIC,,,,,4524166.3,19.8,55.5,23.5,2222,0,1,1,2,0.3456123126707335,-0.3212696616923644,,0,0
221,1996-02-01,QLD,,,,,3283585.7,22.5,55.5,30.400000000000002,2222,1,0,1,2,0.3456123126707335,-0.3212696616923644,,1,0
222,1996-03-01,NSW,,,,,6159806.0,17.7,56.8,24.561290322580643,2251,0,0,1,3,-0.6016240632249223,0.17129314418147756,,0,0
223,1996-03-01,VIC,,,,,4527573.0,15.6,56.8,23.135483870967743,2251,0,1,1,3,-0.6016240632249223,0.17129314418147756,,0,0
224,1996-03-01,QLD,,,,,3289507.0,20.5,56.8,29.687096774193552,2251,1,0,1,3,-0.6016240632249223,0.17129314418147756,,1,0
225,1996-04-01,NSW,,,,,6165357.7,14.7,57.1,23.066666666666666,2282,0,0,1,4,-0.989932495087353,0.6486295610349814,,0,0
226,1996-04-01,VIC,,,,,4530043.3,10.1,57.1,17.59,2282,0,1,1,4,-0.989932495087353,0.6486295610349814,,0,0
227,1996-04-01,QLD,,,,,3294068.7,17.3,57.1,28.543333333333337,2282,1,0,1,4,-0.989932495087353,0.6486295610349814,,1,0
228,1996-05-01,NSW,,,,,6170909.3,9.3,58.7,20.51290322580645,2312,0,0,1,5,-0.38566340624360745,0.9398560579418954,,0,0
229,1996-05-01,VIC,,,,,4532513.7,6.4,58.7,15.73225806451613,2312,0,1,1,5,-0.38566340624360745,0.9398560579418954,,0,1
230,1996-05-01,QLD,,,,,3298630.3,11.0,58.7,23.748387096774195,2312,1,0,1,5,-0.38566340624360745,0.9398560579418954,,0,0
231,1996-06-01,NSW,,,,,6176461.0,8.5,58.1,18.12,2343,0,0,1,6,0.6220467484408669,0.9829265519799822,,0,0
232,1996-06-01,VIC,,,,,4534984.0,6.2,58.1,14.053333333333335,2343,0,1,1,6,0.6220467484408669,0.9829265519799822,,0,1
233,1996-06-01,QLD,,,,,3303192.0,11.7,58.1,22.183333333333334,2343,1,0,1,6,0.6220467484408669,0.9829265519799822,,0,0
234,1996-07-01,NSW,,,,,6183057.7,10.0,56.5,17.17096774193548,2373,0,0,1,7,0.9911140639934548,0.7638886127905428,,0,0
235,1996-07-01,VIC,,,,,4538149.3,6.2,56.5,12.480645161290322,2373,0,1,1,7,0.9911140639934548,0.7638886127905428,,0,1
236,1996-07-01,QLD,,,,,3308327.7,14.2,56.5,21.048387096774192,2373,1,0,1,7,0.9911140639934548,0.7638886127905428,,0,0
237,1996-08-01,NSW,,,,,6189654.3,12.7,57.9,18.916129032258063,2404,0,0,1,8,0.3617137307297687,0.3294084822245304,,0,0
238,1996-08-01,VIC,,,,,4541314.7,9.2,57.9,14.283870967741937,2404,0,1,1,8,0.3617137307297687,0.3294084822245304,,0,1
239,1996-08-01,QLD,,,,,3313463.3,15.7,57.9,22.95483870967742,2404,1,0,1,8,0.3617137307297687,0.3294084822245304,,0,0
240,1996-09-01,NSW,,,,,6196251.0,18.3,58.5,21.92,2435,0,0,1,9,-0.642054713236563,-0.1966728897935758,,0,0
241,1996-09-01,VIC,,,,,4544480.0,12.9,58.5,15.846666666666666,2435,0,1,1,9,-0.642054713236563,-0.1966728897935758,,0,1
242,1996-09-01,QLD,,,,,3318599.0,22.0,58.5,27.043333333333333,2435,1,0,1,9,-0.642054713236563,-0.1966728897935758,,0,0
243,1996-10-01,NSW,,,,,6202350.0,19.3,58.6,22.322580645161292,2465,0,0,1,10,-0.9873494423939866,-0.655156357209085,,0,0
244,1996-10-01,VIC,,,,,4547288.0,18.3,58.6,19.225806451612904,2465,0,1,1,10,-0.9873494423939866,-0.655156357209085,,0,0
245,1996-10-01,QLD,,,,,3322592.3,23.5,58.6,27.112903225806452,2465,1,0,1,10,-0.9873494423939866,-0.655156357209085,,0,0
246,1996-11-01,NSW,,,,,6208449.0,22.9,59.9,24.116666666666667,2496,0,0,1,11,-0.3375228995941137,-0.9483615800121713,,0,0
247,1996-11-01,VIC,,,,,4550096.0,21.4,59.9,20.666666666666668,2496,0,1,1,11,-0.3375228995941137,-0.9483615800121713,,0,0
248,1996-11-01,QLD,,,,,3326585.7,26.0,59.9,30.983333333333334,2496,1,0,1,11,-0.3375228995941137,-0.9483615800121713,,1,0
249,1996-12-01,NSW,,,,,6214548.0,22.5,59.4,24.706451612903226,2526,0,0,1,12,0.635432300890177,-0.9813064702716096,,0,0
250,1996-12-01,VIC,,,,,4552904.0,23.3,59.4,22.151612903225807,2526,0,1,1,12,0.635432300890177,-0.9813064702716096,,0,0
251,1996-12-01,QLD,,,,,3330579.0,24.0,59.4,30.396774193548385,2526,1,0,1,12,0.635432300890177,-0.9813064702716096,,1,0
252,1997-01-01,NSW,,,,,6221133.0,21.0,58.1,24.17096774193548,2557,0,0,1,1,0.9886775902323405,-0.7583058084785624,,0,0
253,1997-01-01,VIC,,,,,4557054.7,25.4,58.1,27.296774193548387,2557,0,1,1,1,0.9886775902323405,-0.7583058084785624,,0,0
254,1997-01-01,QLD,,,,,3334978.3,23.0,58.1,29.64516129032258,2557,1,0,1,1,0.9886775902323405,-0.7583058084785624,,1,0
255,1997-02-01,NSW,,,,,6227718.0,22.0,59.3,26.292857142857144,2588,0,0,1,2,0.3456123126707335,-0.3212696616923644,,0,0
256,1997-02-01,VIC,,,,,4561205.3,22.0,59.3,30.321428571428573,2588,0,1,1,2,0.3456123126707335,-0.3212696616923644,,1,0
257,1997-02-01,QLD,,,,,3339377.7,23.1,59.3,31.196428571428573,2588,1,0,1,2,0.3456123126707335,-0.3212696616923644,,1,0
258,1997-03-01,NSW,,,,,6234303.0,20.4,60.5,25.393548387096775,2616,0,0,1,3,-0.6016240632249223,0.17129314418147756,,0,0
259,1997-03-01,VIC,,,,,4565356.0,14.8,60.5,22.683870967741935,2616,0,1,1,3,-0.6016240632249223,0.17129314418147756,,0,0
260,1997-03-01,QLD,,,,,3343777.0,21.3,60.5,30.016129032258064,2616,1,0,1,3,-0.6016240632249223,0.17129314418147756,,1,0
261,1997-04-01,NSW,,,,,6238291.0,15.2,60.7,24.2,2647,0,0,1,4,-0.989932495087353,0.6486295610349814,,0,0
262,1997-04-01,VIC,,,,,4566669.7,11.1,60.7,20.85666666666667,2647,0,1,1,4,-0.989932495087353,0.6486295610349814,,0,0
263,1997-04-01,QLD,,,,,3347657.0,17.4,60.7,28.403333333333332,2647,1,0,1,4,-0.989932495087353,0.6486295610349814,,1,0
264,1997-05-01,NSW,,,,,6242279.0,9.3,58.0,19.874193548387098,2677,0,0,1,5,-0.38566340624360745,0.9398560579418954,,0,0
265,1997-05-01,VIC,,,,,4567983.3,5.4,58.0,15.69032258064516,2677,0,1,1,5,-0.38566340624360745,0.9398560579418954,,0,1
266,1997-05-01,QLD,,,,,3351537.0,12.4,58.0,23.73548387096774,2677,1,0,1,5,-0.38566340624360745,0.9398560579418954,,0,0
267,1997-06-01,NSW,,,,,6246267.0,9.1,56.7,17.663333333333334,2708,0,0,1,6,0.6220467484408669,0.9829265519799822,,0,0
268,1997-06-01,VIC,,,,,4569297.0,5.7,56.7,13.65,2708,0,1,1,6,0.6220467484408669,0.9829265519799822,,0,1
269,1997-06-01,QLD,,,,,3355417.0,11.8,56.7,21.263333333333332,2708,1,0,1,6,0.6220467484408669,0.9829265519799822,,0,0
270,1997-07-01,NSW,,,,,6251133.7,9.8,58.3,16.177419354838708,2738,0,0,1,7,0.9911140639934548,0.7638886127905428,,0,0
271,1997-07-01,VIC,,,,,4572256.3,6.6,58.3,12.603225806451613,2738,0,1,1,7,0.9911140639934548,0.7638886127905428,,0,1
272,1997-07-01,QLD,,,,,3360006.0,12.3,58.3,21.60967741935484,2738,1,0,1,7,0.9911140639934548,0.7638886127905428,,0,0
273,1997-08-01,NSW,,,,,6256000.3,14.8,58.2,18.59032258064516,2769,0,0,1,8,0.3617137307297687,0.3294084822245304,,0,0
274,1997-08-01,VIC,,,,,4575215.7,10.4,58.2,14.035483870967743,2769,0,1,1,8,0.3617137307297687,0.3294084822245304,,0,1
275,1997-08-01,QLD,,,,,3364595.0,17.3,58.2,23.490322580645163,2769,1,0,1,8,0.3617137307297687,0.3294084822245304,,0,0
276,1997-09-01,NSW,,,,,6260867.0,14.8,57.7,19.233333333333334,2800,0,0,1,9,-0.642054713236563,-0.1966728897935758,,0,0
277,1997-09-01,VIC,,,,,4578175.0,14.1,57.7,16.173333333333332,2800,0,1,1,9,-0.642054713236563,-0.1966728897935758,,0,0
278,1997-09-01,QLD,,,,,3369184.0,17.5,57.7,26.98,2800,1,0,1,9,-0.642054713236563,-0.1966728897935758,,0,0
279,1997-10-01,NSW,,,,,6265566.7,24.0,57.1,23.39032258064516,2830,0,0,1,10,-0.9873494423939866,-0.655156357209085,,0,0
280,1997-10-01,VIC,,,,,4580835.3,16.6,57.1,20.13225806451613,2830,0,1,1,10,-0.9873494423939866,-0.655156357209085,,0,0
281,1997-10-01,QLD,,,,,3372920.7,20.7,57.1,27.664516129032258,2830,1,0,1,10,-0.9873494423939866,-0.655156357209085,,0,0
282,1997-11-01,NSW,,,,,6270266.3,22.3,57.0,25.68,2861,0,0,1,11,-0.3375228995941137,-0.9483615800121713,,0,0
283,1997-11-01,VIC,,,,,4583495.7,23.1,57.0,22.69,2861,0,1,1,11,-0.3375228995941137,-0.9483615800121713,,0,0
284,1997-11-01,QLD,,,,,3376657.3,23.0,57.0,30.05,2861,1,0,1,11,-0.3375228995941137,-0.9483615800121713,,1,0
285,1997-12-01,NSW,,,,,6274966.0,22.7,58.1,27.480645161290322,2891,0,0,1,12,0.635432300890177,-0.9813064702716096,,0,0
286,1997-12-01,VIC,,,,,4586156.0,25.9,58.1,24.635483870967743,2891,0,1,1,12,0.635432300890177,-0.9813064702716096,,0,0
287,1997-12-01,QLD,,,,,3380394.0,26.2,58.1,32.31935483870968,2891,1,0,1,12,0.635432300890177,-0.9813064702716096,,1,0
288,1998-01-01,NSW,,,,,6281730.7,22.4,61.9,28.270967741935483,2922,0,0,1,1,0.9886775902323405,-0.7583058084785624,,1,0
289,1998-01-01,VIC,,,,,4591061.3,23.3,61.9,26.94516129032258,2922,0,1,1,1,0.9886775902323405,-0.7583058084785624,,0,0
290,1998-01-01,QLD,,,,,3384757.0,22.5,61.9,32.383870967741935,2922,1,0,1,1,0.9886775902323405,-0.7583058084785624,,1,0
291,1998-02-01,NSW,,,,,6288495.3,22.8,60.6,29.392857142857142,2953,0,0,1,2,0.3456123126707335,-0.3212696616923644,,1,0
292,1998-02-01,VIC,,,,,4595966.7,23.6,60.6,27.571428571428573,2953,0,1,1,2,0.3456123126707335,-0.3212696616923644,,0,0
293,1998-02-01,QLD,,,,,3389120.0,22.6,60.6,33.11071428571429,2953,1,0,1,2,0.3456123126707335,-0.3212696616923644,,1,0
294,1998-03-01,NSW,,,,,6295260.0,18.8,59.6,26.838709677419356,2981,0,0,1,3,-0.6016240632249223,0.17129314418147756,,0,0
295,1998-03-01,VIC,,,,,4600872.0,17.5,59.6,24.65806451612903,2981,0,1,1,3,-0.6016240632249223,0.17129314418147756,,0,0
296,1998-03-01,QLD,,,,,3393483.0,23.2,59.6,33.24516129032258,2981,1,0,1,3,-0.6016240632249223,0.17129314418147756,,1,0
297,1998-04-01,NSW,,,,,6298773.0,13.1,58.0,23.266666666666666,3012,0,0,1,4,-0.989932495087353,0.6486295610349814,,0,0
298,1998-04-01,VIC,,,,,4602904.7,10.8,58.0,18.653333333333332,3012,0,1,1,4,-0.989932495087353,0.6486295610349814,,0,0
299,1998-04-01,QLD,,,,,3397150.0,14.3,58.0,27.34,3012,1,0,1,4,-0.989932495087353,0.6486295610349814,,0,0
300,1998-05-01,NSW,,,,,6302286.0,8.5,57.5,20.070967741935487,3042,0,0,1,5,-0.38566340624360745,0.9398560579418954,,0,0
301,1998-05-01,VIC,,,,,4604937.3,7.5,57.5,15.951612903225806,3042,0,1,1,5,-0.38566340624360745,0.9398560579418954,,0,1
302,1998-05-01,QLD,,,,,3400817.0,13.5,57.5,24.470967741935485,3042,1,0,1,5,-0.38566340624360745,0.9398560579418954,,0,0
303,1998-06-01,NSW,,,,,6305799.0,7.9,57.9,17.523333333333333,3073,0,0,1,6,0.6220467484408669,0.9829265519799822,,0,0
304,1998-06-01,VIC,,,,,4606970.0,6.4,57.9,13.313333333333333,3073,0,1,1,6,0.6220467484408669,0.9829265519799822,,0,1
305,1998-06-01,QLD,,,,,3404484.0,11.8,57.9,22.116666666666667,3073,1,0,1,6,0.6220467484408669,0.9829265519799822,,0,0
306,1998-07-01,NSW,,,,,6311903.0,8.7,57.3,16.18064516129032,3103,0,0,1,7,0.9911140639934548,0.7638886127905428,,0,0
307,1998-07-01,VIC,,,,,4610416.0,6.9,57.3,12.380645161290323,3103,0,1,1,7,0.9911140639934548,0.7638886127905428,,0,1
308,1998-07-01,QLD,,,,,3408348.0,11.6,57.3,21.483870967741936,3103,1,0,1,7,0.9911140639934548,0.7638886127905428,,0,0
309,1998-08-01,NSW,,,,,6318007.0,10.6,53.4,17.95483870967742,3134,0,0,1,8,0.3617137307297687,0.3294084822245304,,0,0
310,1998-08-01,VIC,,,,,4613862.0,9.6,53.4,14.812903225806451,3134,0,1,1,8,0.3617137307297687,0.3294084822245304,,0,1
311,1998-08-01,QLD,,,,,3412212.0,14.0,53.4,22.89032258064516,3134,1,0,1,8,0.3617137307297687,0.3294084822245304,,0,0
312,1998-09-01,NSW,,,,,6324111.0,16.3,54.5,21.753333333333334,3165,0,0,1,9,-0.642054713236563,-0.1966728897935758,,0,0
313,1998-09-01,VIC,,,,,4617308.0,12.8,54.5,18.040000000000003,3165,0,1,1,9,-0.642054713236563,-0.1966728897935758,,0,0
314,1998-09-01,QLD,,,,,3416076.0,18.1,54.5,25.026666666666664,3165,1,0,1,9,-0.642054713236563,-0.1966728897935758,,0,0
315,1998-10-01,NSW,,,,,6329004.0,20.6,54.2,23.748387096774195,3195,0,0,1,10,-0.9873494423939866,-0.655156357209085,,0,0
316,1998-10-01,VIC,,,,,4621320.3,17.5,54.2,18.693548387096776,3195,0,1,1,10,-0.9873494423939866,-0.655156357209085,,0,0
317,1998-10-01,QLD,,,,,3419885.7,22.7,54.2,28.283870967741937,3195,1,0,1,10,-0.9873494423939866,-0.655156357209085,,1,0
318,1998-11-01,NSW,,,,,6333897.0,20.5,55.6,21.546666666666667,3226,0,0,1,11,-0.3375228995941137,-0.9483615800121713,,0,0
319,1998-11-01,VIC,,,,,4625332.7,22.1,55.6,20.91,3226,0,1,1,11,-0.3375228995941137,-0.9483615800121713,,0,0
320,1998-11-01,QLD,,,,,3423695.3,21.7,55.6,28.260714285714283,3226,1,0,1,11,-0.3375228995941137,-0.9483615800121713,,1,0
321,1998-12-01,NSW,4321.52,21.94,20.16,0.22846153846154138,6338790.0,25.0,53.0,25.990322580645163,3256,0,0,1,12,0.635432300890177,-0.9813064702716096,0.22846153846154138,0,0
322,1998-12-01,VIC,3135.09,,20.57,,4629345.0,24.7,53.0,24.664516129032258,3256,0,1,1,12,0.635432300890177,-0.9813064702716096,,0,0
323,1998-12-01,QLD,2705.2099999999996,,33.17,,3427505.0,24.1,53.0,30.883870967741935,3256,1,0,1,12,0.635432300890177,-0.9813064702716096,,1,0
324,1999-01-01,NSW,5431.079999999999,23.42,,0.39192307692307793,6346044.0,24.9,54.8,27.480645161290322,3287,0,0,1,1,0.9886775902323405,-0.7583058084785624,0.39192307692307793,0,0
325,1999-01-01,VIC,4160.67,,,,4634614.0,23.7,54.8,27.041935483870965,3287,0,1,1,1,0.9886775902323405,-0.7583058084785624,,0,0
326,1999-01-01,QLD,3449.67,,,,3432402.0,22.9,54.8,30.5258064516129,3287,1,0,1,1,0.9886775902323405,-0.7583058084785624,,1,0
327,1999-02-01,NSW,5018.5,22.52,,-0.3624000000000045,6353298.0,20.3,55.4,26.289285714285715,3318,0,0,1,2,0.3456123126707335,-0.3212696616923644,0.3624000000000045,0,0
328,1999-02-01,VIC,3933.88,,,,4639883.0,20.0,55.4,27.74642857142857,3318,0,1,1,2,0.3456123126707335,-0.3212696616923644,,0,0
329,1999-02-01,QLD,3186.13,,,,3437299.0,18.8,55.4,29.435714285714287,3318,1,0,1,2,0.3456123126707335,-0.3212696616923644,,1,0
330,1999-03-01,NSW,5383.24,22.14,,0.35519999999999996,6360552.0,17.5,56.1,26.01290322580645,3346,0,0,1,3,-0.6016240632249223,0.17129314418147756,0.35519999999999996,0,0
331,1999-03-01,VIC,4310.95,,,,4645152.0,15.7,56.1,23.20967741935484,3346,0,1,1,3,-0.6016240632249223,0.17129314418147756,,0,0
332,1999-03-01,QLD,3525.2599999999998,,,,3442196.0,19.1,56.1,29.635483870967743,3346,1,0,1,3,-0.6016240632249223,0.17129314418147756,,1,0
333,1999-04-01,NSW,5128.2699999999995,17.15,,-1.7924000000000007,6365402.3,12.3,58.3,20.986666666666668,3377,0,0,1,4,-0.989932495087353,0.6486295610349814,1.7924000000000007,0,0
334,1999-04-01,VIC,4083.2599999999998,,,,4647588.7,12.2,58.3,18.990000000000002,3377,0,1,1,4,-0.989932495087353,0.6486295610349814,,0,0
335,1999-04-01,QLD,3224.3,,,,3446109.3,16.0,58.3,26.363333333333333,3377,1,0,1,4,-0.989932495087353,0.6486295610349814,,0,0
336,1999-05-01,NSW,5733.61,16.04,,0.21039999999999814,6370252.7,10.5,58.0,20.883870967741935,3407,0,0,1,5,-0.38566340624360745,0.9398560579418954,0.21039999999999814,0,0
337,1999-05-01,VIC,4181.0599999999995,,,,4650025.3,8.5,58.0,17.92258064516129,3407,0,1,1,5,-0.38566340624360745,0.9398560579418954,,0,0
338,1999-05-01,QLD,3315.73,,,,3450022.7,12.6,58.0,24.76774193548387,3407,1,0,1,5,-0.38566340624360745,0.9398560579418954,,0,0
339,1999-06-01,NSW,6029.179999999999,13.32,,-0.09520000000000017,6375103.0,8.6,58.4,17.603333333333335,3438,0,0,1,6,0.6220467484408669,0.9829265519799822,0.09520000000000017,0,0
340,1999-06-01,VIC,4204.259999999999,,,,4652462.0,6.7,58.4,14.256666666666666,3438,0,1,1,6,0.6220467484408669,0.9829265519799822,,0,1
341,1999-06-01,QLD,3348.86,,,,3453936.0,11.8,58.4,21.673333333333336,3438,1,0,1,6,0.6220467484408669,0.9829265519799822,,0,0
342,1999-07-01,NSW,6017.45,13.08,,0.1872000000000007,6381102.0,9.4,57.1,17.383870967741935,3468,0,0,1,7,0.9911140639934548,0.7638886127905428,0.1872000000000007,0,0
343,1999-07-01,VIC,4639.13,,,,4656850.0,6.8,57.1,14.148387096774194,3468,0,1,1,7,0.9911140639934548,0.7638886127905428,,0,1
344,1999-07-01,QLD,3440.91,,,,3458090.3,12.5,57.1,21.74137931034483,3468,1,0,1,7,0.9911140639934548,0.7638886127905428,,0,0
345,1999-08-01,NSW,5892.5,13.99,,-0.11880000000000024,6387101.0,13.6,56.0,18.629032258064516,3499,0,0,1,8,0.3617137307297687,0.3294084822245304,0.11880000000000024,0,0
346,1999-08-01,VIC,4552.06,,,,4661238.0,9.1,56.0,15.154838709677419,3499,0,1,1,8,0.3617137307297687,0.3294084822245304,,0,1
347,1999-08-01,QLD,3395.1099999999997,,,,3462244.7,14.9,56.0,22.309677419354838,3499,1,0,1,8,0.3617137307297687,0.3294084822245304,,0,0
348,1999-09-01,NSW,5368.570000000001,16.23,,-0.5207999999999977,6393100.0,16.4,57.0,20.686666666666667,3530,0,0,1,9,-0.642054713236563,-0.1966728897935758,0.5207999999999977,0,0
349,1999-09-01,VIC,4249.43,,,,4665626.0,14.3,57.0,18.41,3530,0,1,1,9,-0.642054713236563,-0.1966728897935758,,0,0
350,1999-09-01,QLD,3242.86,,,,3466399.0,19.7,57.0,24.723333333333333,3530,1,0,1,9,-0.642054713236563,-0.1966728897935758,,0,0
351,1999-10-01,NSW,5263.099999999999,18.43,,-0.18599999999999994,6398723.7,16.9,55.7,23.212903225806453,3560,0,0,1,10,-0.9873494423939866,-0.655156357209085,0.18599999999999994,0,0
352,1999-10-01,VIC,4287.339999999999,,,,4669611.0,18.4,55.7,20.219354838709677,3560,0,1,1,10,-0.9873494423939866,-0.655156357209085,,0,0
353,1999-10-01,QLD,3488.34,,,,3471277.3,21.1,55.7,27.11935483870968,3560,1,0,1,10,-0.9873494423939866,-0.655156357209085,,0,0
354,1999-11-01,NSW,5127.58,18.2,,-1.9600000000000009,6404347.3,23.1,55.3,22.37,3591,0,0,1,11,-0.3375228995941137,-0.9483615800121713,1.9600000000000009,0,0
355,1999-11-01,VIC,4174.71,,,,4673596.0,22.5,55.3,22.196666666666665,3591,0,1,1,11,-0.3375228995941137,-0.9483615800121713,,0,0
356,1999-11-01,QLD,3397.03,,,,3476155.7,22.3,55.3,26.576666666666664,3591,1,0,1,11,-0.3375228995941137,-0.9483615800121713,,0,0
357,1999-12-01,NSW,5153.41,20.36,17.91,-1.3515384615384605,6409971.0,22.2,56.4,24.248387096774195,3621,0,0,1,12,0.635432300890177,-0.9813064702716096,1.3515384615384605,0,0
358,1999-12-01,VIC,4284.88,,17.13,,4677581.0,21.3,56.4,23.96451612903226,3621,0,1,1,12,0.635432300890177,-0.9813064702716096,,0,0
359,1999-12-01,QLD,3561.9500000000003,22.05,33.42,-2.3927999999999976,3481034.0,23.4,56.4,28.273333333333333,3621,1,0,1,12,0.635432300890177,-0.9813064702716096,2.3927999999999976,1,0
360,2000-01-01,NSW,5415.1900000000005,20.9,32.92,-2.128076923076925,6417256.0,22.1,56.0,24.883870967741935,3652,0,0,1,1,0.9886775902323405,-0.7583058084785624,2.128076923076925,0,0
361,2000-01-01,VIC,3975.71,,33.32,,4683574.0,22.1,56.0,24.90967741935484,3652,0,1,1,1,0.9886775902323405,-0.7583058084785624,,0,0
362,2000-01-01,QLD,3638.5099999999998,24.17,127.39,-1.2335999999999991,3486405.0,23.0,56.0,30.36774193548387,3652,1,0,1,1,0.9886775902323405,-0.7583058084785624,1.2335999999999991,1,0
363,2000-02-01,NSW,5478.79,23.03,49.24,0.14759999999999707,6424541.0,23.2,54.5,28.189655172413794,3683,0,0,1,2,0.3456123126707335,-0.3212696616923644,0.14759999999999707,1,0
364,2000-02-01,VIC,4155.96,,55.54,,4689567.0,23.2,54.5,29.451724137931034,3683,0,1,1,2,0.3456123126707335,-0.3212696616923644,,1,0
365,2000-02-01,QLD,3451.24,23.6,34.87,-1.4999999999999964,3491776.0,19.9,54.5,29.04137931034483,3683,1,0,1,2,0.3456123126707335,-0.3212696616923644,1.4999999999999964,1,0
366,2000-03-01,NSW,5603.289999999999,21.46,31.62,-0.32479999999999976,6431826.0,14.3,53.1,25.161290322580644,3712,0,0,1,3,-0.6016240632249223,0.17129314418147756,0.32479999999999976,0,0
367,2000-03-01,VIC,4390.67,,36.47,,4695560.0,17.7,53.1,25.532258064516128,3712,0,1,1,3,-0.6016240632249223,0.17129314418147756,,0,0
368,2000-03-01,QLD,3754.25,23.74,68.87,-0.22083333333333144,3497147.0,19.5,53.1,30.258064516129032,3712,1,0,1,3,-0.6016240632249223,0.17129314418147756,0.22083333333333144,1,0
369,2000-04-01,NSW,5078.919999999999,18.85,27.02,-0.09239999999999782,6436736.7,12.1,52.5,22.776666666666664,3743,0,0,1,4,-0.989932495087353,0.6486295610349814,0.09239999999999782,0,0
370,2000-04-01,VIC,4049.59,,26.57,,4698395.0,12.0,52.5,21.173333333333336,3743,0,1,1,4,-0.989932495087353,0.6486295610349814,,0,0
371,2000-04-01,QLD,3419.16,21.28,43.82,-0.14874999999999616,3501250.7,14.7,52.5,27.85666666666667,3743,1,0,1,4,-0.989932495087353,0.6486295610349814,0.14874999999999616,0,0
372,2000-05-01,NSW,5986.469999999999,15.49,58.05,-0.3396000000000008,6441647.3,10.9,51.4,19.89032258064516,3773,0,0,1,5,-0.38566340624360745,0.9398560579418954,0.3396000000000008,0,0
373,2000-05-01,VIC,4297.02,,55.91,,4701230.0,7.2,51.4,15.787096774193548,3773,0,1,1,5,-0.38566340624360745,0.9398560579418954,,0,1
374,2000-05-01,QLD,3525.8600000000006,18.38,61.34,0.05874999999999986,3505354.3,13.0,51.4,24.32903225806452,3773,1,0,1,5,-0.38566340624360745,0.9398560579418954,0.05874999999999986,0,0
375,2000-06-01,NSW,6450.969999999999,12.37,43.7,-1.0452000000000012,6446558.0,9.8,53.3,17.06,3804,0,0,1,6,0.6220467484408669,0.9829265519799822,1.0452000000000012,0,0
376,2000-06-01,VIC,4176.8,,46.13,,4704065.0,5.6,53.3,13.576666666666666,3804,0,1,1,6,0.6220467484408669,0.9829265519799822,,0,1
377,2000-06-01,QLD,3546.77,15.02,43.5,-1.0008333333333326,3509458.0,11.9,53.3,21.606896551724137,3804,1,0,1,6,0.6220467484408669,0.9829265519799822,1.0008333333333326,0,0
378,2000-07-01,NSW,6726.38,12.67,46.86,-0.22279999999999944,6452910.0,10.5,52.7,17.57741935483871,3834,0,0,1,7,0.9911140639934548,0.7638886127905428,0.22279999999999944,0,0
379,2000-07-01,VIC,4065.18,,49.47,,4708855.3,6.9,52.7,13.33548387096774,3834,0,1,1,7,0.9911140639934548,0.7638886127905428,,0,1
380,2000-07-01,QLD,3618.3700000000003,14.52,62.39,-0.7949999999999999,3514120.7,14.0,52.7,22.34193548387097,3834,1,0,1,7,0.9911140639934548,0.7638886127905428,0.7949999999999999,0,0
381,2000-08-01,NSW,6790.04,13.39,54.9,-0.7187999999999999,6459262.0,12.7,52.2,18.364516129032257,3865,0,0,1,8,0.3617137307297687,0.3294084822245304,0.7187999999999999,0,0
382,2000-08-01,VIC,3814.44,,61.59,,4713645.7,10.4,52.2,14.764516129032257,3865,0,1,1,8,0.3617137307297687,0.3294084822245304,,0,1
383,2000-08-01,QLD,3557.8099999999995,15.97,45.19,-0.5983333333333309,3518783.3,16.2,52.2,24.10967741935484,3865,1,0,1,8,0.3617137307297687,0.3294084822245304,0.5983333333333309,0,0
384,2000-09-01,NSW,5736.27,17.15,25.19,0.39920000000000044,6465614.0,17.7,49.9,22.836666666666666,3896,0,0,1,9,-0.642054713236563,-0.1966728897935758,0.39920000000000044,0,0
385,2000-09-01,VIC,3829.94,,25.56,,4718436.0,14.0,49.9,17.186666666666667,3896,0,1,1,9,-0.642054713236563,-0.1966728897935758,,0,0
386,2000-09-01,QLD,3380.45,19.73,31.57,0.5366666666666688,3523446.0,22.1,49.9,29.85666666666667,3896,1,0,1,9,-0.642054713236563,-0.1966728897935758,0.5366666666666688,1,0
387,2000-10-01,NSW,5573.45,18.28,30.44,-0.3359999999999985,6472103.0,18.7,48.2,22.861290322580647,3926,0,0,1,10,-0.9873494423939866,-0.655156357209085,0.3359999999999985,0,0
388,2000-10-01,VIC,4095.83,,29.54,,4722575.7,16.4,48.2,17.812903225806455,3926,0,1,1,10,-0.9873494423939866,-0.655156357209085,,0,0
389,2000-10-01,QLD,3557.49,21.0,55.28,-0.32250000000000156,3528187.3,19.8,48.2,28.48709677419355,3926,1,0,1,10,-0.9873494423939866,-0.655156357209085,0.32250000000000156,1,0
390,2000-11-01,NSW,5451.5199999999995,19.86,32.0,-0.3000000000000007,6478592.0,18.4,49.2,23.283333333333335,3957,0,0,1,11,-0.3375228995941137,-0.9483615800121713,0.3000000000000007,0,0
391,2000-11-01,VIC,3993.92,,33.75,,4726715.3,20.3,49.2,22.923333333333336,3957,0,1,1,11,-0.3375228995941137,-0.9483615800121713,,0,0
392,2000-11-01,QLD,3468.3,21.62,43.8,-1.3254166666666691,3532928.7,20.6,49.2,27.936666666666667,3957,1,0,1,11,-0.3375228995941137,-0.9483615800121713,1.3254166666666691,0,0
393,2000-12-01,NSW,5394.3,22.96,26.67,1.248461538461541,6485081.0,25.6,51.6,28.02258064516129,3987,0,0,1,12,0.635432300890177,-0.9813064702716096,1.248461538461541,1,0
394,2000-12-01,VIC,4384.07,,26.0,,4730855.0,27.3,51.6,26.17096774193548,3987,0,1,1,12,0.635432300890177,-0.9813064702716096,,0,0
395,2000-12-01,QLD,3591.14,24.23,44.81,-0.21279999999999788,3537670.0,24.0,51.6,31.748387096774195,3987,1,0,1,12,0.635432300890177,-0.9813064702716096,0.21279999999999788,1,0
396,2001-01-01,NSW,5602.42,23.41,77.98,0.38192307692307637,6494668.7,21.7,51.1,27.919354838709676,4018,0,0,1,1,0.9886775902323405,-0.7583058084785624,0.38192307692307637,0,0
397,2001-01-01,VIC,4472.259999999999,,61.2,,4738478.3,23.2,51.1,29.661290322580644,4018,0,1,1,1,0.9886775902323405,-0.7583058084785624,,1,0
398,2001-01-01,QLD,3717.0099999999998,25.21,62.48,-0.1936,3543935.3,25.5,51.1,32.332258064516125,4018,1,0,1,1,0.9886775902323405,-0.7583058084785624,0.1936,1,0
399,2001-02-01,NSW,5275.460000000001,23.34,33.9,0.4575999999999958,6504256.3,19.6,49.3,27.017857142857142,4049,0,0,1,2,0.3456123126707335,-0.3212696616923644,0.4575999999999958,0,0
400,2001-02-01,VIC,4137.51,,49.33,,4746101.7,23.1,49.3,29.17142857142857,4049,0,1,1,2,0.3456123126707335,-0.3212696616923644,,1,0
401,2001-02-01,QLD,3443.25,24.22,33.98,-0.879999999999999,3550200.7,21.4,49.3,30.160714285714285,4049,1,0,1,2,0.3456123126707335,-0.3212696616923644,0.879999999999999,1,0
402,2001-03-01,NSW,5573.090000000001,21.64,32.27,-0.14480000000000004,6513844.0,16.0,47.4,25.38064516129032,4077,0,0,1,3,-0.6016240632249223,0.17129314418147756,0.14480000000000004,0,0
403,2001-03-01,VIC,4297.91,,31.35,,4753725.0,17.0,47.4,24.24516129032258,4077,0,1,1,3,-0.6016240632249223,0.17129314418147756,,0,0
404,2001-03-01,QLD,3765.62,24.72,55.07,0.759166666666669,3556466.0,19.1,47.4,30.483870967741936,4077,1,0,1,3,-0.6016240632249223,0.17129314418147756,0.759166666666669,1,0
405,2001-04-01,NSW,4949.66,19.13,31.03,0.18759999999999977,6519345.7,14.5,49.2,23.603333333333335,4108,0,0,1,4,-0.989932495087353,0.6486295610349814,0.18759999999999977,0,0
406,2001-04-01,VIC,4122.110000000001,,29.29,,4757021.7,11.3,49.2,20.19333333333333,4108,0,1,1,4,-0.989932495087353,0.6486295610349814,,0,0
407,2001-04-01,QLD,3632.3700000000003,21.28,31.46,-0.14874999999999616,3561467.0,17.0,49.2,27.336666666666666,4108,1,0,1,4,-0.989932495087353,0.6486295610349814,0.14874999999999616,0,0
408,2001-05-01,NSW,5939.9400000000005,14.75,36.75,-1.079600000000001,6524847.3,10.1,49.3,18.9741935483871,4138,0,0,1,5,-0.38566340624360745,0.9398560579418954,1.079600000000001,0,0
409,2001-05-01,VIC,4292.9,,35.04,,4760318.3,7.8,49.3,16.048387096774192,4138,0,1,1,5,-0.38566340624360745,0.9398560579418954,,0,0
410,2001-05-01,QLD,3771.2999999999997,17.77,39.26,-0.5512499999999996,3566468.0,14.5,49.3,24.003225806451614,4138,1,0,1,5,-0.38566340624360745,0.9398560579418954,0.5512499999999996,0,0
411,2001-06-01,NSW,6094.5199999999995,13.99,31.23,0.5747999999999998,6530349.0,9.7,49.7,19.346666666666668,4169,0,0,1,6,0.6220467484408669,0.9829265519799822,0.5747999999999998,0,0
412,2001-06-01,VIC,4344.280000000001,,30.0,,4763615.0,6.0,49.7,14.883333333333333,4169,0,1,1,6,0.6220467484408669,0.9829265519799822,,0,1
413,2001-06-01,QLD,3462.31,16.45,37.24,0.42916666666666714,3571469.0,12.3,49.7,23.34,4169,1,0,1,6,0.6220467484408669,0.9829265519799822,0.42916666666666714,0,0
414,2001-07-01,NSW,6119.509999999999,13.03,29.38,0.1372,6535196.3,8.7,48.8,16.822580645161292,4199,0,0,1,7,0.9911140639934548,0.7638886127905428,0.1372,0,0
415,2001-07-01,VIC,4644.700000000001,,43.02,,4767760.7,6.2,48.8,13.390322580645162,4199,0,1,1,7,0.9911140639934548,0.7638886127905428,,0,1
416,2001-07-01,QLD,3851.5399999999995,15.24,28.27,-0.07499999999999929,3577969.0,13.7,48.8,22.25483870967742,4199,1,0,1,7,0.9911140639934548,0.7638886127905428,0.07499999999999929,0,0
417,2001-08-01,NSW,5660.8,13.59,36.93,-0.5188000000000006,6540043.7,14.2,50.4,18.94193548387097,4230,0,0,1,8,0.3617137307297687,0.3294084822245304,0.5188000000000006,0,0
418,2001-08-01,VIC,4750.669999999999,,76.8,,4771906.3,9.0,50.4,14.580645161290322,4230,0,1,1,8,0.3617137307297687,0.3294084822245304,,0,1
419,2001-08-01,QLD,3950.6800000000003,15.92,30.69,-0.6483333333333317,3584469.0,18.0,50.4,23.44516129032258,4230,1,0,1,8,0.3617137307297687,0.3294084822245304,0.6483333333333317,0,0
420,2001-09-01,NSW,5077.2,17.09,26.53,0.3392000000000017,6544891.0,17.5,47.0,21.89,4261,0,0,1,9,-0.642054713236563,-0.1966728897935758,0.3392000000000017,0,0
421,2001-09-01,VIC,4310.56,,25.51,,4776052.0,13.9,47.0,18.526666666666664,4261,0,1,1,9,-0.642054713236563,-0.1966728897935758,,0,0
422,2001-09-01,QLD,3664.21,18.42,27.26,-0.7733333333333299,3590969.0,19.0,47.0,25.813333333333333,4261,1,0,1,9,-0.642054713236563,-0.1966728897935758,0.7733333333333299,0,0
423,2001-10-01,NSW,5302.7,18.43,29.61,-0.18599999999999994,6549422.0,23.2,48.7,23.838709677419356,4291,0,0,1,10,-0.9873494423939866,-0.655156357209085,0.18599999999999994,0,0
424,2001-10-01,VIC,4147.8,,28.92,,4780772.0,18.2,48.7,18.70967741935484,4291,0,1,1,10,-0.9873494423939866,-0.655156357209085,,0,0
425,2001-10-01,QLD,3873.86,21.26,40.67,-0.0625,3597713.7,22.8,48.7,29.03548387096774,4291,1,0,1,10,-0.9873494423939866,-0.655156357209085,0.0625,1,0
426,2001-11-01,NSW,5366.2300000000005,18.97,25.66,-1.1900000000000013,6553953.0,18.5,50.4,23.290000000000003,4322,0,0,1,11,-0.3375228995941137,-0.9483615800121713,1.1900000000000013,0,0
427,2001-11-01,VIC,4008.99,,26.76,,4785492.0,18.9,50.4,20.263333333333332,4322,0,1,1,11,-0.3375228995941137,-0.9483615800121713,,0,0
428,2001-11-01,QLD,3793.21,22.18,25.01,-0.7654166666666704,3604458.3,21.5,50.4,28.8,4322,1,0,1,11,-0.3375228995941137,-0.9483615800121713,0.7654166666666704,1,0
429,2001-12-01,NSW,5423.56,21.7,35.66,-0.01153846153846061,6558484.0,24.3,50.2,26.59032258064516,4352,0,0,1,12,0.635432300890177,-0.9813064702716096,0.01153846153846061,0,0
430,2001-12-01,VIC,3832.2000000000003,,34.61,,4790212.0,23.1,50.2,20.96451612903226,4352,0,1,1,12,0.635432300890177,-0.9813064702716096,,0,0
431,2001-12-01,QLD,4058.13,24.96,31.6,0.5172000000000025,3611203.0,24.5,50.2,32.31290322580645,4352,1,0,1,12,0.635432300890177,-0.9813064702716096,0.5172000000000025,1,0
432,2002-01-01,NSW,5570.8,22.85,41.93,-0.17807692307692236,6564088.0,27.2,50.2,26.835483870967742,4383,0,0,1,1,0.9886775902323405,-0.7583058084785624,0.17807692307692236,0,0
433,2002-01-01,VIC,4236.65,,36.62,,4796454.7,22.4,50.2,25.141935483870967,4383,0,1,1,1,0.9886775902323405,-0.7583058084785624,,0,0
434,2002-01-01,QLD,3966.1299999999997,25.9,50.05,0.49639999999999773,3617952.3,25.7,50.2,33.15161290322581,4383,1,0,1,1,0.9886775902323405,-0.7583058084785624,0.49639999999999773,1,0
435,2002-02-01,NSW,5068.24,21.76,41.16,-1.1224000000000025,6569692.0,19.0,51.1,25.082142857142856,4414,0,0,1,2,0.3456123126707335,-0.3212696616923644,1.1224000000000025,0,0
436,2002-02-01,VIC,4083.72,,34.81,,4802697.3,20.9,51.1,24.664285714285715,4414,0,1,1,2,0.3456123126707335,-0.3212696616923644,,0,0
437,2002-02-01,QLD,3682.69,25.92,45.61,0.8200000000000038,3624701.7,20.6,51.1,31.985714285714288,4414,1,0,1,2,0.3456123126707335,-0.3212696616923644,0.8200000000000038,1,0
438,2002-03-01,NSW,5495.660000000001,21.4,36.56,-0.38480000000000203,6575296.0,16.5,52.2,25.238709677419354,4442,0,0,1,3,-0.6016240632249223,0.17129314418147756,0.38480000000000203,0,0
439,2002-03-01,VIC,4159.97,,32.82,,4808940.0,16.9,52.2,23.816129032258065,4442,0,1,1,3,-0.6016240632249223,0.17129314418147756,,0,0
440,2002-03-01,QLD,4103.3,23.97,40.5,0.009166666666668988,3631451.0,21.1,52.2,30.4741935483871,4442,1,0,1,3,-0.6016240632249223,0.17129314418147756,0.009166666666668988,1,0
441,2002-04-01,NSW,5298.39,19.59,40.02,0.6476000000000006,6577133.0,13.7,52.1,23.683333333333334,4473,0,0,1,4,-0.989932495087353,0.6486295610349814,0.6476000000000006,0,0
442,2002-04-01,VIC,3883.81,,28.96,,4811884.7,11.0,52.1,21.243333333333332,4473,0,1,1,4,-0.989932495087353,0.6486295610349814,,0,0
443,2002-04-01,QLD,3849.94,21.63,96.98,0.2012500000000017,3638675.0,17.1,52.1,28.196666666666665,4473,1,0,1,4,-0.989932495087353,0.6486295610349814,0.2012500000000017,1,0
444,2002-05-01,NSW,5869.130000000001,15.33,87.15,-0.49960000000000093,6578970.0,10.3,53.5,19.548387096774192,4503,0,0,1,5,-0.38566340624360745,0.9398560579418954,0.49960000000000093,0,0
445,2002-05-01,VIC,4271.55,,61.6,,4814829.3,8.3,53.5,17.870967741935484,4503,0,1,1,5,-0.38566340624360745,0.9398560579418954,,0,0
446,2002-05-01,QLD,4090.29,18.12,74.58,-0.20124999999999815,3645899.0,14.3,53.5,24.92258064516129,4503,1,0,1,5,-0.38566340624360745,0.9398560579418954,0.20124999999999815,0,0
447,2002-06-01,NSW,5792.009999999999,13.29,63.46,-0.1252000000000013,6580807.0,9.4,52.3,18.426666666666666,4534,0,0,1,6,0.6220467484408669,0.9829265519799822,0.1252000000000013,0,0
448,2002-06-01,VIC,4558.93,,40.09,,4817774.0,6.5,52.3,14.776666666666667,4534,0,1,1,6,0.6220467484408669,0.9829265519799822,,0,1
449,2002-06-01,QLD,3990.54,16.09,67.52,0.06916666666666771,3653123.0,11.9,52.3,22.73,4534,1,0,1,6,0.6220467484408669,0.9829265519799822,0.06916666666666771,0,0
450,2002-07-01,NSW,6251.49,12.37,48.45,-0.5228000000000002,6584091.0,11.2,50.9,17.90967741935484,4564,0,0,1,7,0.9911140639934548,0.7638886127905428,0.5228000000000002,0,0
451,2002-07-01,VIC,4920.759999999999,,44.16,,4821977.0,8.0,50.9,14.306451612903226,4564,0,1,1,7,0.9911140639934548,0.7638886127905428,,0,1
452,2002-07-01,QLD,4073.89,14.19,64.91,-1.125,3661038.7,15.1,50.9,22.870967741935484,4564,1,0,1,7,0.9911140639934548,0.7638886127905428,1.125,0,0
453,2002-08-01,NSW,5904.75,14.05,31.2,-0.05879999999999974,6587375.0,13.9,51.3,19.032258064516128,4595,0,0,1,8,0.3617137307297687,0.3294084822245304,0.05879999999999974,0,0
454,2002-08-01,VIC,4822.76,,27.37,,4826180.0,10.5,51.3,15.151612903225805,4595,0,1,1,8,0.3617137307297687,0.3294084822245304,,0,1
455,2002-08-01,QLD,3920.0399999999995,16.1,33.46,-0.46833333333333016,3668954.3,15.3,51.3,23.393548387096775,4595,1,0,1,8,0.3617137307297687,0.3294084822245304,0.46833333333333016,0,0
456,2002-09-01,NSW,5044.460000000001,17.01,33.08,0.2592000000000034,6590659.0,19.5,50.9,22.86,4626,0,0,1,9,-0.642054713236563,-0.1966728897935758,0.2592000000000034,0,0
457,2002-09-01,VIC,4551.51,,28.39,,4830383.0,15.5,50.9,17.970000000000002,4626,0,1,1,9,-0.642054713236563,-0.1966728897935758,,0,0
458,2002-09-01,QLD,3787.1099999999997,19.56,34.19,0.36666666666666714,3676870.0,21.1,50.9,28.36,4626,1,0,1,9,-0.642054713236563,-0.1966728897935758,0.36666666666666714,1,0
459,2002-10-01,NSW,5295.64,18.92,30.39,0.30400000000000205,6593586.3,22.5,51.8,24.60967741935484,4656,0,0,1,10,-0.9873494423939866,-0.655156357209085,0.30400000000000205,0,0
460,2002-10-01,VIC,4462.700000000001,,27.26,,4835263.3,18.4,51.8,20.493548387096773,4656,0,1,1,10,-0.9873494423939866,-0.655156357209085,,0,0
461,2002-10-01,QLD,3973.69,21.4,36.51,0.07749999999999702,3684843.7,23.4,51.8,30.338709677419356,4656,1,0,1,10,-0.9873494423939866,-0.655156357209085,0.07749999999999702,1,0
462,2002-11-01,NSW,5080.63,20.6,42.46,0.4400000000000013,6596513.7,22.6,52.2,25.913333333333334,4687,0,0,1,11,-0.3375228995941137,-0.9483615800121713,0.4400000000000013,0,0
463,2002-11-01,VIC,4502.0199999999995,,28.37,,4840143.7,22.4,52.2,23.766666666666666,4687,0,1,1,11,-0.3375228995941137,-0.9483615800121713,,0,0
464,2002-11-01,QLD,4034.44,23.04,39.93,0.09458333333332902,3692817.3,25.8,52.2,31.11,4687,1,0,1,11,-0.3375228995941137,-0.9483615800121713,0.09458333333332902,1,0
465,2002-12-01,NSW,5254.4400000000005,21.41,34.19,-0.30153846153845976,6599441.0,25.8,51.7,25.896774193548385,4717,0,0,1,12,0.635432300890177,-0.9813064702716096,0.30153846153845976,0,0
466,2002-12-01,VIC,4521.72,,32.94,,4845024.0,23.4,51.7,25.23225806451613,4717,0,1,1,12,0.635432300890177,-0.9813064702716096,,0,0
467,2002-12-01,QLD,4127.459999999999,24.48,47.2,0.03720000000000212,3700791.0,28.0,51.7,31.741935483870968,4717,1,0,1,12,0.635432300890177,-0.9813064702716096,0.03720000000000212,1,0
468,2003-01-01,NSW,5400.999999999999,22.88,59.14,-0.14807692307692477,6604864.7,26.0,53.2,27.612903225806452,4748,0,0,1,1,0.9886775902323405,-0.7583058084785624,0.14807692307692477,0,0
469,2003-01-01,VIC,4734.17,,27.78,,4851420.7,26.7,53.2,27.687096774193552,4748,0,1,1,1,0.9886775902323405,-0.7583058084785624,,0,0
470,2003-01-01,QLD,4224.14,24.7,29.81,-0.7036000000000016,3708273.7,26.3,53.2,31.9,4748,1,0,1,1,0.9886775902323405,-0.7583058084785624,0.7036000000000016,1,0
471,2003-02-01,NSW,5053.75,23.28,28.17,0.39759999999999707,6610288.3,19.3,54.7,27.185714285714287,4779,0,0,1,2,0.3456123126707335,-0.3212696616923644,0.39759999999999707,0,0
472,2003-02-01,VIC,4374.83,,19.23,,4857817.3,21.6,54.7,26.025000000000002,4779,0,1,1,2,0.3456123126707335,-0.3212696616923644,,0,0
473,2003-02-01,QLD,3911.53,24.27,25.1,-0.8299999999999983,3715756.3,16.6,54.7,29.442857142857143,4779,1,0,1,2,0.3456123126707335,-0.3212696616923644,0.8299999999999983,1,0
474,2003-03-01,NSW,5264.53,20.83,19.24,-0.9548000000000023,6615712.0,18.3,54.8,24.56451612903226,4807,0,0,1,3,-0.6016240632249223,0.17129314418147756,0.9548000000000023,0,0
475,2003-03-01,VIC,4504.21,,25.18,,4864214.0,17.5,54.8,23.712903225806453,4807,0,1,1,3,-0.6016240632249223,0.17129314418147756,,0,0
476,2003-03-01,QLD,4360.179999999999,22.92,16.61,-1.0408333333333282,3723239.0,17.9,54.8,28.519354838709678,4807,1,0,1,3,-0.6016240632249223,0.17129314418147756,1.0408333333333282,1,0
477,2003-04-01,NSW,4919.82,18.22,17.23,-0.7224000000000004,6617379.7,13.1,56.1,21.873333333333335,4838,0,0,1,4,-0.989932495087353,0.6486295610349814,0.7224000000000004,0,0
478,2003-04-01,VIC,4618.54,,16.95,,4867412.3,12.8,56.1,20.35666666666667,4838,0,1,1,4,-0.989932495087353,0.6486295610349814,,0,0
479,2003-04-01,QLD,3990.3499999999995,20.84,16.33,-0.5887499999999974,3729866.3,16.0,56.1,26.19333333333333,4838,1,0,1,4,-0.989932495087353,0.6486295610349814,0.5887499999999974,0,0
480,2003-05-01,NSW,5616.03,16.16,20.9,0.33039999999999914,6619047.3,9.4,57.7,20.306451612903224,4868,0,0,1,5,-0.38566340624360745,0.9398560579418954,0.33039999999999914,0,0
481,2003-05-01,VIC,4626.23,,22.45,,4870610.7,8.4,57.7,17.970967741935485,4868,0,1,1,5,-0.38566340624360745,0.9398560579418954,,0,0
482,2003-05-01,QLD,4318.2699999999995,18.07,18.04,-0.25124999999999886,3736493.7,13.7,57.7,24.25483870967742,4868,1,0,1,5,-0.38566340624360745,0.9398560579418954,0.25124999999999886,0,0
483,2003-06-01,NSW,5853.409999999999,14.45,59.98,1.0347999999999988,6620715.0,10.1,59.4,19.52,4899,0,0,1,6,0.6220467484408669,0.9829265519799822,1.0347999999999988,0,0
484,2003-06-01,VIC,4534.43,,46.72,,4873809.0,6.1,59.4,14.716666666666667,4899,0,1,1,6,0.6220467484408669,0.9829265519799822,,0,1
485,2003-06-01,QLD,4057.02,16.27,42.6,0.24916666666666742,3743121.0,12.0,59.4,22.6,4899,1,0,1,6,0.6220467484408669,0.9829265519799822,0.24916666666666742,0,0
486,2003-07-01,NSW,6282.34,12.67,49.36,-0.22279999999999944,6622989.3,10.2,58.3,17.438709677419357,4929,0,0,1,7,0.9911140639934548,0.7638886127905428,0.22279999999999944,0,0
487,2003-07-01,VIC,4724.799999999999,,26.89,,4878481.3,8.0,58.3,13.625806451612902,4929,0,1,1,7,0.9911140639934548,0.7638886127905428,,0,1
488,2003-07-01,QLD,4437.329999999999,14.74,44.19,-0.5749999999999993,3750450.3,13.4,58.3,21.148387096774194,4929,1,0,1,7,0.9911140639934548,0.7638886127905428,0.5749999999999993,0,0
489,2003-08-01,NSW,6045.09,13.69,19.63,-0.41880000000000095,6625263.7,13.4,57.3,18.92258064516129,4960,0,0,1,8,0.3617137307297687,0.3294084822245304,0.41880000000000095,0,0
490,2003-08-01,VIC,4676.889999999999,,20.75,,4883153.7,10.0,57.3,13.712903225806452,4960,0,1,1,8,0.3617137307297687,0.3294084822245304,,0,1
491,2003-08-01,QLD,4348.5,16.1,17.28,-0.46833333333333016,3757779.7,15.3,57.3,23.425806451612903,4960,1,0,1,8,0.3617137307297687,0.3294084822245304,0.46833333333333016,0,0
492,2003-09-01,NSW,5504.22,16.88,19.47,0.12920000000000087,6627538.0,18.2,59.1,22.366666666666667,4991,0,0,1,9,-0.642054713236563,-0.1966728897935758,0.12920000000000087,0,0
493,2003-09-01,VIC,4237.96,,21.83,,4887826.0,14.9,59.1,16.356666666666666,4991,0,1,1,9,-0.642054713236563,-0.1966728897935758,,0,0
494,2003-09-01,QLD,4281.070000000001,20.25,17.26,1.0566666666666684,3765109.0,22.4,59.1,29.78666666666667,4991,1,0,1,9,-0.642054713236563,-0.1966728897935758,1.0566666666666684,1,0
495,2003-10-01,NSW,5635.369999999999,16.47,18.31,-2.146000000000001,6629861.7,18.2,61.0,21.241935483870968,5021,0,0,1,10,-0.9873494423939866,-0.655156357209085,2.146000000000001,0,0
496,2003-10-01,VIC,4208.19,,21.0,,4891942.7,16.2,61.0,16.42258064516129,5021,0,1,1,10,-0.9873494423939866,-0.655156357209085,,0,0
497,2003-10-01,QLD,4449.369999999999,20.41,16.67,-0.9125000000000014,3772926.0,20.5,61.0,27.206451612903226,5021,1,0,1,10,-0.9873494423939866,-0.655156357209085,0.9125000000000014,0,0
498,2003-11-01,NSW,5557.449999999999,18.61,20.72,-1.5500000000000007,6632185.3,22.7,62.1,22.923333333333332,5052,0,0,1,11,-0.3375228995941137,-0.9483615800121713,1.5500000000000007,0,0
499,2003-11-01,VIC,3844.29,,22.61,,4896059.3,23.8,62.1,22.82,5052,0,1,1,11,-0.3375228995941137,-0.9483615800121713,,0,0
500,2003-11-01,QLD,4327.780000000001,21.95,21.75,-0.9954166666666708,3780743.0,26.3,62.1,29.136666666666667,5052,1,0,1,11,-0.3375228995941137,-0.9483615800121713,0.9954166666666708,1,0
501,2003-12-01,NSW,5712.71,21.79,23.09,0.07846153846153925,6634509.0,21.8,63.5,26.480645161290322,5082,0,0,1,12,0.635432300890177,-0.9813064702716096,0.07846153846153925,0,0
502,2003-12-01,VIC,4329.04,,23.89,,4900176.0,24.4,63.5,27.361290322580647,5082,0,1,1,12,0.635432300890177,-0.9813064702716096,,0,0
503,2003-12-01,QLD,4369.66,24.37,21.43,-0.07279999999999731,3788560.0,23.2,63.5,30.88064516129032,5082,1,0,1,12,0.635432300890177,-0.9813064702716096,0.07279999999999731,1,0
504,2004-01-01,NSW,5554.26,23.11,76.93,0.08192307692307566,6639099.3,24.6,64.5,27.75483870967742,5113,0,0,1,1,0.9886775902323405,-0.7583058084785624,0.08192307692307566,0,0
505,2004-01-01,VIC,4589.61,,23.06,,4906140.7,23.8,64.5,24.76774193548387,5113,0,1,1,1,0.9886775902323405,-0.7583058084785624,,0,0
506,2004-01-01,QLD,4599.46,26.14,26.25,0.7363999999999997,3796013.7,24.0,64.5,32.98064516129032,5113,1,0,1,1,0.9886775902323405,-0.7583058084785624,0.7363999999999997,1,0
507,2004-02-01,NSW,5497.5,23.21,56.06,0.3275999999999968,6643689.7,20.8,65.2,27.79655172413793,5144,0,0,1,2,0.3456123126707335,-0.3212696616923644,0.3275999999999968,0,0
508,2004-02-01,VIC,4560.360000000001,,43.8,,4912105.3,21.4,65.2,26.372413793103448,5144,0,1,1,2,0.3456123126707335,-0.3212696616923644,,0,0
509,2004-02-01,QLD,4468.14,26.43,46.54,1.3300000000000018,3803467.3,23.9,65.2,32.775862068965516,5144,1,0,1,2,0.3456123126707335,-0.3212696616923644,1.3300000000000018,1,0
510,2004-03-01,NSW,5445.55,21.85,25.24,0.06520000000000081,6648280.0,17.0,63.8,25.62258064516129,5173,0,0,1,3,-0.6016240632249223,0.17129314418147756,0.06520000000000081,0,0
511,2004-03-01,VIC,4781.860000000001,,23.9,,4918070.0,18.6,63.8,23.52258064516129,5173,0,1,1,3,-0.6016240632249223,0.17129314418147756,,0,0
512,2004-03-01,QLD,4583.91,24.03,21.97,0.06916666666667126,3810921.0,19.0,63.8,28.861290322580647,5173,1,0,1,3,-0.6016240632249223,0.17129314418147756,0.06916666666667126,1,0
513,2004-04-01,NSW,5188.94,19.62,31.52,0.6776000000000018,6649098.3,14.7,62.1,23.803333333333335,5204,0,0,1,4,-0.989932495087353,0.6486295610349814,0.6776000000000018,0,0
514,2004-04-01,VIC,4294.97,,28.77,,4921096.3,12.1,62.1,20.85666666666667,5204,0,1,1,4,-0.989932495087353,0.6486295610349814,,0,0
515,2004-04-01,QLD,4148.4400000000005,21.76,28.95,0.33125000000000426,3817270.7,16.6,62.1,27.46333333333333,5204,1,0,1,4,-0.989932495087353,0.6486295610349814,0.33125000000000426,0,0
516,2004-05-01,NSW,5710.13,15.58,34.33,-0.24960000000000093,6649916.7,11.7,61.1,20.56451612903226,5234,0,0,1,5,-0.38566340624360745,0.9398560579418954,0.24960000000000093,0,0
517,2004-05-01,VIC,4772.79,,31.82,,4924122.7,8.2,61.1,16.329032258064515,5234,0,1,1,5,-0.38566340624360745,0.9398560579418954,,0,0
518,2004-05-01,QLD,4284.909999999999,17.66,31.1,-0.661249999999999,3823620.3,14.4,61.1,24.603225806451615,5234,1,0,1,5,-0.38566340624360745,0.9398560579418954,0.661249999999999,0,0
519,2004-06-01,NSW,6015.84,14.01,32.45,0.5947999999999993,6650735.0,10.1,59.1,19.84,5265,0,0,1,6,0.6220467484408669,0.9829265519799822,0.5947999999999993,0,0
520,2004-06-01,VIC,4788.11,,31.18,,4927149.0,6.6,59.1,13.886666666666667,5265,0,1,1,6,0.6220467484408669,0.9829265519799822,,0,1
521,2004-06-01,QLD,4235.59,15.76,29.03,-0.26083333333333236,3829970.0,13.4,59.1,23.163333333333334,5265,1,0,1,6,0.6220467484408669,0.9829265519799822,0.26083333333333236,0,0
522,2004-07-01,NSW,6487.379999999999,12.68,47.36,-0.21279999999999966,6653962.0,9.8,60.2,17.393548387096775,5295,0,0,1,7,0.9911140639934548,0.7638886127905428,0.21279999999999966,0,0
523,2004-07-01,VIC,4844.43,,34.8,,4932552.3,7.2,60.2,12.870967741935484,5295,0,1,1,7,0.9911140639934548,0.7638886127905428,,0,1
524,2004-07-01,QLD,4507.38,15.47,29.93,0.15500000000000114,3836597.3,14.0,60.2,23.11935483870968,5295,1,0,1,7,0.9911140639934548,0.7638886127905428,0.15500000000000114,0,0
525,2004-08-01,NSW,6260.830000000001,14.16,31.29,0.05119999999999969,6657189.0,13.1,60.1,19.316129032258065,5326,0,0,1,8,0.3617137307297687,0.3294084822245304,0.05119999999999969,0,0
526,2004-08-01,VIC,4881.08,,24.28,,4937955.7,10.7,60.1,15.219354838709679,5326,0,1,1,8,0.3617137307297687,0.3294084822245304,,0,1
527,2004-08-01,QLD,4268.96,16.22,25.14,-0.3483333333333327,3843224.7,17.7,60.1,24.47741935483871,5326,1,0,1,8,0.3617137307297687,0.3294084822245304,0.3483333333333327,0,0
528,2004-09-01,NSW,5487.25,15.98,87.78,-0.7707999999999977,6660416.0,15.3,61.0,21.446666666666665,5357,0,0,1,9,-0.642054713236563,-0.1966728897935758,0.7707999999999977,0,0
529,2004-09-01,VIC,4570.42,,27.29,,4943359.0,12.1,61.0,15.936666666666667,5357,0,1,1,9,-0.642054713236563,-0.1966728897935758,,0,1
530,2004-09-01,QLD,4084.47,18.44,78.24,-0.7533333333333303,3849852.0,20.8,61.0,26.586666666666666,5357,1,0,1,9,-0.642054713236563,-0.1966728897935758,0.7533333333333303,0,0
531,2004-10-01,NSW,5510.22,18.27,79.09,-0.3460000000000001,6663346.0,20.1,62.5,23.26451612903226,5387,0,0,1,10,-0.9873494423939866,-0.655156357209085,0.3460000000000001,0,0
532,2004-10-01,VIC,4492.610000000001,,45.63,,4947955.0,19.2,62.5,20.248387096774195,5387,0,1,1,10,-0.9873494423939866,-0.655156357209085,,0,0
533,2004-10-01,QLD,4171.33,21.95,49.73,0.6274999999999977,3857351.7,21.9,62.5,30.125806451612902,5387,1,0,1,10,-0.9873494423939866,-0.655156357209085,0.6274999999999977,1,0
534,2004-11-01,NSW,5407.84,20.21,98.82,0.05000000000000071,6666276.0,22.1,63.6,25.709999999999997,5418,0,0,1,11,-0.3375228995941137,-0.9483615800121713,0.05000000000000071,0,0
535,2004-11-01,VIC,4471.54,,36.67,,4952551.0,20.7,63.6,21.433333333333334,5418,0,1,1,11,-0.3375228995941137,-0.9483615800121713,,0,0
536,2004-11-01,QLD,4361.700000000001,22.88,55.24,-0.06541666666667112,3864851.3,24.5,63.6,29.546666666666667,5418,1,0,1,11,-0.3375228995941137,-0.9483615800121713,0.06541666666667112,1,0
537,2004-12-01,NSW,5393.76,21.0,32.27,-0.7115384615384599,6669206.0,25.1,63.2,26.061290322580643,5448,0,0,1,12,0.635432300890177,-0.9813064702716096,0.7115384615384599,0,0
538,2004-12-01,VIC,4516.24,,29.55,,4957147.0,24.0,63.2,23.87741935483871,5448,0,1,1,12,0.635432300890177,-0.9813064702716096,,0,0
539,2004-12-01,QLD,4683.08,24.2,31.3,-0.24279999999999902,3872351.0,23.7,63.2,30.316129032258065,5448,1,0,1,12,0.635432300890177,-0.9813064702716096,0.24279999999999902,1,0
540,2005-01-01,NSW,5574.160000000001,22.57,47.65,-0.4580769230769235,6674762.3,25.4,63.5,26.990322580645163,5479,0,0,1,1,0.9886775902323405,-0.7583058084785624,0.4580769230769235,0,0
541,2005-01-01,VIC,4618.35,,25.76,,4964212.0,24.5,63.5,26.674193548387095,5479,0,1,1,1,0.9886775902323405,-0.7583058084785624,,0,0
542,2005-01-01,QLD,4804.8099999999995,25.27,23.01,-0.13360000000000127,3880551.0,23.8,63.5,31.29032258064516,5479,1,0,1,1,0.9886775902323405,-0.7583058084785624,0.13360000000000127,1,0
543,2005-02-01,NSW,5389.99,22.65,23.27,-0.2324000000000055,6680318.7,23.8,64.4,27.37142857142857,5510,0,0,1,2,0.3456123126707335,-0.3212696616923644,0.2324000000000055,0,0
544,2005-02-01,VIC,4134.15,,25.8,,4971277.0,19.3,64.4,23.32857142857143,5510,0,1,1,2,0.3456123126707335,-0.3212696616923644,,0,0
545,2005-02-01,QLD,4501.610000000001,25.83,19.99,0.7300000000000004,3888751.0,25.2,64.4,32.607142857142854,5510,1,0,1,2,0.3456123126707335,-0.3212696616923644,0.7300000000000004,1,0
546,2005-03-01,NSW,5428.1,20.18,21.74,-1.604800000000001,6685875.0,17.5,63.8,23.83225806451613,5538,0,0,1,3,-0.6016240632249223,0.17129314418147756,1.604800000000001,0,0
547,2005-03-01,VIC,4609.25,,21.05,,4978342.0,18.1,63.8,23.138709677419353,5538,0,1,1,3,-0.6016240632249223,0.17129314418147756,,0,0
548,2005-03-01,QLD,4848.07,23.36,17.83,-0.6008333333333304,3896951.0,21.7,63.8,30.919354838709676,5538,1,0,1,3,-0.6016240632249223,0.17129314418147756,0.6008333333333304,1,0
549,2005-04-01,NSW,5227.93,20.34,27.9,1.3976000000000006,6688318.7,14.3,64.1,25.17,5569,0,0,1,4,-0.989932495087353,0.6486295610349814,1.3976000000000006,0,0
550,2005-04-01,VIC,4143.42,,28.04,,4981976.7,13.4,64.1,23.44,5569,0,1,1,4,-0.989932495087353,0.6486295610349814,,0,0
551,2005-04-01,QLD,4687.349999999999,21.76,22.49,0.33125000000000426,3904132.0,17.8,64.1,29.146666666666665,5569,1,0,1,4,-0.989932495087353,0.6486295610349814,0.33125000000000426,1,0
552,2005-05-01,NSW,5723.38,15.85,26.48,0.02039999999999864,6690762.3,10.4,63.2,20.429032258064513,5599,0,0,1,5,-0.38566340624360745,0.9398560579418954,0.02039999999999864,0,0
553,2005-05-01,VIC,4627.0599999999995,,25.73,,4985611.3,9.4,63.2,17.799999999999997,5599,0,1,1,5,-0.38566340624360745,0.9398560579418954,,0,0
554,2005-05-01,QLD,4643.61,18.23,22.82,-0.09124999999999872,3911313.0,14.1,63.2,25.309677419354838,5599,1,0,1,5,-0.38566340624360745,0.9398560579418954,0.09124999999999872,0,0
555,2005-06-01,NSW,6057.849999999999,14.29,28.7,0.8747999999999987,6693206.0,8.6,64.5,19.293333333333333,5630,0,0,1,6,0.6220467484408669,0.9829265519799822,0.8747999999999987,0,0
556,2005-06-01,VIC,4635.55,,24.21,,4989246.0,6.3,64.5,15.416666666666666,5630,0,1,1,6,0.6220467484408669,0.9829265519799822,,0,1
557,2005-06-01,QLD,4576.99,16.75,24.3,0.7291666666666679,3918494.0,10.4,64.5,22.389999999999997,5630,1,0,1,6,0.6220467484408669,0.9829265519799822,0.7291666666666679,0,0
558,2005-07-01,NSW,6371.58,13.36,49.76,0.46720000000000006,6697947.0,10.4,64.3,18.687096774193545,5660,0,0,1,7,0.9911140639934548,0.7638886127905428,0.46720000000000006,0,0
559,2005-07-01,VIC,4539.889999999999,,26.21,,4994911.0,6.5,64.3,14.087096774193547,5660,0,1,1,7,0.9911140639934548,0.7638886127905428,,0,1
560,2005-07-01,QLD,4895.71,16.07,43.01,0.7550000000000008,3925827.3,13.2,64.3,22.77741935483871,5660,1,0,1,7,0.9911140639934548,0.7638886127905428,0.7550000000000008,0,0
561,2005-08-01,NSW,6313.74,13.84,35.15,-0.2688000000000006,6702688.0,14.1,63.3,19.561290322580643,5691,0,0,1,8,0.3617137307297687,0.3294084822245304,0.2688000000000006,0,0
562,2005-08-01,VIC,4539.209999999999,,25.37,,5000576.0,10.4,63.3,14.85483870967742,5691,0,1,1,8,0.3617137307297687,0.3294084822245304,,0,1
563,2005-08-01,QLD,4868.28,16.01,29.74,-0.55833333333333,3933160.7,16.1,63.3,23.473333333333336,5691,1,0,1,8,0.3617137307297687,0.3294084822245304,0.55833333333333,0,0
564,2005-09-01,NSW,5508.39,15.93,44.26,-0.8207999999999984,6707429.0,16.3,64.7,20.723333333333336,5722,0,0,1,9,-0.642054713236563,-0.1966728897935758,0.8207999999999984,0,0
565,2005-09-01,VIC,4357.18,,32.36,,5006241.0,13.8,64.7,17.03666666666667,5722,0,1,1,9,-0.642054713236563,-0.1966728897935758,,0,0
566,2005-09-01,QLD,4457.92,18.89,23.93,-0.303333333333331,3940494.0,19.8,64.7,26.953333333333333,5722,1,0,1,9,-0.642054713236563,-0.1966728897935758,0.303333333333331,0,0
567,2005-10-01,NSW,5478.520000000001,19.42,51.33,0.804000000000002,6710960.3,18.7,63.9,24.416129032258063,5752,0,0,1,10,-0.9873494423939866,-0.655156357209085,0.804000000000002,0,0
568,2005-10-01,VIC,4356.280000000001,,22.41,,5011895.0,19.3,63.9,20.53548387096774,5752,0,1,1,10,-0.9873494423939866,-0.655156357209085,,0,0
569,2005-10-01,QLD,4607.200000000001,22.57,22.77,1.2474999999999987,3948387.7,20.9,63.9,30.37,5752,1,0,1,10,-0.9873494423939866,-0.655156357209085,1.2474999999999987,1,0
570,2005-11-01,NSW,5458.98,19.9,22.16,-0.26000000000000156,6714491.7,21.5,63.7,24.763333333333332,5783,0,0,1,11,-0.3375228995941137,-0.9483615800121713,0.26000000000000156,0,0
571,2005-11-01,VIC,4235.139999999999,,22.57,,5017549.0,22.9,63.7,23.67,5783,0,1,1,11,-0.3375228995941137,-0.9483615800121713,,0,0
572,2005-11-01,QLD,4680.429999999999,23.25,18.68,0.3045833333333299,3956281.3,21.9,63.7,29.30666666666667,5783,1,0,1,11,-0.3375228995941137,-0.9483615800121713,0.3045833333333299,1,0
573,2005-12-01,NSW,5710.55,23.09,38.34,1.37846153846154,6718023.0,,62.7,29.516129032258064,5813,0,0,1,12,0.635432300890177,-0.9813064702716096,1.37846153846154,1,0
574,2005-12-01,VIC,4809.79,,34.94,,5023203.0,,62.7,27.52258064516129,5813,0,1,1,12,0.635432300890177,-0.9813064702716096,,0,0
575,2005-12-01,QLD,4924.990000000001,26.47,26.62,2.0272000000000006,3964175.0,,62.7,33.88666666666667,5813,1,0,1,12,0.635432300890177,-0.9813064702716096,2.0272000000000006,1,0
576,2006-01-01,NSW,6023.11,23.3,26.79,0.27192307692307693,6723858.0,21.5,63.4,28.032258064516128,5844,0,0,1,1,0.9886775902323405,-0.7583058084785624,0.27192307692307693,1,0
577,2006-01-01,VIC,4703.94,,53.74,,5031537.7,26.1,63.4,27.903225806451612,5844,0,1,1,1,0.9886775902323405,-0.7583058084785624,,0,0
578,2006-01-01,QLD,5052.9800000000005,26.13,25.1,0.7263999999999982,3972001.0,24.8,63.4,32.43103448275862,5844,1,0,1,1,0.9886775902323405,-0.7583058084785624,0.7263999999999982,1,0
579,2006-02-01,NSW,5613.72,23.58,60.9,0.6975999999999942,6729693.0,20.7,62.6,27.87142857142857,5875,0,0,1,2,0.3456123126707335,-0.3212696616923644,0.6975999999999942,0,0
580,2006-02-01,VIC,4326.29,,55.43,,5039872.3,23.2,62.6,25.185714285714287,5875,0,1,1,2,0.3456123126707335,-0.3212696616923644,,0,0
581,2006-02-01,QLD,4487.67,25.92,47.09,0.8200000000000038,3979827.0,23.1,62.6,33.17857142857143,5875,1,0,1,2,0.3456123126707335,-0.3212696616923644,0.8200000000000038,1,0
582,2006-03-01,NSW,5865.64,22.56,23.54,0.7751999999999981,6735528.0,17.3,60.8,26.75483870967742,5903,0,0,1,3,-0.6016240632249223,0.17129314418147756,0.7751999999999981,0,0
583,2006-03-01,VIC,4701.6,,23.99,,5048207.0,19.2,60.8,25.970967741935485,5903,0,1,1,3,-0.6016240632249223,0.17129314418147756,,0,0
584,2006-03-01,QLD,4971.75,23.36,22.63,-0.6008333333333304,3987653.0,17.4,60.8,29.451612903225808,5903,1,0,1,3,-0.6016240632249223,0.17129314418147756,0.6008333333333304,1,0
585,2006-04-01,NSW,5460.799999999999,18.72,21.97,-0.22240000000000038,6737915.3,16.4,62.8,23.7,5934,0,0,1,4,-0.989932495087353,0.6486295610349814,0.22240000000000038,0,0
586,2006-04-01,VIC,4251.709999999999,,22.81,,5052560.0,11.0,62.8,18.64,5934,0,1,1,4,-0.989932495087353,0.6486295610349814,,0,0
587,2006-04-01,QLD,4624.2,21.64,22.47,0.21125000000000327,3994432.7,18.2,62.8,29.026666666666664,5934,1,0,1,4,-0.989932495087353,0.6486295610349814,0.21125000000000327,1,0
588,2006-05-01,NSW,6239.59,15.31,27.23,-0.5196000000000005,6740302.7,10.7,63.2,19.90967741935484,5964,0,0,1,5,-0.38566340624360745,0.9398560579418954,0.5196000000000005,0,0
589,2006-05-01,VIC,4706.78,,29.37,,5056913.0,7.2,63.2,15.241935483870968,5964,0,1,1,5,-0.38566340624360745,0.9398560579418954,,0,1
590,2006-05-01,QLD,4745.400000000001,17.7,24.5,-0.6212499999999999,4001212.3,15.5,63.2,25.65806451612903,5964,1,0,1,5,-0.38566340624360745,0.9398560579418954,0.6212499999999999,0,0
591,2006-06-01,NSW,6705.36,12.1,30.59,-1.3152000000000008,6742690.0,7.7,62.2,16.416666666666668,5995,0,0,1,6,0.6220467484408669,0.9829265519799822,1.3152000000000008,0,0
592,2006-06-01,VIC,4729.21,,32.99,,5061266.0,6.0,62.2,13.003333333333334,5995,0,1,1,6,0.6220467484408669,0.9829265519799822,,0,1
593,2006-06-01,QLD,4746.04,15.73,24.23,-0.2908333333333317,4007992.0,11.8,62.2,22.023333333333333,5995,1,0,1,6,0.6220467484408669,0.9829265519799822,0.2908333333333317,0,0
594,2006-07-01,NSW,6471.840000000001,12.85,45.11,-0.04279999999999973,6750504.3,8.9,63.9,17.345161290322583,6025,0,0,1,7,0.9911140639934548,0.7638886127905428,0.04279999999999973,0,0
595,2006-07-01,VIC,4830.87,,44.69,,5068708.3,6.3,63.9,13.125806451612904,6025,0,1,1,7,0.9911140639934548,0.7638886127905428,,0,1
596,2006-07-01,QLD,5047.71,15.73,29.61,0.4150000000000009,4015854.7,12.6,63.9,22.551612903225806,6025,1,0,1,7,0.9911140639934548,0.7638886127905428,0.4150000000000009,0,0
597,2006-08-01,NSW,6398.88,14.12,27.34,0.011199999999998766,6758318.7,12.7,63.7,18.98709677419355,6056,0,0,1,8,0.3617137307297687,0.3294084822245304,0.011199999999998766,0,0
598,2006-08-01,VIC,4749.3099999999995,,29.35,,5076150.7,10.8,63.7,15.845161290322581,6056,0,1,1,8,0.3617137307297687,0.3294084822245304,,0,1
599,2006-08-01,QLD,4872.0599999999995,16.69,22.9,0.1216666666666697,4023717.3,16.9,63.7,24.782142857142855,6056,1,0,1,8,0.3617137307297687,0.3294084822245304,0.1216666666666697,0,0
600,2006-09-01,NSW,5691.65,17.74,26.15,0.9892000000000003,6766133.0,18.1,62.6,22.86,6087,0,0,1,9,-0.642054713236563,-0.1966728897935758,0.9892000000000003,0,0
601,2006-09-01,VIC,4361.79,,28.69,,5083593.0,14.9,62.6,18.56,6087,0,1,1,9,-0.642054713236563,-0.1966728897935758,,0,0
602,2006-09-01,QLD,4710.969999999999,18.67,19.83,-0.5233333333333299,4031580.0,19.7,62.6,25.62,6087,1,0,1,9,-0.642054713236563,-0.1966728897935758,0.5233333333333299,0,0
603,2006-10-01,NSW,5701.589999999999,18.69,26.61,0.07400000000000162,6772808.7,20.7,64.0,24.425806451612903,6117,0,0,1,10,-0.9873494423939866,-0.655156357209085,0.07400000000000162,0,0
604,2006-10-01,VIC,4451.06,,29.89,,5090383.7,23.2,64.0,21.519354838709678,6117,0,1,1,10,-0.9873494423939866,-0.655156357209085,,0,0
605,2006-10-01,QLD,4870.31,20.61,21.04,-0.7125000000000021,4039668.3,22.5,64.0,28.174193548387095,6117,1,0,1,10,-0.9873494423939866,-0.655156357209085,0.7125000000000021,1,0
606,2006-11-01,NSW,5709.04,19.8,31.96,-0.35999999999999943,6779484.3,21.8,64.5,25.013333333333332,6148,0,0,1,11,-0.3375228995941137,-0.9483615800121713,0.35999999999999943,0,0
607,2006-11-01,VIC,4438.82,,32.62,,5097174.3,23.6,64.5,22.84,6148,0,1,1,11,-0.3375228995941137,-0.9483615800121713,,0,0
608,2006-11-01,QLD,4865.24,22.4,25.29,-0.5454166666666715,4047756.7,26.2,64.5,29.7,6148,1,0,1,11,-0.3375228995941137,-0.9483615800121713,0.5454166666666715,1,0
609,2006-12-01,NSW,5604.2699999999995,20.54,21.96,-1.1715384615384608,6786160.0,22.5,64.9,24.9741935483871,6178,0,0,1,12,0.635432300890177,-0.9813064702716096,1.1715384615384608,0,0
610,2006-12-01,VIC,4727.53,,22.7,,5103965.0,26.6,64.9,25.241935483870968,6178,0,1,1,12,0.635432300890177,-0.9813064702716096,,0,0
611,2006-12-01,QLD,4848.700000000001,22.56,20.02,-1.8827999999999996,4055845.0,23.1,64.9,29.1,6178,1,0,1,12,0.635432300890177,-0.9813064702716096,1.8827999999999996,1,0
612,2007-01-01,NSW,6234.419999999999,22.57,45.33,-0.4580769230769235,6795893.0,27.9,63.8,27.493548387096773,6209,0,0,1,1,0.9886775902323405,-0.7583058084785624,0.4580769230769235,0,0
613,2007-01-01,VIC,4635.67,,91.58,,5114001.3,24.4,63.8,28.348387096774193,6209,0,1,1,1,0.9886775902323405,-0.7583058084785624,,1,0
614,2007-01-01,QLD,5039.33,25.13,61.44,-0.27360000000000184,4065407.0,24.2,63.8,31.96206896551724,6209,1,0,1,1,0.9886775902323405,-0.7583058084785624,0.27360000000000184,1,0
615,2007-02-01,NSW,5644.2699999999995,22.98,47.28,0.09759999999999636,6805626.0,21.2,64.6,26.75714285714286,6240,0,0,1,2,0.3456123126707335,-0.3212696616923644,0.09759999999999636,0,0
616,2007-02-01,VIC,4449.71,,51.47,,5124037.7,22.7,64.6,29.582142857142856,6240,0,1,1,2,0.3456123126707335,-0.3212696616923644,,1,0
617,2007-02-01,QLD,4613.32,24.45,40.27,-0.6499999999999986,4074969.0,22.0,64.6,30.75714285714286,6240,1,0,1,2,0.3456123126707335,-0.3212696616923644,0.6499999999999986,1,0
618,2007-03-01,NSW,5904.049999999999,22.08,53.36,0.2951999999999977,6815359.0,17.2,65.9,26.27741935483871,6268,0,0,1,3,-0.6016240632249223,0.17129314418147756,0.2951999999999977,0,0
619,2007-03-01,VIC,4743.92,,55.72,,5134074.0,17.9,65.9,25.48709677419355,6268,0,1,1,3,-0.6016240632249223,0.17129314418147756,,0,0
620,2007-03-01,QLD,5165.05,24.76,45.5,0.7991666666666717,4084531.0,21.6,65.9,31.806451612903224,6268,1,0,1,3,-0.6016240632249223,0.17129314418147756,0.7991666666666717,1,0
621,2007-04-01,NSW,5089.03,18.89,72.53,-0.05239999999999867,6821624.7,14.1,67.0,22.796666666666667,6299,0,0,1,4,-0.989932495087353,0.6486295610349814,0.05239999999999867,0,0
622,2007-04-01,VIC,4579.66,,64.1,,5140556.7,12.9,67.0,22.176666666666666,6299,0,1,1,4,-0.989932495087353,0.6486295610349814,,0,0
623,2007-04-01,QLD,4492.950000000001,21.88,85.84,0.4512500000000017,4093360.0,17.6,67.0,28.96551724137931,6299,1,0,1,4,-0.989932495087353,0.6486295610349814,0.4512500000000017,1,0
624,2007-05-01,NSW,5900.84,17.55,58.44,1.7203999999999997,6827890.3,11.4,67.0,22.72258064516129,6329,0,0,1,5,-0.38566340624360745,0.9398560579418954,1.7203999999999997,0,0
625,2007-05-01,VIC,4521.41,,57.55,,5147039.3,8.1,67.0,18.674193548387095,6329,0,1,1,5,-0.38566340624360745,0.9398560579418954,,0,0
626,2007-05-01,QLD,4616.19,20.39,57.04,2.0687500000000014,4102189.0,13.9,67.0,27.307407407407407,6329,1,0,1,5,-0.38566340624360745,0.9398560579418954,2.0687500000000014,0,0
627,2007-06-01,NSW,6267.83,12.6,237.54,-0.8152000000000008,6834156.0,7.2,68.9,16.673333333333332,6360,0,0,1,6,0.6220467484408669,0.9829265519799822,0.8152000000000008,0,0
628,2007-06-01,VIC,4871.32,,145.85,,5153522.0,6.3,68.9,12.610000000000001,6360,0,1,1,6,0.6220467484408669,0.9829265519799822,,0,1
629,2007-06-01,QLD,4538.8099999999995,15.69,192.12,-0.33083333333333265,4111018.0,10.5,68.9,20.366666666666667,6360,1,0,1,6,0.6220467484408669,0.9829265519799822,0.33083333333333265,0,0
630,2007-07-01,NSW,7205.599999999999,12.11,65.08,-0.7827999999999999,6842682.7,10.1,68.8,16.848387096774193,6390,0,0,1,7,0.9911140639934548,0.7638886127905428,0.7827999999999999,0,0
631,2007-07-01,VIC,4887.0,,69.17,,5161853.0,7.1,68.8,12.51290322580645,6390,0,1,1,7,0.9911140639934548,0.7638886127905428,,0,1
632,2007-07-01,QLD,4841.410000000001,14.25,63.78,-1.0649999999999995,4118998.0,14.4,68.8,21.543333333333333,6390,1,0,1,7,0.9911140639934548,0.7638886127905428,1.0649999999999995,0,0
633,2007-08-01,NSW,6573.279999999999,15.38,42.48,1.2712000000000003,6851209.3,12.5,66.2,20.129032258064516,6421,0,0,1,8,0.3617137307297687,0.3294084822245304,1.2712000000000003,0,0
634,2007-08-01,VIC,4784.5,,42.68,,5170184.0,11.1,66.2,15.996774193548386,6421,0,1,1,8,0.3617137307297687,0.3294084822245304,,0,1
635,2007-08-01,QLD,4544.54,16.7,50.13,0.1316666666666677,4126978.0,14.4,66.2,23.7448275862069,6421,1,0,1,8,0.3617137307297687,0.3294084822245304,0.1316666666666677,0,0
636,2007-09-01,NSW,5835.89,16.39,51.58,-0.36079999999999757,6859736.0,17.9,70.0,20.986666666666668,6452,0,0,1,9,-0.642054713236563,-0.1966728897935758,0.36079999999999757,0,0
637,2007-09-01,VIC,4589.79,,47.29,,5178515.0,14.6,70.0,18.046666666666667,6452,0,1,1,9,-0.642054713236563,-0.1966728897935758,,0,0
638,2007-09-01,QLD,4146.68,19.07,53.2,-0.1233333333333313,4134958.0,19.5,70.0,26.442105263157895,6452,1,0,1,9,-0.642054713236563,-0.1966728897935758,0.1233333333333313,0,0
639,2007-10-01,NSW,5957.389999999999,19.7,43.69,1.0839999999999996,6867774.7,22.1,72.2,25.76774193548387,6482,0,0,1,10,-0.9873494423939866,-0.655156357209085,1.0839999999999996,0,0
640,2007-10-01,VIC,4499.18,,40.22,,5185511.0,19.5,72.2,21.151612903225807,6482,0,1,1,10,-0.9873494423939866,-0.655156357209085,,0,0
641,2007-10-01,QLD,4427.64,22.18,49.12,0.8574999999999982,4143302.0,22.2,72.2,30.139285714285712,6482,1,0,1,10,-0.9873494423939866,-0.655156357209085,0.8574999999999982,1,0
642,2007-11-01,NSW,5901.639999999999,20.13,49.06,-0.030000000000001137,6875813.3,23.0,68.9,23.740000000000002,6513,0,0,1,11,-0.3375228995941137,-0.9483615800121713,0.030000000000001137,0,0
643,2007-11-01,VIC,4350.6900000000005,,50.39,,5192507.0,23.3,68.9,24.236666666666668,6513,0,1,1,11,-0.3375228995941137,-0.9483615800121713,,0,0
644,2007-11-01,QLD,4662.25,21.97,48.96,-0.9754166666666713,4151646.0,21.2,68.9,27.32,6513,1,0,1,11,-0.3375228995941137,-0.9483615800121713,0.9754166666666713,0,0
645,2007-12-01,NSW,5875.93,21.31,50.51,-0.4015384615384612,6883852.0,22.0,68.7,25.42258064516129,6543,0,0,1,12,0.635432300890177,-0.9813064702716096,0.4015384615384612,0,0
646,2007-12-01,VIC,4364.13,,45.12,,5199503.0,24.4,68.7,26.30322580645161,6543,0,1,1,12,0.635432300890177,-0.9813064702716096,,0,0
647,2007-12-01,QLD,4938.5,23.9,49.7,-0.5427999999999997,4159990.0,19.7,68.7,28.63448275862069,6543,1,0,1,12,0.635432300890177,-0.9813064702716096,0.5427999999999997,1,0
648,2008-01-01,NSW,6216.490000000001,22.84,31.47,-0.18807692307692392,6895870.3,22.6,68.3,26.97741935483871,6574,0,0,1,1,0.9886775902323405,-0.7583058084785624,0.18807692307692392,0,0
649,2008-01-01,VIC,4600.23,,34.56,,5210668.7,25.8,68.3,27.738709677419354,6574,0,1,1,1,0.9886775902323405,-0.7583058084785624,,0,0
650,2008-01-01,QLD,5102.650000000001,24.62,41.77,-0.7835999999999999,4170486.3,20.3,68.3,29.25862068965517,6574,1,0,1,1,0.9886775902323405,-0.7583058084785624,0.7835999999999999,1,0
651,2008-02-01,NSW,5738.72,21.1,28.89,-1.7824000000000026,6907888.7,17.9,71.8,24.610344827586207,6605,0,0,1,2,0.3456123126707335,-0.3212696616923644,1.7824000000000026,0,0
652,2008-02-01,VIC,4399.52,,38.05,,5221834.3,20.9,71.8,24.137931034482758,6605,0,1,1,2,0.3456123126707335,-0.3212696616923644,,0,0
653,2008-02-01,QLD,4681.96,24.02,107.09,-1.0799999999999983,4180982.7,20.2,71.8,29.024,6605,1,0,1,2,0.3456123126707335,-0.3212696616923644,1.0799999999999983,1,0
654,2008-03-01,NSW,5957.400000000001,21.09,36.19,-0.6948000000000008,6919907.0,19.1,68.9,25.561290322580643,6634,0,0,1,3,-0.6016240632249223,0.17129314418147756,0.6948000000000008,0,0
655,2008-03-01,VIC,4689.83,,54.36,,5233000.0,17.8,68.9,27.125806451612902,6634,0,1,1,3,-0.6016240632249223,0.17129314418147756,,0,0
656,2008-03-01,QLD,4964.08,22.03,30.72,-1.9308333333333287,4191479.0,19.3,68.9,28.041935483870965,6634,1,0,1,3,-0.6016240632249223,0.17129314418147756,1.9308333333333287,1,0
657,2008-04-01,NSW,5869.73,17.32,36.15,-1.622399999999999,6927758.3,12.5,70.7,21.14,6665,0,0,1,4,-0.989932495087353,0.6486295610349814,1.622399999999999,0,0
658,2008-04-01,VIC,4266.49,,43.64,,5240791.7,11.9,70.7,20.46333333333333,6665,0,1,1,4,-0.989932495087353,0.6486295610349814,,0,0
659,2008-04-01,QLD,4826.4400000000005,19.91,32.39,-1.5187499999999972,4200821.0,17.1,70.7,26.35,6665,1,0,1,4,-0.989932495087353,0.6486295610349814,1.5187499999999972,0,0
660,2008-05-01,NSW,6373.52,15.28,43.33,-0.5496000000000016,6935609.7,11.2,72.8,20.23225806451613,6695,0,0,1,5,-0.38566340624360745,0.9398560579418954,0.5496000000000016,0,0
661,2008-05-01,VIC,4523.43,,48.43,,5248583.3,7.3,72.8,16.238709677419354,6695,0,1,1,5,-0.38566340624360745,0.9398560579418954,,0,0
662,2008-05-01,QLD,4900.81,17.29,38.27,-1.03125,4210163.0,13.8,72.8,24.92258064516129,6695,1,0,1,5,-0.38566340624360745,0.9398560579418954,1.03125,0,0
663,2008-06-01,NSW,6155.73,14.71,38.39,1.2948000000000004,6943461.0,7.4,73.4,18.683333333333334,6726,0,0,1,6,0.6220467484408669,0.9829265519799822,1.2948000000000004,0,0
664,2008-06-01,VIC,4694.99,,38.96,,5256375.0,5.6,73.4,14.68,6726,0,1,1,6,0.6220467484408669,0.9829265519799822,,0,1
665,2008-06-01,QLD,4644.93,16.6,38.81,0.5791666666666693,4219505.0,11.4,73.4,22.933333333333334,6726,1,0,1,6,0.6220467484408669,0.9829265519799822,0.5791666666666693,0,0
666,2008-07-01,NSW,6895.0599999999995,12.21,43.7,-0.6827999999999985,6953105.7,9.7,72.2,17.103225806451615,6756,0,0,1,7,0.9911140639934548,0.7638886127905428,0.6827999999999985,0,0
667,2008-07-01,VIC,4902.27,,46.75,,5266433.0,6.8,72.2,12.938709677419356,6756,0,1,1,7,0.9911140639934548,0.7638886127905428,,0,1
668,2008-07-01,QLD,5075.959999999999,14.88,47.36,-0.4349999999999987,4229000.3,11.3,72.2,20.573333333333334,6756,1,0,1,7,0.9911140639934548,0.7638886127905428,0.4349999999999987,0,0
669,2008-08-01,NSW,6827.3,12.15,37.06,-1.9588,6962750.3,12.5,67.7,17.26451612903226,6787,0,0,1,8,0.3617137307297687,0.3294084822245304,1.9588,0,0
670,2008-08-01,VIC,5061.86,,37.85,,5276491.0,9.0,67.7,13.358064516129033,6787,0,1,1,8,0.3617137307297687,0.3294084822245304,,0,1
671,2008-08-01,QLD,4901.69,15.0,33.76,-1.5683333333333316,4238495.7,16.6,67.7,22.070967741935487,6787,1,0,1,8,0.3617137307297687,0.3294084822245304,1.5683333333333316,0,0
672,2008-09-01,NSW,5793.87,16.49,32.52,-0.2607999999999997,6972395.0,17.6,63.4,21.663333333333334,6818,0,0,1,9,-0.642054713236563,-0.1966728897935758,0.2607999999999997,0,0
673,2008-09-01,VIC,4536.22,,35.07,,5286549.0,15.5,63.4,18.423333333333336,6818,0,1,1,9,-0.642054713236563,-0.1966728897935758,,0,0
674,2008-09-01,QLD,4630.339999999999,19.01,29.81,-0.18333333333333002,4247991.0,18.0,63.4,26.133333333333333,6818,1,0,1,9,-0.642054713236563,-0.1966728897935758,0.18333333333333002,0,0
675,2008-10-01,NSW,5725.150000000001,18.53,75.77,-0.08599999999999852,6982190.7,19.4,54.7,23.983870967741936,6848,0,0,1,10,-0.9873494423939866,-0.655156357209085,0.08599999999999852,0,0
676,2008-10-01,VIC,4565.52,,43.29,,5295461.0,18.4,54.7,21.741935483870968,6848,0,1,1,10,-0.9873494423939866,-0.655156357209085,,0,0
677,2008-10-01,QLD,4811.910000000001,19.53,41.5,-1.7925000000000004,4257177.7,22.7,54.7,27.270967741935483,6848,1,0,1,10,-0.9873494423939866,-0.655156357209085,1.7925000000000004,0,0
678,2008-11-01,NSW,5864.71,19.66,30.08,-0.5,6991986.3,20.3,54.6,24.12,6879,0,0,1,11,-0.3375228995941137,-0.9483615800121713,0.5,0,0
679,2008-11-01,VIC,4335.759999999999,,33.35,,5304373.0,20.6,54.6,22.776666666666664,6879,0,1,1,11,-0.3375228995941137,-0.9483615800121713,,0,0
680,2008-11-01,QLD,4705.62,22.98,34.65,0.0345833333333303,4266364.3,20.0,54.6,28.851724137931036,6879,1,0,1,11,-0.3375228995941137,-0.9483615800121713,0.0345833333333303,1,0
681,2008-12-01,NSW,5740.96,21.39,26.26,-0.32153846153845933,7001782.0,23.8,55.6,26.95483870967742,6909,0,0,1,12,0.635432300890177,-0.9813064702716096,0.32153846153845933,0,0
682,2008-12-01,VIC,4736.7,,26.56,,5313285.0,23.5,55.6,23.003225806451614,6909,0,1,1,12,0.635432300890177,-0.9813064702716096,,0,0
683,2008-12-01,QLD,4921.9800000000005,25.08,28.23,0.6372,4275551.0,25.2,55.6,31.712903225806453,6909,1,0,1,12,0.635432300890177,-0.9813064702716096,0.6372,1,0
684,2009-01-01,NSW,6446.389999999999,23.09,43.95,0.06192307692307608,7011995.7,26.5,53.2,28.741935483870968,6940,0,0,1,1,0.9886775902323405,-0.7583058084785624,0.06192307692307608,1,0
685,2009-01-01,VIC,4742.910000000001,,131.18,,5324747.3,29.6,53.2,28.799999999999997,6940,0,1,1,1,0.9886775902323405,-0.7583058084785624,,1,0
686,2009-01-01,QLD,5005.41,25.16,37.3,-0.2436000000000007,4285569.0,21.5,53.2,31.00714285714286,6940,1,0,1,1,0.9886775902323405,-0.7583058084785624,0.2436000000000007,1,0
687,2009-02-01,NSW,5931.94,22.16,39.91,-0.7224000000000039,7022209.3,19.0,54.8,26.09642857142857,6971,0,0,1,2,0.3456123126707335,-0.3212696616923644,0.7224000000000039,0,0
688,2009-02-01,VIC,4379.91,,31.79,,5336209.7,22.6,54.8,27.860714285714288,6971,0,1,1,2,0.3456123126707335,-0.3212696616923644,,0,0
689,2009-02-01,QLD,4517.52,25.04,36.23,-0.05999999999999872,4295587.0,20.5,54.8,30.614285714285717,6971,1,0,1,2,0.3456123126707335,-0.3212696616923644,0.05999999999999872,1,0
690,2009-03-01,NSW,6064.37,21.93,24.14,0.1451999999999991,7032423.0,17.3,57.4,26.229032258064517,6999,0,0,1,3,-0.6016240632249223,0.17129314418147756,0.1451999999999991,0,0
691,2009-03-01,VIC,4720.43,,24.89,,5347672.0,14.7,57.4,24.238709677419354,6999,0,1,1,3,-0.6016240632249223,0.17129314418147756,,0,0
692,2009-03-01,QLD,4797.04,23.95,24.89,-0.010833333333330586,4305605.0,19.4,57.4,30.338709677419356,6999,1,0,1,3,-0.6016240632249223,0.17129314418147756,0.010833333333330586,1,0
693,2009-04-01,NSW,5439.67,18.8,35.61,-0.14239999999999853,7039533.7,12.5,59.7,22.623333333333335,7030,0,0,1,4,-0.989932495087353,0.6486295610349814,0.14239999999999853,0,0
694,2009-04-01,VIC,4356.18,,37.13,,5355759.3,11.4,59.7,20.25,7030,0,1,1,4,-0.989932495087353,0.6486295610349814,,0,0
695,2009-04-01,QLD,4654.7,21.73,31.41,0.3012500000000031,4313327.0,15.6,59.7,27.231034482758623,7030,1,0,1,4,-0.989932495087353,0.6486295610349814,0.3012500000000031,0,0
696,2009-05-01,NSW,5979.5599999999995,16.22,30.24,0.39039999999999786,7046644.3,10.3,63.3,20.438709677419357,7060,0,0,1,5,-0.38566340624360745,0.9398560579418954,0.39039999999999786,0,0
697,2009-05-01,VIC,4682.959999999999,,31.37,,5363846.7,7.5,63.3,17.038709677419355,7060,0,1,1,5,-0.38566340624360745,0.9398560579418954,,0,0
698,2009-05-01,QLD,4768.81,18.05,27.14,-0.27124999999999844,4321049.0,12.6,63.3,23.864516129032257,7060,1,0,1,5,-0.38566340624360745,0.9398560579418954,0.27124999999999844,0,0
699,2009-06-01,NSW,6283.23,13.6,35.56,0.1847999999999992,7053755.0,7.9,64.7,18.253333333333334,7091,0,0,1,6,0.6220467484408669,0.9829265519799822,0.1847999999999992,0,0
700,2009-06-01,VIC,4774.879999999999,,30.24,,5371934.0,5.9,64.7,14.343333333333334,7091,0,1,1,6,0.6220467484408669,0.9829265519799822,,0,1
701,2009-06-01,QLD,4742.6,15.63,32.03,-0.39083333333333137,4328771.0,11.2,64.7,21.28666666666667,7091,1,0,1,6,0.6220467484408669,0.9829265519799822,0.39083333333333137,0,0
702,2009-07-01,NSW,7156.93,13.02,32.19,0.1272000000000002,7062228.3,10.1,65.7,18.07741935483871,7121,0,0,1,7,0.9911140639934548,0.7638886127905428,0.1272000000000002,0,0
703,2009-07-01,VIC,4682.59,,26.98,,5380914.0,7.3,65.7,13.896774193548387,7121,0,1,1,7,0.9911140639934548,0.7638886127905428,,0,1
704,2009-07-01,QLD,4428.21,15.01,27.98,-0.3049999999999997,4335892.3,13.5,65.7,21.57741935483871,7121,1,0,1,7,0.9911140639934548,0.7638886127905428,0.3049999999999997,0,0
705,2009-08-01,NSW,6742.9800000000005,15.26,24.5,1.1511999999999993,7070701.7,13.8,66.3,21.483870967741936,7152,0,0,1,8,0.3617137307297687,0.3294084822245304,1.1511999999999993,0,0
706,2009-08-01,VIC,4528.7699999999995,,22.53,,5389894.0,9.9,66.3,15.841935483870968,7152,0,1,1,8,0.3617137307297687,0.3294084822245304,,0,1
707,2009-08-01,QLD,4293.65,17.96,23.19,1.3916666666666693,4343013.7,17.0,66.3,26.553333333333335,7152,1,0,1,8,0.3617137307297687,0.3294084822245304,1.3916666666666693,0,0
708,2009-09-01,NSW,6146.040000000001,17.63,25.57,0.8792000000000009,7079175.0,17.2,68.2,23.45,7183,0,0,1,9,-0.642054713236563,-0.1966728897935758,0.8792000000000009,0,0
709,2009-09-01,VIC,4246.06,,22.83,,5398874.0,13.0,68.2,17.903333333333332,7183,0,1,1,9,-0.642054713236563,-0.1966728897935758,,0,0
710,2009-09-01,QLD,4129.78,19.72,24.38,0.5266666666666673,4350135.0,21.4,68.2,27.673333333333336,7183,1,0,1,9,-0.642054713236563,-0.1966728897935758,0.5266666666666673,0,0
711,2009-10-01,NSW,6283.89,17.41,27.27,-1.2059999999999995,7086618.0,18.3,70.7,21.903225806451612,7213,0,0,1,10,-0.9873494423939866,-0.655156357209085,1.2059999999999995,0,0
712,2009-10-01,VIC,4333.099999999999,,25.41,,5405665.7,17.5,70.7,19.44193548387097,7213,0,1,1,10,-0.9873494423939866,-0.655156357209085,,0,0
713,2009-10-01,QLD,4380.24,21.19,25.86,-0.13250000000000028,4355908.0,23.3,70.7,29.280645161290323,7213,1,0,1,10,-0.9873494423939866,-0.655156357209085,0.13250000000000028,1,0
714,2009-11-01,NSW,6376.819999999999,22.11,92.87,1.9499999999999993,7094061.0,21.8,69.9,27.15666666666667,7244,0,0,1,11,-0.3375228995941137,-0.9483615800121713,1.9499999999999993,0,0
715,2009-11-01,VIC,4440.04,,32.41,,5412457.3,23.3,69.9,26.82,7244,0,1,1,11,-0.3375228995941137,-0.9483615800121713,,0,0
716,2009-11-01,QLD,4672.8,24.1,71.52,1.1545833333333313,4361681.0,22.9,69.9,31.529999999999998,7244,1,0,1,11,-0.3375228995941137,-0.9483615800121713,1.1545833333333313,1,0
717,2009-12-01,NSW,6507.25,21.86,84.28,0.14846153846153953,7101504.0,23.1,69.7,26.374193548387098,7274,0,0,1,12,0.635432300890177,-0.9813064702716096,0.14846153846153953,0,0
718,2009-12-01,VIC,4279.719999999999,,23.34,,5419249.0,25.9,69.7,25.116129032258065,7274,0,1,1,12,0.635432300890177,-0.9813064702716096,,0,0
719,2009-12-01,QLD,4835.44,25.23,29.08,0.7872000000000021,4367454.0,22.7,69.7,32.23225806451613,7274,1,0,1,12,0.635432300890177,-0.9813064702716096,0.7872000000000021,1,0
720,2010-01-01,NSW,6718.46,23.65,61.85,0.6219230769230748,7110454.7,22.9,69.2,27.958064516129035,7305,0,0,1,1,0.9886775902323405,-0.7583058084785624,0.6219230769230748,0,0
721,2010-01-01,VIC,4373.0199999999995,,87.6,,5427890.0,26.2,69.2,27.003225806451614,7305,0,1,1,1,0.9886775902323405,-0.7583058084785624,,0,0
722,2010-01-01,QLD,4885.21,26.09,64.9,0.686399999999999,4374236.3,24.3,69.2,32.58709677419355,7305,1,0,1,1,0.9886775902323405,-0.7583058084785624,0.686399999999999,1,0
723,2010-02-01,NSW,6206.400000000001,23.91,63.93,1.027599999999996,7119405.3,18.5,69.5,28.099999999999998,7336,0,0,1,2,0.3456123126707335,-0.3212696616923644,1.027599999999996,1,0
724,2010-02-01,VIC,4190.14,,91.25,,5436531.0,20.5,69.5,27.84642857142857,7336,0,1,1,2,0.3456123126707335,-0.3212696616923644,,0,0
725,2010-02-01,QLD,4408.43,25.41,46.17,0.3100000000000023,4381018.7,19.8,69.5,30.40740740740741,7336,1,0,1,2,0.3456123126707335,-0.3212696616923644,0.3100000000000023,1,0
726,2010-03-01,NSW,6525.95,22.27,27.32,0.48519999999999897,7128356.0,17.1,71.7,26.73548387096774,7364,0,0,1,3,-0.6016240632249223,0.17129314418147756,0.48519999999999897,0,0
727,2010-03-01,VIC,4377.42,,23.76,,5445172.0,16.2,71.7,25.048387096774192,7364,0,1,1,3,-0.6016240632249223,0.17129314418147756,,0,0
728,2010-03-01,QLD,4623.29,23.51,24.86,-0.4508333333333283,4387801.0,15.5,71.7,28.193548387096776,7364,1,0,1,3,-0.6016240632249223,0.17129314418147756,0.4508333333333283,1,0
729,2010-04-01,NSW,5951.389999999999,19.65,25.9,0.7075999999999993,7133668.0,14.1,72.5,24.223333333333336,7395,0,0,1,4,-0.989932495087353,0.6486295610349814,0.7075999999999993,0,0
730,2010-04-01,VIC,4048.35,,80.08,,5450481.7,10.6,72.5,22.103333333333335,7395,0,1,1,4,-0.989932495087353,0.6486295610349814,,0,0
731,2010-04-01,QLD,4284.900000000001,21.94,21.72,0.511250000000004,4393448.7,15.7,72.5,27.516666666666666,7395,1,0,1,4,-0.989932495087353,0.6486295610349814,0.511250000000004,0,0
732,2010-05-01,NSW,6598.749999999999,15.79,28.64,-0.039600000000001856,7138980.0,9.6,67.5,20.43548387096774,7425,0,0,1,5,-0.38566340624360745,0.9398560579418954,0.039600000000001856,0,0
733,2010-05-01,VIC,4413.5599999999995,,31.61,,5455791.3,8.0,67.5,17.25483870967742,7425,0,1,1,5,-0.38566340624360745,0.9398560579418954,,0,0
734,2010-05-01,QLD,4340.91,18.1,21.13,-0.22124999999999773,4399096.3,13.0,67.5,23.903225806451612,7425,1,0,1,5,-0.38566340624360745,0.9398560579418954,0.22124999999999773,0,0
735,2010-06-01,NSW,6927.599999999999,13.08,34.76,-0.3352000000000004,7144292.0,8.7,67.3,17.540000000000003,7456,0,0,1,6,0.6220467484408669,0.9829265519799822,0.3352000000000004,0,0
736,2010-06-01,VIC,4604.08,,31.6,,5461101.0,6.2,67.3,13.433333333333334,7456,0,1,1,6,0.6220467484408669,0.9829265519799822,,0,1
737,2010-06-01,QLD,4260.2699999999995,15.88,23.28,-0.14083333333333137,4404744.0,11.2,67.3,21.55666666666667,7456,1,0,1,6,0.6220467484408669,0.9829265519799822,0.14083333333333137,0,0
738,2010-07-01,NSW,7260.100000000001,12.59,28.05,-0.3027999999999995,7150436.7,7.9,69.4,16.774193548387096,7486,0,0,1,7,0.9911140639934548,0.7638886127905428,0.3027999999999995,0,0
739,2010-07-01,VIC,4788.6900000000005,,27.51,,5466970.7,6.3,69.4,13.30967741935484,7486,0,1,1,7,0.9911140639934548,0.7638886127905428,,0,1
740,2010-07-01,QLD,4398.679999999999,15.98,21.69,0.6650000000000009,4410319.3,10.8,69.4,21.496774193548386,7486,1,0,1,7,0.9911140639934548,0.7638886127905428,0.6650000000000009,0,0
741,2010-08-01,NSW,6972.28,13.52,36.9,-0.5888000000000009,7156581.3,13.8,69.0,18.316129032258065,7517,0,0,1,8,0.3617137307297687,0.3294084822245304,0.5888000000000009,0,0
742,2010-08-01,VIC,4770.969999999999,,27.82,,5472840.3,8.9,69.0,13.36774193548387,7517,0,1,1,8,0.3617137307297687,0.3294084822245304,,0,1
743,2010-08-01,QLD,4333.5,16.09,21.61,-0.4783333333333317,4415894.7,15.1,69.0,21.919354838709676,7517,1,0,1,8,0.3617137307297687,0.3294084822245304,0.4783333333333317,0,0
744,2010-09-01,NSW,6222.84,16.15,24.48,-0.6007999999999996,7162726.0,16.2,72.9,21.086666666666666,7548,0,0,1,9,-0.642054713236563,-0.1966728897935758,0.6007999999999996,0,0
745,2010-09-01,VIC,4384.540000000001,,22.62,,5478710.0,11.9,72.9,15.05,7548,0,1,1,9,-0.642054713236563,-0.1966728897935758,,0,1
746,2010-09-01,QLD,4141.72,19.52,21.56,0.326666666666668,4421470.0,14.4,72.9,24.87,7548,1,0,1,9,-0.642054713236563,-0.1966728897935758,0.326666666666668,0,0
747,2010-10-01,NSW,6159.36,17.99,22.95,-0.6260000000000012,7168447.7,17.2,72.7,22.55806451612903,7578,0,0,1,10,-0.9873494423939866,-0.655156357209085,0.6260000000000012,0,0
748,2010-10-01,VIC,4243.130000000001,,19.99,,5484377.0,18.3,72.7,19.429032258064513,7578,0,1,1,10,-0.9873494423939866,-0.655156357209085,,0,0
749,2010-10-01,QLD,4312.04,19.88,20.53,-1.4425000000000026,4426607.3,18.7,72.7,25.029032258064515,7578,1,0,1,10,-0.9873494423939866,-0.655156357209085,1.4425000000000026,0,0
750,2010-11-01,NSW,6088.219999999999,19.79,23.37,-0.370000000000001,7174169.3,21.0,73.0,24.136666666666667,7609,0,0,1,11,-0.3375228995941137,-0.9483615800121713,0.370000000000001,0,0
751,2010-11-01,VIC,4158.02,,18.89,,5490044.0,20.1,73.0,22.009999999999998,7609,0,1,1,11,-0.3375228995941137,-0.9483615800121713,,0,0
752,2010-11-01,QLD,4246.240000000001,22.29,18.23,-0.655416666666671,4431744.7,20.4,73.0,27.36896551724138,7609,1,0,1,11,-0.3375228995941137,-0.9483615800121713,0.655416666666671,0,0
753,2010-12-01,NSW,6227.110000000001,21.74,23.02,0.028461538461538538,7179891.0,23.2,75.8,26.741935483870968,7639,0,0,1,12,0.635432300890177,-0.9813064702716096,0.028461538461538538,0,0
754,2010-12-01,VIC,4146.09,,17.22,,5495711.0,22.3,75.8,24.13225806451613,7639,0,1,1,12,0.635432300890177,-0.9813064702716096,,0,0
755,2010-12-01,QLD,4386.570000000001,23.38,23.43,-1.0627999999999993,4436882.0,16.5,75.8,27.76774193548387,7639,1,0,1,12,0.635432300890177,-0.9813064702716096,1.0627999999999993,0,0
756,2011-01-01,NSW,6613.78,23.64,59.35,0.6119230769230768,7188173.0,22.8,74.0,28.125806451612902,7670,0,0,1,1,0.9886775902323405,-0.7583058084785624,0.6119230769230768,1,0
757,2011-01-01,VIC,4334.37,,50.69,,5503933.3,21.8,74.0,26.164516129032258,7670,0,1,1,1,0.9886775902323405,-0.7583058084785624,,0,0
758,2011-01-01,QLD,4475.92,24.79,49.69,-0.6136000000000017,4443911.7,20.0,74.0,30.00967741935484,7670,1,0,1,1,0.9886775902323405,-0.7583058084785624,0.6136000000000017,1,0
759,2011-02-01,NSW,6265.069999999999,24.02,193.61,1.1375999999999955,7196455.0,17.6,75.5,29.021428571428572,7701,0,0,1,2,0.3456123126707335,-0.3212696616923644,1.1375999999999955,1,0
760,2011-02-01,VIC,3994.31,,49.14,,5512155.7,18.2,75.5,24.239285714285717,7701,0,1,1,2,0.3456123126707335,-0.3212696616923644,,0,0
761,2011-02-01,QLD,4307.07,25.41,122.68,0.3100000000000023,4450941.3,20.9,75.5,30.82857142857143,7701,1,0,1,2,0.3456123126707335,-0.3212696616923644,0.3100000000000023,1,0
762,2011-03-01,NSW,6432.9400000000005,22.02,26.95,0.23519999999999897,7204737.0,14.1,76.3,26.25483870967742,7729,0,0,1,3,-0.6016240632249223,0.17129314418147756,0.23519999999999897,0,0
763,2011-03-01,VIC,4253.68,,25.61,,5520378.0,14.8,76.3,22.458064516129035,7729,0,1,1,3,-0.6016240632249223,0.17129314418147756,,0,0
764,2011-03-01,QLD,4579.11,23.98,28.69,0.01916666666667055,4457971.0,16.7,76.3,28.73225806451613,7729,1,0,1,3,-0.6016240632249223,0.17129314418147756,0.01916666666667055,1,0
765,2011-04-01,NSW,5942.169999999999,18.24,26.67,-0.7024000000000008,7209334.3,12.4,78.9,22.466666666666665,7760,0,0,1,4,-0.989932495087353,0.6486295610349814,0.7024000000000008,0,0
766,2011-04-01,VIC,3980.3899999999994,,26.11,,5526191.0,12.5,78.9,20.290000000000003,7760,0,1,1,4,-0.989932495087353,0.6486295610349814,,0,0
767,2011-04-01,QLD,4029.0699999999997,20.78,25.39,-0.6487499999999962,4464240.0,14.2,78.9,26.39333333333333,7760,1,0,1,4,-0.989932495087353,0.6486295610349814,0.6487499999999962,0,0
768,2011-05-01,NSW,6788.900000000001,14.44,29.52,-1.3896000000000015,7213931.7,10.2,77.8,19.09032258064516,7790,0,0,1,5,-0.38566340624360745,0.9398560579418954,1.3896000000000015,0,0
769,2011-05-01,VIC,4516.28,,35.77,,5532004.0,6.6,77.8,15.170967741935485,7790,0,1,1,5,-0.38566340624360745,0.9398560579418954,,0,1
770,2011-05-01,QLD,4191.45,17.12,27.84,-1.2012499999999982,4470509.0,13.4,77.8,22.983870967741936,7790,1,0,1,5,-0.38566340624360745,0.9398560579418954,1.2012499999999982,0,0
771,2011-06-01,NSW,6908.44,13.44,27.98,0.024799999999999045,7218529.0,8.7,77.8,17.98,7821,0,0,1,6,0.6220467484408669,0.9829265519799822,0.024799999999999045,0,0
772,2011-06-01,VIC,4525.050000000001,,29.0,,5537817.0,6.8,77.8,14.613333333333333,7821,0,1,1,6,0.6220467484408669,0.9829265519799822,,0,1
773,2011-06-01,QLD,4239.35,14.97,25.99,-1.0508333333333315,4476778.0,11.2,77.8,20.846666666666668,7821,1,0,1,6,0.6220467484408669,0.9829265519799822,1.0508333333333315,0,0
774,2011-07-01,NSW,7183.29,12.3,31.71,-0.5927999999999987,7225528.7,9.1,78.4,17.18064516129032,7851,0,0,1,7,0.9911140639934548,0.7638886127905428,0.5927999999999987,0,0
775,2011-07-01,VIC,4686.289999999999,,30.93,,5546765.3,6.4,78.4,13.461290322580645,7851,0,1,1,7,0.9911140639934548,0.7638886127905428,,0,1
776,2011-07-01,QLD,4364.94,14.81,27.41,-0.504999999999999,4483886.7,12.9,78.4,21.583870967741937,7851,1,0,1,7,0.9911140639934548,0.7638886127905428,0.504999999999999,0,0
777,2011-08-01,NSW,6754.47,14.75,30.74,0.6411999999999995,7232528.3,11.8,76.5,19.41290322580645,7882,0,0,1,8,0.3617137307297687,0.3294084822245304,0.6411999999999995,0,0
778,2011-08-01,VIC,4502.16,,30.93,,5555713.7,9.5,76.5,16.27741935483871,7882,0,1,1,8,0.3617137307297687,0.3294084822245304,,0,0
779,2011-08-01,QLD,4224.139999999999,16.02,29.45,-0.548333333333332,4490995.3,14.1,76.5,22.780645161290323,7882,1,0,1,8,0.3617137307297687,0.3294084822245304,0.548333333333332,0,0
780,2011-09-01,NSW,6156.23,16.41,29.01,-0.340799999999998,7239528.0,15.4,72.4,21.65666666666667,7913,0,0,1,9,-0.642054713236563,-0.1966728897935758,0.340799999999998,0,0
781,2011-09-01,VIC,4213.0599999999995,,27.75,,5564662.0,13.1,72.4,18.386666666666667,7913,0,1,1,9,-0.642054713236563,-0.1966728897935758,,0,0
782,2011-09-01,QLD,4005.6899999999996,18.16,29.73,-1.0333333333333314,4498104.0,18.6,72.4,25.816666666666666,7913,1,0,1,9,-0.642054713236563,-0.1966728897935758,1.0333333333333314,0,0
783,2011-10-01,NSW,6096.1900000000005,17.78,28.9,-0.8359999999999985,7245926.0,18.5,76.9,21.88064516129032,7943,0,0,1,10,-0.9873494423939866,-0.655156357209085,0.8359999999999985,0,0
784,2011-10-01,VIC,4228.5,,24.36,,5573714.0,16.4,76.9,19.806451612903224,7943,0,1,1,10,-0.9873494423939866,-0.655156357209085,,0,0
785,2011-10-01,QLD,4254.58,20.06,27.77,-1.2625000000000028,4504952.3,17.6,76.9,26.151612903225807,7943,1,0,1,10,-0.9873494423939866,-0.655156357209085,1.2625000000000028,0,0
786,2011-11-01,NSW,6084.07,20.87,39.02,0.7100000000000009,7252324.0,18.5,74.6,25.946666666666665,7974,0,0,1,11,-0.3375228995941137,-0.9483615800121713,0.7100000000000009,0,0
787,2011-11-01,VIC,4113.99,,27.32,,5582766.0,19.5,74.6,23.383333333333333,7974,0,1,1,11,-0.3375228995941137,-0.9483615800121713,,0,0
788,2011-11-01,QLD,4476.63,24.11,35.41,1.1645833333333293,4511800.7,25.4,74.6,31.043333333333333,7974,1,0,1,11,-0.3375228995941137,-0.9483615800121713,1.1645833333333293,1,0
789,2011-12-01,NSW,5669.88,19.45,26.16,-2.2615384615384606,7258722.0,20.1,75.8,22.638709677419353,8004,0,0,1,12,0.635432300890177,-0.9813064702716096,2.2615384615384606,0,0
790,2011-12-01,VIC,4302.35,,22.97,,5591818.0,25.4,75.8,24.18064516129032,8004,0,1,1,12,0.635432300890177,-0.9813064702716096,,0,0
791,2011-12-01,QLD,4441.6900000000005,22.51,26.07,-1.9327999999999967,4518649.0,18.4,75.8,28.041935483870965,8004,1,0,1,12,0.635432300890177,-0.9813064702716096,1.9327999999999967,1,0
792,2012-01-01,NSW,6051.339999999999,22.54,25.8,-0.48807692307692463,7267475.3,23.2,77.9,26.864516129032257,8035,0,0,1,1,0.9886775902323405,-0.7583058084785624,0.48807692307692463,0,0
793,2012-01-01,VIC,4342.98,,25.52,,5602996.7,24.6,77.9,27.425806451612903,8035,0,1,1,1,0.9886775902323405,-0.7583058084785624,,0,0
794,2012-01-01,QLD,4585.3099999999995,24.29,31.87,-1.1136000000000017,4527637.0,19.9,77.9,30.141935483870967,8035,1,0,1,1,0.9886775902323405,-0.7583058084785624,1.1136000000000017,1,0
795,2012-02-01,NSW,5553.59,22.06,27.48,-0.8224000000000053,7276228.7,18.3,79.2,26.058620689655175,8066,0,0,1,2,0.3456123126707335,-0.3212696616923644,0.8224000000000053,0,0
796,2012-02-01,VIC,4130.83,,26.91,,5614175.3,19.4,79.2,26.872413793103448,8066,0,1,1,2,0.3456123126707335,-0.3212696616923644,,0,0
797,2012-02-01,QLD,4417.69,24.73,31.62,-0.36999999999999744,4536625.0,22.2,79.2,30.268965517241377,8066,1,0,1,2,0.3456123126707335,-0.3212696616923644,0.36999999999999744,1,0
798,2012-03-01,NSW,6067.0,20.73,25.96,-1.0548000000000002,7284982.0,14.7,76.9,24.88064516129032,8095,0,0,1,3,-0.6016240632249223,0.17129314418147756,1.0548000000000002,0,0
799,2012-03-01,VIC,4177.5599999999995,,24.37,,5625354.0,13.6,76.9,22.55806451612903,8095,0,1,1,3,-0.6016240632249223,0.17129314418147756,,0,0
800,2012-03-01,QLD,4469.849999999999,23.22,27.56,-0.740833333333331,4545613.0,17.0,76.9,28.364516129032257,8095,1,0,1,3,-0.6016240632249223,0.17129314418147756,0.740833333333331,1,0
801,2012-04-01,NSW,5755.59,18.97,34.25,0.027599999999999625,7291402.7,13.4,77.0,23.633333333333333,8126,0,0,1,4,-0.989932495087353,0.6486295610349814,0.027599999999999625,0,0
802,2012-04-01,VIC,3966.2200000000003,,32.91,,5633933.0,12.1,77.0,21.026666666666664,8126,0,1,1,4,-0.989932495087353,0.6486295610349814,,0,0
803,2012-04-01,QLD,4095.689999999999,21.03,29.79,-0.39874999999999616,4553304.3,15.7,77.0,26.75,8126,1,0,1,4,-0.989932495087353,0.6486295610349814,0.39874999999999616,0,0
804,2012-05-01,NSW,6480.750000000001,15.18,29.19,-0.6496000000000013,7297823.3,11.3,73.6,20.43548387096774,8156,0,0,1,5,-0.38566340624360745,0.9398560579418954,0.6496000000000013,0,0
805,2012-05-01,VIC,4489.81,,27.17,,5642512.0,7.2,73.6,15.738709677419354,8156,0,1,1,5,-0.38566340624360745,0.9398560579418954,,0,1
806,2012-05-01,QLD,4197.650000000001,17.33,26.07,-0.9912500000000009,4560995.7,14.2,73.6,24.074193548387097,8156,1,0,1,5,-0.38566340624360745,0.9398560579418954,0.9912500000000009,0,0
807,2012-06-01,NSW,6620.93,13.08,37.15,-0.3352000000000004,7304244.0,7.6,76.5,17.73,8187,0,0,1,6,0.6220467484408669,0.9829265519799822,0.3352000000000004,0,0
808,2012-06-01,VIC,4484.72,,37.84,,5651091.0,5.8,76.5,13.446666666666665,8187,0,1,1,6,0.6220467484408669,0.9829265519799822,,0,1
809,2012-06-01,QLD,4126.33,15.77,35.35,-0.2508333333333326,4568687.0,10.7,76.5,20.993333333333332,8187,1,0,1,6,0.6220467484408669,0.9829265519799822,0.2508333333333326,0,0
810,2012-07-01,NSW,6724.53,12.7,68.15,-0.19280000000000008,7312034.0,9.2,78.9,17.316129032258065,8217,0,0,1,7,0.9911140639934548,0.7638886127905428,0.19280000000000008,0,0
811,2012-07-01,VIC,4575.29,,77.03,,5660867.3,6.5,78.9,13.63225806451613,8217,0,1,1,7,0.9911140639934548,0.7638886127905428,,0,1
812,2012-07-01,QLD,4288.45,15.36,65.12,0.04499999999999993,4576491.3,12.5,78.9,21.148387096774194,8217,1,0,1,7,0.9911140639934548,0.7638886127905428,0.04499999999999993,0,0
813,2012-08-01,NSW,6524.209999999999,13.81,58.22,-0.29879999999999995,7319824.0,13.8,77.0,19.893548387096775,8248,0,0,1,8,0.3617137307297687,0.3294084822245304,0.29879999999999995,0,0
814,2012-08-01,VIC,4552.43,,56.64,,5670643.7,10.1,77.0,14.13225806451613,8248,0,1,1,8,0.3617137307297687,0.3294084822245304,,0,1
815,2012-08-01,QLD,4258.74,15.85,54.48,-0.7183333333333319,4584295.7,17.3,77.0,24.01290322580645,8248,1,0,1,8,0.3617137307297687,0.3294084822245304,0.7183333333333319,0,0
816,2012-09-01,NSW,5663.53,16.58,53.14,-0.17079999999999984,7327614.0,18.2,76.9,22.563333333333333,8279,0,0,1,9,-0.642054713236563,-0.1966728897935758,0.17079999999999984,0,0
817,2012-09-01,VIC,4068.25,,53.48,,5680420.0,14.4,76.9,17.723333333333336,8279,0,1,1,9,-0.642054713236563,-0.1966728897935758,,0,0
818,2012-09-01,QLD,4039.9100000000003,18.86,53.1,-0.33333333333333215,4592100.0,19.9,76.9,26.89,8279,1,0,1,9,-0.642054713236563,-0.1966728897935758,0.33333333333333215,0,0
819,2012-10-01,NSW,5677.6900000000005,17.88,57.75,-0.7360000000000007,7336139.0,21.3,76.5,23.74516129032258,8309,0,0,1,10,-0.9873494423939866,-0.655156357209085,0.7360000000000007,0,0
820,2012-10-01,VIC,4174.32,,51.95,,5690142.0,16.1,76.5,20.25483870967742,8309,0,1,1,10,-0.9873494423939866,-0.655156357209085,,0,0
821,2012-10-01,QLD,4235.77,20.71,53.18,-0.6125000000000007,4598501.3,22.5,76.5,29.25483870967742,8309,1,0,1,10,-0.9873494423939866,-0.655156357209085,0.6125000000000007,1,0
822,2012-11-01,NSW,5619.080000000001,19.89,58.46,-0.2699999999999996,7344664.0,19.7,77.2,24.403333333333332,8340,0,0,1,11,-0.3375228995941137,-0.9483615800121713,0.2699999999999996,0,0
823,2012-11-01,VIC,4031.3199999999997,,97.07,,5699864.0,21.4,77.2,23.333333333333332,8340,0,1,1,11,-0.3375228995941137,-0.9483615800121713,,0,0
824,2012-11-01,QLD,4311.2300000000005,22.76,55.35,-0.18541666666666856,4604902.7,23.5,77.2,30.123333333333335,8340,1,0,1,11,-0.3375228995941137,-0.9483615800121713,0.18541666666666856,1,0
825,2012-12-01,NSW,5779.68,21.56,50.16,-0.15153846153846118,7353189.0,22.6,77.1,26.91290322580645,8370,0,0,1,12,0.635432300890177,-0.9813064702716096,0.15153846153846118,0,0
826,2012-12-01,VIC,4032.63,,55.21,,5709586.0,25.1,77.1,26.029032258064515,8370,0,1,1,12,0.635432300890177,-0.9813064702716096,,0,0
827,2012-12-01,QLD,4605.92,25.23,59.25,0.7872000000000021,4611304.0,25.8,77.1,31.86774193548387,8370,1,0,1,12,0.635432300890177,-0.9813064702716096,0.7872000000000021,1,0
828,2013-01-01,NSW,6257.92,23.47,51.49,0.4419230769230751,7363111.7,22.2,77.7,28.306451612903224,8401,0,0,1,1,0.9886775902323405,-0.7583058084785624,0.4419230769230751,1,0
829,2013-01-01,VIC,4228.39,,58.18,,5721362.3,26.9,77.7,28.009677419354837,8401,0,1,1,1,0.9886775902323405,-0.7583058084785624,,1,0
830,2013-01-01,QLD,4699.86,25.94,167.8,0.5364000000000004,4619012.7,22.4,77.7,32.5258064516129,8401,1,0,1,1,0.9886775902323405,-0.7583058084785624,0.5364000000000004,1,0
831,2013-02-01,NSW,5516.89,22.3,52.63,-0.5824000000000034,7373034.3,19.9,77.4,26.478571428571428,8432,0,0,1,2,0.3456123126707335,-0.3212696616923644,0.5824000000000034,0,0
832,2013-02-01,VIC,4033.79,,56.22,,5733138.7,23.0,77.4,29.02857142857143,8432,0,1,1,2,0.3456123126707335,-0.3212696616923644,,1,0
833,2013-02-01,QLD,4042.4100000000003,23.88,58.81,-1.2199999999999989,4626721.3,18.4,77.4,28.728571428571428,8432,1,0,1,2,0.3456123126707335,-0.3212696616923644,1.2199999999999989,1,0
834,2013-03-01,NSW,5941.889999999999,22.33,53.08,0.5451999999999977,7382957.0,18.0,79.1,26.97741935483871,8460,0,0,1,3,-0.6016240632249223,0.17129314418147756,0.5451999999999977,0,0
835,2013-03-01,VIC,4336.139999999999,,55.98,,5744915.0,17.0,79.1,26.945161290322584,8460,0,1,1,3,-0.6016240632249223,0.17129314418147756,,0,0
836,2013-03-01,QLD,4331.650000000001,23.27,74.2,-0.6908333333333303,4634430.0,17.0,79.1,28.37741935483871,8460,1,0,1,3,-0.6016240632249223,0.17129314418147756,0.6908333333333303,1,0
837,2013-04-01,NSW,5486.370000000001,18.69,54.66,-0.25239999999999796,7389982.0,13.6,78.4,23.516666666666666,8491,0,0,1,4,-0.989932495087353,0.6486295610349814,0.25239999999999796,0,0
838,2013-04-01,VIC,3943.59,,50.72,,5754166.3,10.8,78.4,20.456666666666667,8491,0,1,1,4,-0.989932495087353,0.6486295610349814,,0,0
839,2013-04-01,QLD,4064.96,20.74,56.24,-0.6887499999999989,4640561.3,16.6,78.4,26.66,8491,1,0,1,4,-0.989932495087353,0.6486295610349814,0.6887499999999989,0,0
840,2013-05-01,NSW,6060.799999999999,15.68,55.77,-0.1496000000000013,7397007.0,10.9,74.0,21.070967741935487,8521,0,0,1,5,-0.38566340624360745,0.9398560579418954,0.1496000000000013,0,0
841,2013-05-01,VIC,4344.48,16.65,56.32,3.0363636363636353,5763417.7,7.9,74.0,17.66774193548387,8521,0,1,1,5,-0.38566340624360745,0.9398560579418954,3.0363636363636353,0,0
842,2013-05-01,QLD,4225.04,17.67,59.37,-0.6512499999999974,4646692.7,12.5,74.0,23.248387096774195,8521,1,0,1,5,-0.38566340624360745,0.9398560579418954,0.6512499999999974,0,0
843,2013-06-01,NSW,6234.06,13.81,57.55,0.39480000000000004,7404032.0,6.8,71.4,18.153333333333332,8552,0,0,1,6,0.6220467484408669,0.9829265519799822,0.39480000000000004,0,0
844,2013-06-01,VIC,4332.9,10.52,63.45,-0.43454545454545546,5772669.0,5.9,71.4,14.1,8552,0,1,1,6,0.6220467484408669,0.9829265519799822,0.43454545454545546,0,1
845,2013-06-01,QLD,4103.750000000001,15.9,64.76,-0.1208333333333318,4652824.0,10.3,71.4,20.803333333333335,8552,1,0,1,6,0.6220467484408669,0.9829265519799822,0.1208333333333318,0,0
846,2013-07-01,NSW,6446.959999999999,13.77,58.86,0.8772000000000002,7412989.3,10.1,69.4,19.55806451612903,8582,0,0,1,7,0.9911140639934548,0.7638886127905428,0.8772000000000002,0,0
847,2013-07-01,VIC,4471.58,11.67,59.69,0.8763636363636351,5783279.0,7.2,69.4,14.73225806451613,8582,0,1,1,7,0.9911140639934548,0.7638886127905428,0.8763636363636351,0,1
848,2013-07-01,QLD,4172.45,16.13,60.85,0.8149999999999995,4658810.7,11.1,69.4,21.59032258064516,8582,1,0,1,7,0.9911140639934548,0.7638886127905428,0.8149999999999995,0,0
849,2013-08-01,NSW,6190.7300000000005,15.02,54.7,0.9111999999999991,7421946.7,14.0,69.2,21.187096774193545,8613,0,0,1,8,0.3617137307297687,0.3294084822245304,0.9111999999999991,0,0
850,2013-08-01,VIC,4384.97,12.38,54.94,0.7118181818181828,5793889.0,9.7,69.2,15.587096774193547,8613,0,1,1,8,0.3617137307297687,0.3294084822245304,0.7118181818181828,0,1
851,2013-08-01,QLD,4087.2500000000005,17.13,62.06,0.5616666666666674,4664797.3,17.8,69.2,25.206451612903226,8613,1,0,1,8,0.3617137307297687,0.3294084822245304,0.5616666666666674,0,0
852,2013-09-01,NSW,5487.509999999999,18.56,53.06,1.8092000000000006,7430904.0,17.5,71.2,25.220000000000002,8644,0,0,1,9,-0.642054713236563,-0.1966728897935758,1.8092000000000006,0,0
853,2013-09-01,VIC,3935.13,14.97,49.86,1.491818181818184,5804499.0,13.0,71.2,19.063333333333333,8644,0,1,1,9,-0.642054713236563,-0.1966728897935758,1.491818181818184,0,0
854,2013-09-01,QLD,3985.51,20.55,55.53,1.3566666666666691,4670784.0,19.1,71.2,28.92962962962963,8644,1,0,1,9,-0.642054713236563,-0.1966728897935758,1.3566666666666691,1,0
855,2013-10-01,NSW,5634.14,19.8,51.7,1.184000000000001,7438915.3,22.0,72.1,26.122580645161293,8674,0,0,1,10,-0.9873494423939866,-0.655156357209085,1.184000000000001,0,0
856,2013-10-01,VIC,4067.0000000000005,14.6,49.92,-0.7563636363636377,5813861.0,15.5,72.1,18.86774193548387,8674,0,1,1,10,-0.9873494423939866,-0.655156357209085,0.7563636363636377,0,0
857,2013-10-01,QLD,4229.29,22.3,62.48,0.9774999999999991,4675669.0,22.7,72.1,30.799999999999997,8674,1,0,1,10,-0.9873494423939866,-0.655156357209085,0.9774999999999991,1,0
858,2013-11-01,NSW,5492.709999999999,19.6,50.69,-0.5599999999999987,7446926.7,18.5,69.8,24.65,8705,0,0,1,11,-0.3375228995941137,-0.9483615800121713,0.5599999999999987,0,0
859,2013-11-01,VIC,3907.56,15.91,47.2,-1.5563636363636348,5823223.0,17.5,69.8,21.07,8705,0,1,1,11,-0.3375228995941137,-0.9483615800121713,1.5563636363636348,0,0
860,2013-11-01,QLD,4168.780000000001,22.67,53.66,-0.2754166666666684,4680554.0,22.4,69.8,30.813793103448276,8705,1,0,1,11,-0.3375228995941137,-0.9483615800121713,0.2754166666666684,1,0
861,2013-12-01,NSW,5778.3,22.1,65.24,0.3884615384615415,7454938.0,24.6,68.9,27.309677419354838,8735,0,0,1,12,0.635432300890177,-0.9813064702716096,0.3884615384615415,0,0
862,2013-12-01,VIC,3957.5100000000007,18.15,52.78,-0.7600000000000016,5832585.0,22.5,68.9,24.74516129032258,8735,0,1,1,12,0.635432300890177,-0.9813064702716096,0.7600000000000016,0,0
863,2013-12-01,QLD,4361.129999999999,24.19,59.46,-0.252799999999997,4685439.0,24.7,68.9,30.883870967741935,8735,1,0,1,12,0.635432300890177,-0.9813064702716096,0.252799999999997,1,0
864,2014-01-01,NSW,6052.67,22.83,53.49,-0.19807692307692548,7465903.3,24.0,67.7,27.89032258064516,8766,0,0,1,1,0.9886775902323405,-0.7583058084785624,0.19807692307692548,0,0
865,2014-01-01,VIC,4361.8099999999995,21.36,96.13,0.38727272727272677,5844893.7,25.2,67.7,28.86774193548387,8766,0,1,1,1,0.9886775902323405,-0.7583058084785624,0.38727272727272677,1,0
866,2014-01-01,QLD,4561.67,25.36,78.21,-0.043600000000001415,4692021.7,22.6,67.7,32.270967741935486,8766,1,0,1,1,0.9886775902323405,-0.7583058084785624,0.043600000000001415,1,0
867,2014-02-01,NSW,5492.94,22.38,50.85,-0.5024000000000051,7476868.7,17.9,68.9,26.77857142857143,8797,0,0,1,2,0.3456123126707335,-0.3212696616923644,0.5024000000000051,0,0
868,2014-02-01,VIC,3938.1400000000003,20.68,50.91,0.25,5857202.3,21.2,68.9,28.782142857142855,8797,0,1,1,2,0.3456123126707335,-0.3212696616923644,0.25,1,0
869,2014-02-01,QLD,4087.1400000000003,25.02,63.07,-0.0799999999999983,4698604.3,21.0,68.9,31.432142857142857,8797,1,0,1,2,0.3456123126707335,-0.3212696616923644,0.0799999999999983,1,0
870,2014-03-01,NSW,5833.21,22.18,49.15,0.3951999999999991,7487834.0,15.3,71.0,26.809677419354838,8825,0,0,1,3,-0.6016240632249223,0.17129314418147756,0.3951999999999991,0,0
871,2014-03-01,VIC,4064.34,19.14,46.68,-0.0009999999999976694,5869511.0,14.5,71.0,25.51290322580645,8825,0,1,1,3,-0.6016240632249223,0.17129314418147756,0.0009999999999976694,0,0
872,2014-03-01,QLD,4409.95,23.94,49.33,-0.020833333333328596,4705187.0,17.4,71.0,30.190322580645162,8825,1,0,1,3,-0.6016240632249223,0.17129314418147756,0.020833333333328596,1,0
873,2014-04-01,NSW,5411.51,19.24,49.01,0.2975999999999992,7494673.7,11.4,71.4,23.60666666666667,8856,0,0,1,4,-0.989932495087353,0.6486295610349814,0.2975999999999992,0,0
874,2014-04-01,VIC,3851.31,16.53,44.47,0.41199999999999903,5877979.7,9.1,71.4,20.11,8856,0,1,1,4,-0.989932495087353,0.6486295610349814,0.41199999999999903,0,0
875,2014-04-01,QLD,4073.89,22.21,49.9,0.7812500000000036,4710009.0,16.5,71.4,28.06,8856,1,0,1,4,-0.989932495087353,0.6486295610349814,0.7812500000000036,1,0
876,2014-05-01,NSW,5873.95,17.24,50.65,1.4103999999999974,7501513.3,11.0,71.5,22.603225806451615,8886,0,0,1,5,-0.38566340624360745,0.9398560579418954,1.4103999999999974,0,0
877,2014-05-01,VIC,4154.98,14.75,49.01,1.1363636363636367,5886448.3,7.4,71.5,18.425806451612903,8886,0,1,1,5,-0.38566340624360745,0.9398560579418954,1.1363636363636367,0,0
878,2014-05-01,QLD,4167.14,19.08,52.07,0.7587499999999991,4714831.0,12.9,71.5,24.53548387096774,8886,1,0,1,5,-0.38566340624360745,0.9398560579418954,0.7587499999999991,0,0
879,2014-06-01,NSW,5977.74,14.42,50.17,1.0047999999999995,7508353.0,8.7,72.0,19.44,8917,0,0,1,6,0.6220467484408669,0.9829265519799822,1.0047999999999995,0,0
880,2014-06-01,VIC,4207.95,12.39,50.01,1.4354545454545455,5894917.0,5.9,72.0,14.65,8917,0,1,1,6,0.6220467484408669,0.9829265519799822,1.4354545454545455,0,1
881,2014-06-01,QLD,4043.3400000000006,17.05,50.87,1.0291666666666686,4719653.0,12.2,72.0,22.803333333333335,8917,1,0,1,6,0.6220467484408669,0.9829265519799822,1.0291666666666686,0,0
882,2014-07-01,NSW,6519.67,13.07,42.22,0.1772000000000009,7517661.0,10.1,71.5,18.796774193548387,8947,0,0,1,7,0.9911140639934548,0.7638886127905428,0.1772000000000009,0,0
883,2014-07-01,VIC,4446.16,11.13,39.84,0.336363636363636,5905677.7,7.2,71.5,13.519354838709678,8947,0,1,1,7,0.9911140639934548,0.7638886127905428,0.336363636363636,0,1
884,2014-07-01,QLD,4325.289999999999,14.58,33.89,-0.7349999999999994,4724639.7,13.8,71.5,22.248387096774195,8947,1,0,1,7,0.9911140639934548,0.7638886127905428,0.7349999999999994,0,0
885,2014-08-01,NSW,6364.43,13.22,37.03,-0.8887999999999998,7526969.0,11.0,71.9,17.322580645161292,8978,0,0,1,8,0.3617137307297687,0.3294084822245304,0.8887999999999998,0,0
886,2014-08-01,VIC,4168.31,11.11,35.7,-0.5581818181818186,5916438.3,10.0,71.9,14.98709677419355,8978,0,1,1,8,0.3617137307297687,0.3294084822245304,0.5581818181818186,0,1
887,2014-08-01,QLD,4190.53,16.46,26.81,-0.10833333333333073,4729626.3,14.1,71.9,22.75,8978,1,0,1,8,0.3617137307297687,0.3294084822245304,0.10833333333333073,0,0
888,2014-09-01,NSW,5587.26,16.46,41.07,-0.2907999999999973,7536277.0,16.3,68.9,21.529999999999998,9009,0,0,1,9,-0.642054713236563,-0.1966728897935758,0.2907999999999973,0,0
889,2014-09-01,VIC,3769.02,13.68,37.79,0.201818181818183,5927199.0,13.9,68.9,18.133333333333333,9009,0,1,1,9,-0.642054713236563,-0.1966728897935758,0.201818181818183,0,0
890,2014-09-01,QLD,3956.15,18.54,33.63,-0.6533333333333324,4734613.0,18.8,68.9,26.4,9009,1,0,1,9,-0.642054713236563,-0.1966728897935758,0.6533333333333324,0,0
891,2014-10-01,NSW,5587.61,19.22,32.04,0.6039999999999992,7544908.3,20.3,69.4,25.0258064516129,9039,0,0,1,10,-0.9873494423939866,-0.655156357209085,0.6039999999999992,0,0
892,2014-10-01,VIC,3817.56,15.71,27.27,0.3536363636363635,5937303.3,17.6,69.4,22.093548387096774,9039,0,1,1,10,-0.9873494423939866,-0.655156357209085,0.3536363636363635,0,0
893,2014-10-01,QLD,4212.95,21.7,23.94,0.3774999999999977,4738829.7,23.6,69.4,30.419354838709676,9039,1,0,1,10,-0.9873494423939866,-0.655156357209085,0.3774999999999977,1,0
894,2014-11-01,NSW,5578.49,21.04,35.38,0.879999999999999,7553539.7,21.6,68.2,26.33,9070,0,0,1,11,-0.3375228995941137,-0.9483615800121713,0.879999999999999,0,0
895,2014-11-01,VIC,3640.15,17.29,29.57,-0.17636363636363583,5947407.7,21.4,68.2,23.926666666666666,9070,0,1,1,11,-0.3375228995941137,-0.9483615800121713,0.17636363636363583,0,0
896,2014-11-01,QLD,4506.98,24.62,35.35,1.6745833333333309,4743046.3,23.8,68.2,33.1,9070,1,0,1,11,-0.3375228995941137,-0.9483615800121713,1.6745833333333309,1,0
897,2014-12-01,NSW,5671.6900000000005,21.93,31.6,0.21846153846153982,7562171.0,22.0,66.5,27.26451612903226,9100,0,0,1,12,0.635432300890177,-0.9813064702716096,0.21846153846153982,0,0
898,2014-12-01,VIC,3721.78,18.67,27.73,-0.23999999999999844,5957512.0,23.7,66.5,24.87741935483871,9100,0,1,1,12,0.635432300890177,-0.9813064702716096,0.23999999999999844,0,0
899,2014-12-01,QLD,4712.030000000001,24.95,116.49,0.507200000000001,4747263.0,20.6,66.5,31.612903225806452,9100,1,0,1,12,0.635432300890177,-0.9813064702716096,0.507200000000001,1,0
900,2015-01-01,NSW,5996.429999999999,23.39,38.86,0.3619230769230768,7573357.7,22.6,63.9,28.274193548387096,9131,0,0,1,1,0.9886775902323405,-0.7583058084785624,0.3619230769230768,1,0
901,2015-01-01,VIC,3903.9799999999996,20.39,27.96,-0.5827272727272721,5970076.3,22.3,63.9,26.893548387096775,9131,0,1,1,1,0.9886775902323405,-0.7583058084785624,0.5827272727272721,0,0
902,2015-01-01,QLD,4874.110000000001,25.8,125.11,0.39639999999999986,4752988.3,20.3,63.9,31.63225806451613,9131,1,0,1,1,0.9886775902323405,-0.7583058084785624,0.39639999999999986,1,0
903,2015-02-01,NSW,5417.56,23.25,34.54,0.36759999999999593,7584544.3,20.1,64.1,27.349999999999998,9162,0,0,1,2,0.3456123126707335,-0.3212696616923644,0.36759999999999593,0,0
904,2015-02-01,VIC,3730.41,20.97,29.39,0.5399999999999991,5982640.7,19.6,64.1,28.00357142857143,9162,0,1,1,2,0.3456123126707335,-0.3212696616923644,0.5399999999999991,1,0
905,2015-02-01,QLD,4285.6900000000005,24.48,35.29,-0.6199999999999974,4758713.7,20.5,64.1,30.146428571428572,9162,1,0,1,2,0.3456123126707335,-0.3212696616923644,0.6199999999999974,1,0
906,2015-03-01,NSW,5850.889999999999,21.79,31.59,0.005199999999998539,7595731.0,16.2,63.3,26.770967741935483,9190,0,0,1,3,-0.6016240632249223,0.17129314418147756,0.005199999999998539,0,0
907,2015-03-01,VIC,3791.8399999999992,17.6,26.66,-1.5409999999999968,5995205.0,16.1,63.3,23.758064516129032,9190,0,1,1,3,-0.6016240632249223,0.17129314418147756,1.5409999999999968,0,0
908,2015-03-01,QLD,4920.95,25.01,138.41,1.0491666666666717,4764439.0,19.3,63.3,30.91290322580645,9190,1,0,1,3,-0.6016240632249223,0.17129314418147756,1.0491666666666717,1,0
909,2015-04-01,NSW,5445.500000000001,18.19,37.08,-0.752399999999998,7602543.3,11.0,65.3,22.55666666666667,9221,0,0,1,4,-0.989932495087353,0.6486295610349814,0.752399999999998,0,0
910,2015-04-01,VIC,3739.4900000000002,14.61,30.28,-1.5080000000000027,6004244.0,10.7,65.3,19.38,9221,0,1,1,4,-0.989932495087353,0.6486295610349814,1.5080000000000027,0,0
911,2015-04-01,QLD,4384.419999999999,21.02,32.91,-0.4087499999999977,4768856.7,16.0,65.3,26.19,9221,1,0,1,4,-0.989932495087353,0.6486295610349814,0.4087499999999977,0,0
912,2015-05-01,NSW,6051.670000000001,15.83,35.23,0.00039999999999906777,7609355.7,9.9,63.7,20.683870967741935,9251,0,0,1,5,-0.38566340624360745,0.9398560579418954,0.00039999999999906777,0,0
913,2015-05-01,VIC,4067.7,13.22,31.2,-0.3936363636363627,6013283.0,7.9,63.7,16.893548387096775,9251,0,1,1,5,-0.38566340624360745,0.9398560579418954,0.3936363636363627,0,0
914,2015-05-01,QLD,4475.95,18.51,31.74,0.18875000000000242,4773274.3,13.5,63.7,24.22258064516129,9251,1,0,1,5,-0.38566340624360745,0.9398560579418954,0.18875000000000242,0,0
915,2015-06-01,NSW,6281.52,13.49,37.04,0.07479999999999976,7616168.0,8.6,63.8,18.44,9282,0,0,1,6,0.6220467484408669,0.9829265519799822,0.07479999999999976,0,0
916,2015-06-01,VIC,4163.51,10.73,35.78,-0.2245454545454546,6022322.0,6.5,63.8,13.816666666666666,9282,0,1,1,6,0.6220467484408669,0.9829265519799822,0.2245454545454546,0,1
917,2015-06-01,QLD,4384.9400000000005,16.27,32.25,0.24916666666666742,4777692.0,11.2,63.8,21.64,9282,1,0,1,6,0.6220467484408669,0.9829265519799822,0.24916666666666742,0,0
918,2015-07-01,NSW,6791.33,11.84,40.43,-1.0527999999999995,7625886.7,9.9,61.4,17.187096774193545,9312,0,0,1,7,0.9911140639934548,0.7638886127905428,1.0527999999999995,0,0
919,2015-07-01,VIC,4454.039999999999,9.99,36.35,-0.8036363636363646,6034067.3,6.9,61.4,12.745161290322581,9312,0,1,1,7,0.9911140639934548,0.7638886127905428,0.8036363636363646,0,1
920,2015-07-01,QLD,4575.57,14.88,40.55,-0.4349999999999987,4782301.3,12.9,61.4,21.25483870967742,9312,1,0,1,7,0.9911140639934548,0.7638886127905428,0.4349999999999987,0,0
921,2015-08-01,NSW,6285.989999999999,14.08,37.61,-0.02880000000000038,7635605.3,12.4,60.9,19.503225806451614,9343,0,0,1,8,0.3617137307297687,0.3294084822245304,0.02880000000000038,0,0
922,2015-08-01,VIC,4280.5,10.8,36.45,-0.8681818181818173,6045812.7,8.7,60.9,13.399999999999999,9343,0,1,1,8,0.3617137307297687,0.3294084822245304,0.8681818181818173,0,1
923,2015-08-01,QLD,4452.0,16.74,39.24,0.17166666666666686,4786910.7,15.2,60.9,24.12258064516129,9343,1,0,1,8,0.3617137307297687,0.3294084822245304,0.17166666666666686,0,0
924,2015-09-01,NSW,5644.44,15.83,63.92,-0.9207999999999981,7645324.0,16.8,59.9,20.33,9374,0,0,1,9,-0.642054713236563,-0.1966728897935758,0.9207999999999981,0,0
925,2015-09-01,VIC,3831.87,12.73,44.59,-0.7481818181818163,6057558.0,14.2,59.9,17.293333333333333,9374,0,1,1,9,-0.642054713236563,-0.1966728897935758,0.7481818181818163,0,0
926,2015-09-01,QLD,4312.039999999999,18.09,45.46,-1.1033333333333317,4791520.0,17.9,59.9,25.68,9374,1,0,1,9,-0.642054713236563,-0.1966728897935758,1.1033333333333317,0,0
927,2015-10-01,NSW,5664.919999999999,20.62,37.66,2.0040000000000013,7654016.3,19.1,60.3,26.009677419354837,9404,0,0,1,10,-0.9873494423939866,-0.655156357209085,2.0040000000000013,0,0
928,2015-10-01,VIC,3824.7200000000003,17.92,37.24,2.5636363636363644,6069388.3,19.7,60.3,25.480645161290322,9404,0,1,1,10,-0.9873494423939866,-0.655156357209085,2.5636363636363644,0,0
929,2015-10-01,QLD,4565.8099999999995,21.23,37.33,-0.09250000000000114,4795991.0,20.7,60.3,28.612903225806452,9404,1,0,1,10,-0.9873494423939866,-0.655156357209085,0.09250000000000114,1,0
930,2015-11-01,NSW,5789.339999999999,21.16,47.79,1.0,7662708.7,20.4,61.8,26.83,9435,0,0,1,11,-0.3375228995941137,-0.9483615800121713,1.0,0,0
931,2015-11-01,VIC,3823.05,17.39,36.88,-0.07636363636363441,6081218.7,21.1,61.8,23.573333333333334,9435,0,1,1,11,-0.3375228995941137,-0.9483615800121713,0.07636363636363441,0,0
932,2015-11-01,QLD,4996.309999999999,23.96,45.29,1.0145833333333307,4800462.0,22.9,61.8,30.876666666666665,9435,1,0,1,11,-0.3375228995941137,-0.9483615800121713,1.0145833333333307,1,0
933,2015-12-01,NSW,6091.530000000001,21.72,46.19,0.008461538461538964,7671401.0,23.7,62.7,27.0258064516129,9465,0,0,1,12,0.635432300890177,-0.9813064702716096,0.008461538461538964,0,0
934,2015-12-01,VIC,4207.889999999999,20.7,54.56,1.7899999999999991,6093049.0,27.2,62.7,29.096774193548388,9465,0,1,1,12,0.635432300890177,-0.9813064702716096,1.7899999999999991,1,0
935,2015-12-01,QLD,5127.469999999999,24.15,44.15,-0.2927999999999997,4804933.0,21.4,62.7,29.47741935483871,9465,1,0,1,12,0.635432300890177,-0.9813064702716096,0.2927999999999997,1,0
936,2016-01-01,NSW,6161.9,22.75,51.3,-0.2780769230769238,7683404.7,19.8,61.5,27.906451612903226,9496,0,0,1,1,0.9886775902323405,-0.7583058084785624,0.2780769230769238,0,0
937,2016-01-01,VIC,4074.7400000000002,20.56,60.13,-0.41272727272727394,6108241.7,20.4,61.5,27.174193548387095,9496,0,1,1,1,0.9886775902323405,-0.7583058084785624,0.41272727272727394,0,0
938,2016-01-01,QLD,5312.930000000001,25.01,53.89,-0.3935999999999993,4812134.7,21.2,61.5,31.432258064516127,9496,1,0,1,1,0.9886775902323405,-0.7583058084785624,0.3935999999999993,1,0
939,2016-02-01,NSW,6137.879999999999,24.05,40.47,1.1675999999999966,7695408.3,22.5,61.4,28.375862068965517,9527,0,0,1,2,0.3456123126707335,-0.3212696616923644,1.1675999999999966,1,0
940,2016-02-01,VIC,3942.21,20.26,37.66,-0.16999999999999815,6123434.3,20.7,61.4,26.989655172413794,9527,0,1,1,2,0.3456123126707335,-0.3212696616923644,0.16999999999999815,0,0
941,2016-02-01,QLD,5182.629999999999,26.19,132.81,1.0900000000000034,4819336.3,21.4,61.4,32.8551724137931,9527,1,0,1,2,0.3456123126707335,-0.3212696616923644,1.0900000000000034,1,0
942,2016-03-01,NSW,6312.16,22.55,46.18,0.7652000000000001,7707412.0,17.5,64.4,26.9741935483871,9556,0,0,1,3,-0.6016240632249223,0.17129314418147756,0.7652000000000001,0,0
943,2016-03-01,VIC,4149.33,19.82,53.95,0.679000000000002,6138627.0,14.2,64.4,25.661290322580644,9556,0,1,1,3,-0.6016240632249223,0.17129314418147756,0.679000000000002,0,0
944,2016-03-01,QLD,5250.640000000001,24.47,69.4,0.509166666666669,4826538.0,17.3,64.4,30.674193548387095,9556,1,0,1,3,-0.6016240632249223,0.17129314418147756,0.509166666666669,1,0
945,2016-04-01,NSW,5631.22,20.23,68.42,1.2876000000000012,7715894.0,13.9,63.8,24.80666666666667,9587,0,0,1,4,-0.989932495087353,0.6486295610349814,1.2876000000000012,0,0
946,2016-04-01,VIC,3775.270000000001,17.33,49.02,1.2119999999999962,6150142.0,11.9,63.8,22.686666666666667,9587,0,1,1,4,-0.989932495087353,0.6486295610349814,1.2119999999999962,0,0
947,2016-04-01,QLD,4863.010000000001,22.8,68.57,1.3712500000000034,4832742.7,15.7,63.8,29.543333333333333,9587,1,0,1,4,-0.989932495087353,0.6486295610349814,1.3712500000000034,1,0
948,2016-05-01,NSW,5963.74,17.28,70.82,1.4504000000000001,7724376.0,11.3,61.7,23.37741935483871,9617,0,0,1,5,-0.38566340624360745,0.9398560579418954,1.4504000000000001,0,0
949,2016-05-01,VIC,4022.2899999999995,14.73,59.86,1.1163636363636371,6161657.0,8.9,61.7,18.12258064516129,9617,0,1,1,5,-0.38566340624360745,0.9398560579418954,1.1163636363636371,0,0
950,2016-05-01,QLD,4851.6,20.02,72.15,1.6987500000000004,4838947.3,14.2,61.7,27.567741935483873,9617,1,0,1,5,-0.38566340624360745,0.9398560579418954,1.6987500000000004,0,0
951,2016-06-01,NSW,6356.519999999999,14.25,104.31,0.8347999999999995,7732858.0,8.5,62.5,19.206666666666667,9648,0,0,1,6,0.6220467484408669,0.9829265519799822,0.8347999999999995,0,0
952,2016-06-01,VIC,4240.46,10.9,99.05,-0.054545454545454675,6173172.0,6.7,62.5,13.523333333333333,9648,0,1,1,6,0.6220467484408669,0.9829265519799822,0.054545454545454675,0,1
953,2016-06-01,QLD,4766.119999999999,16.76,91.57,0.7391666666666694,4845152.0,10.9,62.5,21.44333333333333,9648,1,0,1,6,0.6220467484408669,0.9829265519799822,0.7391666666666694,0,0
954,2016-07-01,NSW,6641.86,13.65,71.24,0.757200000000001,7744543.7,10.1,63.3,19.003225806451614,9678,0,0,1,7,0.9911140639934548,0.7638886127905428,0.757200000000001,0,0
955,2016-07-01,VIC,4385.5,11.41,69.54,0.6163636363636353,6184065.3,7.5,63.3,13.8,9678,0,1,1,7,0.9911140639934548,0.7638886127905428,0.6163636363636353,0,1
956,2016-07-01,QLD,4922.810000000001,16.58,64.36,1.2649999999999988,4851869.0,12.9,63.3,22.616129032258065,9678,1,0,1,7,0.9911140639934548,0.7638886127905428,1.2649999999999988,0,0
957,2016-08-01,NSW,6456.16,14.03,50.64,-0.07880000000000109,7756229.3,12.3,63.2,19.23548387096774,9709,0,0,1,8,0.3617137307297687,0.3294084822245304,0.07880000000000109,0,0
958,2016-08-01,VIC,4312.030000000001,11.88,46.01,0.2118181818181828,6194958.7,10.2,63.2,15.17741935483871,9709,0,1,1,8,0.3617137307297687,0.3294084822245304,0.2118181818181828,0,1
959,2016-08-01,QLD,4751.74,16.65,49.83,0.081666666666667,4858586.0,15.4,63.2,22.98709677419355,9709,1,0,1,8,0.3617137307297687,0.3294084822245304,0.081666666666667,0,0
960,2016-09-01,NSW,5697.759999999999,16.67,46.01,-0.08079999999999643,7767915.0,15.9,63.9,21.486666666666668,9740,0,0,1,9,-0.642054713236563,-0.1966728897935758,0.08079999999999643,0,0
961,2016-09-01,VIC,3916.43,13.15,42.82,-0.32818181818181635,6205852.0,12.4,63.9,16.17,9740,0,1,1,9,-0.642054713236563,-0.1966728897935758,0.32818181818181635,0,0
962,2016-09-01,QLD,4563.560000000001,19.61,47.34,0.41666666666666785,4865303.0,17.4,63.9,25.1,9740,1,0,1,9,-0.642054713236563,-0.1966728897935758,0.41666666666666785,0,0
963,2016-10-01,NSW,5617.15,18.6,56.71,-0.015999999999998238,7777151.7,21.1,65.0,23.996774193548386,9770,0,0,1,10,-0.9873494423939866,-0.655156357209085,0.015999999999998238,0,0
964,2016-10-01,VIC,3905.77,14.29,35.57,-1.0663636363636382,6215828.3,17.3,65.0,18.519354838709678,9770,0,1,1,10,-0.9873494423939866,-0.655156357209085,1.0663636363636382,0,0
965,2016-10-01,QLD,4737.039999999999,20.84,55.09,-0.4825000000000017,4871181.7,23.0,65.0,28.219354838709677,9770,1,0,1,10,-0.9873494423939866,-0.655156357209085,0.4825000000000017,1,0
966,2016-11-01,NSW,5728.299999999999,21.08,91.22,0.9199999999999982,7786388.3,24.3,65.3,26.37,9801,0,0,1,11,-0.3375228995941137,-0.9483615800121713,0.9199999999999982,0,0
967,2016-11-01,VIC,3751.56,15.83,38.11,-1.636363636363635,6225804.7,19.2,65.3,21.240000000000002,9801,0,1,1,11,-0.3375228995941137,-0.9483615800121713,1.636363636363635,0,0
968,2016-11-01,QLD,4967.48,24.02,72.6,1.0745833333333294,4877060.3,26.0,65.3,31.80666666666667,9801,1,0,1,11,-0.3375228995941137,-0.9483615800121713,1.0745833333333294,1,0
969,2016-12-01,NSW,6221.05,23.31,53.86,1.5984615384615388,7795625.0,22.0,63.9,28.848387096774193,9831,0,0,1,12,0.635432300890177,-0.9813064702716096,1.5984615384615388,1,0
970,2016-12-01,VIC,3659.8799999999997,19.55,31.76,0.6400000000000006,6235781.0,22.8,63.9,26.316129032258065,9831,0,1,1,12,0.635432300890177,-0.9813064702716096,0.6400000000000006,0,0
971,2016-12-01,QLD,5239.82,25.09,70.62,0.6472000000000016,4882939.0,23.9,63.9,31.983870967741936,9831,1,0,1,12,0.635432300890177,-0.9813064702716096,0.6472000000000016,1,0
972,2017-01-01,NSW,6613.419999999999,24.66,91.47,1.6319230769230764,7808237.7,22.0,65.8,30.14516129032258,9862,0,0,1,1,0.9886775902323405,-0.7583058084785624,1.6319230769230764,1,0
973,2017-01-01,VIC,3797.3700000000003,20.76,68.28,-0.2127272727272711,6250039.0,23.4,65.8,27.603225806451615,9862,0,1,1,1,0.9886775902323405,-0.7583058084785624,0.2127272727272711,0,0
974,2017-01-01,QLD,5549.15,26.59,230.33,1.186399999999999,4890749.3,24.0,65.8,32.54193548387097,9862,1,0,1,1,0.9886775902323405,-0.7583058084785624,1.186399999999999,1,0
975,2017-02-01,NSW,6012.4,24.1,218.42,1.2175999999999974,7820850.3,19.7,66.7,29.021428571428572,9893,0,0,1,2,0.3456123126707335,-0.3212696616923644,1.2175999999999974,1,0
976,2017-02-01,VIC,3483.5000000000005,19.82,94.94,-0.6099999999999994,6264297.0,19.9,66.7,26.682142857142857,9893,0,1,1,2,0.3456123126707335,-0.3212696616923644,0.6099999999999994,0,0
977,2017-02-01,QLD,5117.889999999999,26.83,262.17,1.7300000000000004,4898559.7,24.2,66.7,33.667857142857144,9893,1,0,1,2,0.3456123126707335,-0.3212696616923644,1.7300000000000004,1,0
978,2017-03-01,NSW,6085.77,22.18,96.78,0.3951999999999991,7833463.0,13.0,66.2,25.916129032258063,9921,0,0,1,3,-0.6016240632249223,0.17129314418147756,0.3951999999999991,0,0
979,2017-03-01,VIC,3917.1600000000003,20.95,95.46,1.809000000000001,6278555.0,16.6,66.2,27.761290322580646,9921,0,1,1,3,-0.6016240632249223,0.17129314418147756,1.809000000000001,0,0
980,2017-03-01,QLD,5247.78,25.38,90.18,1.4191666666666691,4906370.0,16.4,66.2,31.266666666666666,9921,1,0,1,3,-0.6016240632249223,0.17129314418147756,1.4191666666666691,1,0
981,2017-04-01,NSW,5432.38,18.58,108.35,-0.36240000000000094,7840747.3,13.8,64.5,23.46333333333333,9952,0,0,1,4,-0.989932495087353,0.6486295610349814,0.36240000000000094,0,0
982,2017-04-01,VIC,3416.0,16.14,111.38,0.021999999999998465,6286572.7,10.7,64.5,20.58,9952,0,1,1,4,-0.989932495087353,0.6486295610349814,0.021999999999998465,0,0
983,2017-04-01,QLD,4410.249999999999,20.65,96.65,-0.7787499999999987,4913040.0,15.6,64.5,26.23,9952,1,0,1,4,-0.989932495087353,0.6486295610349814,0.7787499999999987,0,0
984,2017-05-01,NSW,6056.940000000001,16.29,90.86,0.46039999999999814,7848031.7,11.1,63.8,21.09032258064516,9982,0,0,1,5,-0.38566340624360745,0.9398560579418954,0.46039999999999814,0,0
985,2017-05-01,VIC,3936.81,12.8,111.17,-0.8136363636363626,6294590.3,8.4,63.8,16.596774193548388,9982,0,1,1,5,-0.38566340624360745,0.9398560579418954,0.8136363636363626,0,0
986,2017-05-01,QLD,4664.049999999999,19.02,87.55,0.6987500000000004,4919710.0,13.1,63.8,24.53666666666667,9982,1,0,1,5,-0.38566340624360745,0.9398560579418954,0.6987500000000004,0,0
987,2017-06-01,NSW,6420.23,13.61,86.03,0.19479999999999897,7855316.0,8.9,65.5,18.09333333333333,10013,0,0,1,6,0.6220467484408669,0.9829265519799822,0.19479999999999897,0,0
988,2017-06-01,VIC,4081.4399999999996,10.59,100.04,-0.36454545454545517,6302608.0,7.3,65.5,14.33,10013,0,1,1,6,0.6220467484408669,0.9829265519799822,0.36454545454545517,0,1
989,2017-06-01,QLD,4597.63,16.99,78.0,0.9691666666666663,4926380.0,12.3,65.5,22.959999999999997,10013,1,0,1,6,0.6220467484408669,0.9829265519799822,0.9691666666666663,0,0
990,2017-07-01,NSW,6708.74,13.29,93.41,0.3971999999999998,7865128.0,11.1,67.3,19.393548387096775,10043,0,0,1,7,0.9911140639934548,0.7638886127905428,0.3971999999999998,0,0
991,2017-07-01,VIC,4246.419999999999,10.47,120.36,-0.32363636363636417,6312910.0,8.3,67.3,13.970967741935485,10043,0,1,1,7,0.9911140639934548,0.7638886127905428,0.32363636363636417,0,1
992,2017-07-01,QLD,4743.99,15.55,79.74,0.2350000000000012,4932629.7,14.2,67.3,23.009677419354837,10043,1,0,1,7,0.9911140639934548,0.7638886127905428,0.2350000000000012,0,0
993,2017-08-01,NSW,6419.34,14.04,104.63,-0.0688000000000013,7874940.0,13.8,66.3,19.387096774193548,10074,0,0,1,8,0.3617137307297687,0.3294084822245304,0.0688000000000013,0,0
994,2017-08-01,VIC,4244.47,10.87,106.76,-0.7981818181818188,6323212.0,9.9,66.3,14.229032258064517,10074,0,1,1,8,0.3617137307297687,0.3294084822245304,0.7981818181818188,0,1
995,2017-08-01,QLD,4724.29,17.26,83.93,0.69166666666667,4938879.3,17.0,66.3,25.509677419354837,10074,1,0,1,8,0.3617137307297687,0.3294084822245304,0.69166666666667,0,0
996,2017-09-01,NSW,5726.919999999999,17.4,88.41,0.6492000000000004,7884752.0,18.0,66.2,24.076666666666664,10105,0,0,1,9,-0.642054713236563,-0.1966728897935758,0.6492000000000004,0,0
997,2017-09-01,VIC,3855.669999999999,13.0,82.43,-0.4781818181818167,6333514.0,13.6,66.2,17.673333333333336,10105,0,1,1,9,-0.642054713236563,-0.1966728897935758,0.4781818181818167,0,0
998,2017-09-01,QLD,4577.7300000000005,20.33,81.98,1.1366666666666667,4945129.0,20.8,66.2,29.74827586206897,10105,1,0,1,9,-0.642054713236563,-0.1966728897935758,1.1366666666666667,1,0
999,2017-10-01,NSW,5634.32,19.43,83.33,0.8140000000000001,7890150.0,19.6,64.9,24.725806451612904,10135,0,0,1,10,-0.9873494423939866,-0.655156357209085,0.8140000000000001,0,0
1000,2017-10-01,VIC,3716.85,15.66,74.9,0.3036363636363628,6341746.0,17.4,64.9,21.583870967741937,10135,0,1,1,10,-0.9873494423939866,-0.655156357209085,0.3036363636363628,0,0
1001,2017-10-01,QLD,4776.430000000001,22.09,80.51,0.7674999999999983,4950407.7,18.2,64.9,27.780645161290323,10135,1,0,1,10,-0.9873494423939866,-0.655156357209085,0.7674999999999983,0,0
1002,2017-11-01,NSW,5667.849999999999,20.0,80.12,-0.16000000000000014,7895548.0,22.2,63.6,24.69333333333333,10166,0,0,1,11,-0.3375228995941137,-0.9483615800121713,0.16000000000000014,0,0
1003,2017-11-01,VIC,3844.91,19.86,100.04,2.3936363636363645,6349978.0,22.3,63.6,26.606666666666666,10166,0,1,1,11,-0.3375228995941137,-0.9483615800121713,2.3936363636363645,0,0
1004,2017-11-01,QLD,4736.720000000001,21.8,66.44,-1.1454166666666694,4955686.3,22.2,63.6,27.686666666666667,10166,1,0,1,11,-0.3375228995941137,-0.9483615800121713,1.1454166666666694,0,0
1005,2017-12-01,NSW,6236.120000000002,22.96,79.32,1.248461538461541,7900946.0,22.3,64.9,29.322580645161292,10196,0,0,1,12,0.635432300890177,-0.9813064702716096,1.248461538461541,1,0
1006,2017-12-01,VIC,3787.0299999999997,19.55,88.39,0.6400000000000006,6358210.0,22.4,64.9,25.55483870967742,10196,0,1,1,12,0.635432300890177,-0.9813064702716096,0.6400000000000006,0,0
1007,2017-12-01,QLD,5224.829999999999,25.29,73.35,0.8472000000000008,4960965.0,25.8,64.9,31.432258064516127,10196,1,0,1,12,0.635432300890177,-0.9813064702716096,0.8472000000000008,1,0
1008,2018-01-01,NSW,6458.410000000001,23.31,78.67,0.28192307692307494,7912193.3,22.4,65.6,29.164516129032258,10227,0,0,1,1,0.9886775902323405,-0.7583058084785624,0.28192307692307494,1,0
1009,2018-01-01,VIC,4161.79,21.59,163.32,0.6172727272727272,6371668.7,23.3,65.6,28.258064516129032,10227,0,1,1,1,0.9886775902323405,-0.7583058084785624,0.6172727272727272,1,0
1010,2018-01-01,QLD,5449.649999999999,26.14,78.78,0.7363999999999997,4969295.0,26.7,65.6,33.013333333333335,10227,1,0,1,1,0.9886775902323405,-0.7583058084785624,0.7363999999999997,1,0
1011,2018-02-01,NSW,5749.41,22.98,74.49,0.09759999999999636,7923440.7,21.5,63.6,27.803571428571427,10258,0,0,1,2,0.3456123126707335,-0.3212696616923644,0.09759999999999636,0,0
1012,2018-02-01,VIC,3652.36,21.29,107.52,0.8599999999999994,6385127.3,20.4,63.6,27.86785714285714,10258,0,1,1,2,0.3456123126707335,-0.3212696616923644,0.8599999999999994,0,0
1013,2018-02-01,QLD,4831.14,24.92,74.77,-0.17999999999999616,4977625.0,20.1,63.6,30.714285714285715,10258,1,0,1,2,0.3456123126707335,-0.3212696616923644,0.17999999999999616,1,0
1014,2018-03-01,NSW,6039.76,22.54,67.64,0.7551999999999985,7934688.0,17.1,62.3,27.348387096774193,10286,0,0,1,3,-0.6016240632249223,0.17129314418147756,0.7551999999999985,0,0
1015,2018-03-01,VIC,3762.9500000000003,19.41,77.72,0.2690000000000019,6398586.0,16.3,62.3,25.84193548387097,10286,0,1,1,3,-0.6016240632249223,0.17129314418147756,0.2690000000000019,0,0
1016,2018-03-01,QLD,5132.270000000001,24.16,63.72,0.19916666666667027,4985955.0,16.6,62.3,29.261290322580646,10286,1,0,1,3,-0.6016240632249223,0.17129314418147756,0.19916666666667027,1,0
1017,2018-04-01,NSW,5604.6,21.38,77.0,2.4375999999999998,7941284.0,14.6,62.1,26.183333333333334,10317,0,0,1,4,-0.989932495087353,0.6486295610349814,2.4375999999999998,0,0
1018,2018-04-01,VIC,3578.16,16.58,76.34,0.4619999999999962,6406736.7,11.1,62.1,22.923333333333336,10317,0,1,1,4,-0.989932495087353,0.6486295610349814,0.4619999999999962,0,0
1019,2018-04-01,QLD,4721.69,22.07,64.9,0.641250000000003,4992844.3,15.5,62.1,28.336666666666666,10317,1,0,1,4,-0.989932495087353,0.6486295610349814,0.641250000000003,1,0
1020,2018-05-01,NSW,6056.9400000000005,16.1,79.51,0.2704000000000004,7947880.0,11.4,62.8,21.79032258064516,10347,0,0,1,5,-0.38566340624360745,0.9398560579418954,0.2704000000000004,0,0
1021,2018-05-01,VIC,4003.34,13.91,82.19,0.29636363636363683,6414887.3,7.2,62.8,17.19677419354839,10347,0,1,1,5,-0.38566340624360745,0.9398560579418954,0.29636363636363683,0,0
1022,2018-05-01,QLD,4750.45,18.49,66.68,0.1687499999999993,4999733.7,14.3,62.8,25.364516129032257,10347,1,0,1,5,-0.38566340624360745,0.9398560579418954,0.1687499999999993,0,0
1023,2018-06-01,NSW,6487.06,13.0,103.87,-0.41520000000000046,7954476.0,8.9,62.6,17.77,10378,0,0,1,6,0.6220467484408669,0.9829265519799822,0.41520000000000046,0,0
1024,2018-06-01,VIC,4156.51,10.34,97.91,-0.6145454545454552,6423038.0,7.1,62.6,13.919999999999998,10378,0,1,1,6,0.6220467484408669,0.9829265519799822,0.6145454545454552,0,1
1025,2018-06-01,QLD,4726.4400000000005,16.16,83.34,0.139166666666668,5006623.0,12.4,62.6,22.973333333333336,10378,1,0,1,6,0.6220467484408669,0.9829265519799822,0.139166666666668,0,0
1026,2018-07-01,NSW,6675.4,13.51,78.07,0.6172000000000004,7964492.3,11.4,63.5,20.358064516129033,10408,0,0,1,7,0.9911140639934548,0.7638886127905428,0.6172000000000004,0,0
1027,2018-07-01,VIC,4295.79,11.13,74.54,0.336363636363636,6433684.0,8.3,63.5,14.135483870967741,10408,0,1,1,7,0.9911140639934548,0.7638886127905428,0.336363636363636,0,1
1028,2018-07-01,QLD,4813.740000000001,16.13,71.65,0.8149999999999995,5013596.3,13.8,63.5,23.93548387096774,10408,1,0,1,7,0.9911140639934548,0.7638886127905428,0.8149999999999995,0,0
1029,2018-08-01,NSW,6509.83,13.75,97.4,-0.35880000000000045,7974508.7,13.2,62.2,19.270967741935483,10439,0,0,1,8,0.3617137307297687,0.3294084822245304,0.35880000000000045,0,0
1030,2018-08-01,VIC,4231.749999999999,10.88,84.67,-0.7881818181818172,6444330.0,10.6,62.2,14.803225806451612,10439,0,1,1,8,0.3617137307297687,0.3294084822245304,0.7881818181818172,0,1
1031,2018-08-01,QLD,4812.31,16.42,85.93,-0.14833333333332988,5020569.7,17.0,62.2,25.27741935483871,10439,1,0,1,8,0.3617137307297687,0.3294084822245304,0.14833333333332988,0,0
1032,2018-09-01,NSW,5792.88,15.66,97.42,-1.090799999999998,7984525.0,16.6,62.2,21.123333333333335,10470,0,0,1,9,-0.642054713236563,-0.1966728897935758,1.090799999999998,0,0
1033,2018-09-01,VIC,3785.53,12.34,97.86,-1.1381818181818169,6454976.0,14.6,62.2,17.423333333333336,10470,0,1,1,9,-0.642054713236563,-0.1966728897935758,1.1381818181818169,0,0
1034,2018-09-01,QLD,4576.54,18.63,83.46,-0.5633333333333326,5027543.0,18.1,62.2,26.982758620689655,10470,1,0,1,9,-0.642054713236563,-0.1966728897935758,0.5633333333333326,0,0
1035,2018-10-01,NSW,5765.870000000001,17.87,90.76,-0.7459999999999987,7990871.3,17.9,61.9,22.270967741935483,10500,0,0,1,10,-0.9873494423939866,-0.655156357209085,0.7459999999999987,0,0
1036,2018-10-01,VIC,3672.67,16.07,102.71,0.713636363636363,6463215.7,18.4,61.9,21.758064516129032,10500,0,1,1,10,-0.9873494423939866,-0.655156357209085,0.713636363636363,0,0
1037,2018-10-01,QLD,4792.55,20.77,80.71,-0.552500000000002,5033840.0,18.9,61.9,27.620689655172413,10500,1,0,1,10,-0.9873494423939866,-0.655156357209085,0.552500000000002,0,0
1038,2018-11-01,NSW,5671.400000000001,22.34,88.58,2.1799999999999997,7997217.7,21.8,63.3,25.303333333333335,10531,0,0,1,11,-0.3375228995941137,-0.9483615800121713,2.1799999999999997,0,0
1039,2018-11-01,VIC,3522.5500000000006,22.86,100.02,5.3936363636363645,6471455.3,18.8,63.3,22.46333333333333,10531,0,1,1,11,-0.3375228995941137,-0.9483615800121713,5.3936363636363645,0,0
1040,2018-11-01,QLD,4972.65,22.15,92.65,-0.7954166666666715,5040137.0,25.7,63.3,31.61923076923077,10531,1,0,1,11,-0.3375228995941137,-0.9483615800121713,0.7954166666666715,1,0
1041,2018-12-01,NSW,6136.389999999999,,86.77,,8003564.0,24.0,60.7,28.351612903225806,10561,0,0,1,12,0.635432300890177,-0.9813064702716096,,1,0
1042,2018-12-01,VIC,3778.54,,100.05,,6479695.0,21.4,60.7,26.067741935483873,10561,0,1,1,12,0.635432300890177,-0.9813064702716096,,0,0
1043,2018-12-01,QLD,5214.240000000001,,83.03,,5046434.0,24.4,60.7,31.751612903225805,10561,1,0,1,12,0.635432300890177,-0.9813064702716096,,1,0
1044,2019-01-01,NSW,7005.150000000001,,128.81,,8013373.0,23.1,61.6,30.60967741935484,10592,0,0,1,1,0.9886775902323405,-0.7583058084785624,,1,0
1045,2019-01-01,VIC,4137.57,,356.74,,6492702.0,25.1,61.6,30.44516129032258,10592,0,1,1,1,0.9886775902323405,-0.7583058084785624,,1,0
1046,2019-01-01,QLD,5523.129999999999,,97.21,,5054391.3,25.9,61.6,33.24285714285714,10592,1,0,1,1,0.9886775902323405,-0.7583058084785624,,1,0
1047,2019-02-01,NSW,5804.5599999999995,,92.89,,8023182.0,20.7,60.7,28.025000000000002,10623,0,0,1,2,0.3456123126707335,-0.3212696616923644,,1,0
1048,2019-02-01,VIC,3558.08,,118.67,,6505709.0,20.4,60.7,27.660714285714285,10623,0,1,1,2,0.3456123126707335,-0.3212696616923644,,0,0
1049,2019-02-01,QLD,4937.91,,86.43,,5062348.7,22.1,60.7,33.260714285714286,10623,1,0,1,2,0.3456123126707335,-0.3212696616923644,,1,0
1050,2019-03-01,NSW,6125.28,,89.82,,8032991.0,15.5,60.5,27.361290322580643,10651,0,0,1,3,-0.6016240632249223,0.17129314418147756,,0,0
1051,2019-03-01,VIC,3923.56,,158.47,,6518716.0,15.4,60.5,26.37741935483871,10651,0,1,1,3,-0.6016240632249223,0.17129314418147756,,0,0
1052,2019-03-01,QLD,5386.7300000000005,,83.18,,5070306.0,18.2,60.5,32.31612903225806,10651,1,0,1,3,-0.6016240632249223,0.17129314418147756,,1,0
1053,2019-04-01,NSW,5524.85,,80.09,,8037576.7,13.9,60.5,24.75,10682,0,0,1,4,-0.989932495087353,0.6486295610349814,,0,0
1054,2019-04-01,VIC,3512.0699999999997,,100.98,,6524912.3,11.4,60.5,22.583333333333332,10682,0,1,1,4,-0.989932495087353,0.6486295610349814,,0,0
1055,2019-04-01,QLD,4681.529999999999,,70.25,,5076486.3,15.8,60.5,27.71333333333333,10682,1,0,1,4,-0.989932495087353,0.6486295610349814,,0,0
1056,2019-05-01,NSW,6098.029999999999,,81.22,,8042162.3,11.2,60.0,22.56451612903226,10712,0,0,1,5,-0.38566340624360745,0.9398560579418954,,0,0
1057,2019-05-01,VIC,3945.5599999999995,,94.37,,6531108.7,8.1,60.0,17.490322580645163,10712,0,1,1,5,-0.38566340624360745,0.9398560579418954,,0,0
1058,2019-05-01,QLD,4790.269999999999,,74.85,,5082666.7,13.3,60.0,25.47741935483871,10712,1,0,1,5,-0.38566340624360745,0.9398560579418954,,0,0
1059,2019-06-01,NSW,6401.9800000000005,,95.2,,8046748.0,8.8,60.1,18.166666666666668,10743,0,0,1,6,0.6220467484408669,0.9829265519799822,,0,0
1060,2019-06-01,VIC,4109.37,,107.56,,6537305.0,7.5,60.1,14.68,10743,0,1,1,6,0.6220467484408669,0.9829265519799822,,0,1
1061,2019-06-01,QLD,4691.85,,88.3,,5088847.0,12.3,60.1,22.886666666666667,10743,1,0,1,6,0.6220467484408669,0.9829265519799822,,0,0
1062,2019-07-01,NSW,6626.82,,74.17,,8054948.7,11.0,59.5,19.858064516129033,10773,0,0,1,7,0.9911140639934548,0.7638886127905428,,0,0
1063,2019-07-01,VIC,4273.36,,88.9,,6547502.7,7.8,59.5,14.32258064516129,10773,0,1,1,7,0.9911140639934548,0.7638886127905428,,0,1
1064,2019-07-01,QLD,4775.85,,68.72,,5096078.0,13.8,59.5,23.9741935483871,10773,1,0,1,7,0.9911140639934548,0.7638886127905428,,0,0
1065,2019-08-01,NSW,6590.319999999999,,88.93,,8063149.3,13.2,58.9,19.34193548387097,10804,0,0,1,8,0.3617137307297687,0.3294084822245304,,0,0
1066,2019-08-01,VIC,4273.31,,112.4,,6557700.3,9.9,58.9,14.070967741935483,10804,0,1,1,8,0.3617137307297687,0.3294084822245304,,0,1
1067,2019-08-01,QLD,4717.279999999999,,65.66,,5103309.0,15.9,58.9,24.70967741935484,10804,1,0,1,8,0.3617137307297687,0.3294084822245304,,0,0
1068,2019-09-01,NSW,5751.280000000001,,99.64,,8071350.0,16.6,59.2,22.206666666666667,10835,0,0,1,9,-0.642054713236563,-0.1966728897935758,,0,0
1069,2019-09-01,VIC,3813.0299999999997,,110.12,,6567898.0,14.0,59.2,17.473333333333336,10835,0,1,1,9,-0.642054713236563,-0.1966728897935758,,0,0
1070,2019-09-01,QLD,4565.24,,63.87,,5110540.0,20.4,59.2,29.27,10835,1,0,1,9,-0.642054713236563,-0.1966728897935758,,1,0
1071,2019-10-01,NSW,5755.0,,104.63,,8077020.3,22.6,60.0,25.174193548387095,10865,0,0,1,10,-0.9873494423939866,-0.655156357209085,,0,0
1072,2019-10-01,VIC,3800.99,,104.85,,6575282.0,18.5,60.0,21.570967741935487,10865,0,1,1,10,-0.9873494423939866,-0.655156357209085,,0,0
1073,2019-10-01,QLD,4830.620000000001,,77.57,,5116940.3,22.6,60.0,29.7,10865,1,0,1,10,-0.9873494423939866,-0.655156357209085,,1,0
1074,2019-11-01,NSW,5750.17,,71.22,,8082690.7,24.6,59.0,27.246666666666666,10896,0,0,1,11,-0.3375228995941137,-0.9483615800121713,,0,0
1075,2019-11-01,VIC,3653.85,,70.27,,6582666.0,19.7,59.0,22.386666666666667,10896,0,1,1,11,-0.3375228995941137,-0.9483615800121713,,0,0
1076,2019-11-01,QLD,5010.1900000000005,,63.45,,5123340.7,26.6,59.0,33.88,10896,1,0,1,11,-0.3375228995941137,-0.9483615800121713,,1,0
1077,2019-12-01,NSW,6107.94,,53.27,,8088361.0,24.3,60.3,28.503225806451614,10926,0,0,1,12,0.635432300890177,-0.9813064702716096,,1,0
1078,2019-12-01,VIC,3884.5299999999997,,74.62,,6590050.0,24.3,60.3,26.416129032258063,10926,0,1,1,12,0.635432300890177,-0.9813064702716096,,0,0
1079,2019-12-01,QLD,5489.580000000001,,56.9,,5129741.0,26.6,60.3,34.60322580645161,10926,1,0,1,12,0.635432300890177,-0.9813064702716096,,1,0
1080,2020-01-01,NSW,6551.219999999999,,203.3,,8096241.0,20.2,58.1,28.97741935483871,10957,0,0,1,1,0.9886775902323405,-0.7583058084785624,,1,0
1081,2020-01-01,VIC,3966.33,,229.03,,6598912.0,21.8,58.1,27.812903225806455,10957,0,1,1,1,0.9886775902323405,-0.7583058084785624,,0,0
1082,2020-01-01,QLD,5649.13,,72.03,,5137929.0,23.9,58.1,33.17,10957,1,0,1,1,0.9886775902323405,-0.7583058084785624,,1,0
1083,2020-02-01,NSW,5879.800000000001,,62.09,,8104121.0,18.7,57.0,27.46551724137931,10988,0,0,1,2,0.3456123126707335,-0.3212696616923644,,0,0
1084,2020-02-01,VIC,3664.6299999999997,,50.99,,6607774.0,17.6,57.0,24.92413793103448,10988,0,1,1,2,0.3456123126707335,-0.3212696616923644,,0,0
1085,2020-02-01,QLD,5249.9400000000005,,55.75,,5146117.0,18.5,57.0,30.768965517241377,10988,1,0,1,2,0.3456123126707335,-0.3212696616923644,,1,0
1086,2020-03-01,NSW,5837.75,,47.11,,8112001.0,15.5,54.7,25.53548387096774,11017,0,0,1,3,-0.6016240632249223,0.17129314418147756,,0,0
1087,2020-03-01,VIC,3770.78,,44.83,,6616636.0,14.8,54.7,22.92258064516129,11017,0,1,1,3,-0.6016240632249223,0.17129314418147756,,0,0
1088,2020-03-01,QLD,5147.92,,43.0,,5154305.0,17.6,54.7,29.225806451612904,11017,1,0,1,3,-0.6016240632249223,0.17129314418147756,,1,0
1089,2020-04-01,NSW,5322.960000000001,,41.63,,8111537.3,12.4,57.8,24.796666666666667,11048,0,0,1,4,-0.989932495087353,0.6486295610349814,,0,0
1090,2020-04-01,VIC,3523.3500000000004,,37.01,,6616106.0,10.2,57.8,18.783333333333335,11048,0,1,1,4,-0.989932495087353,0.6486295610349814,,0,0
1091,2020-04-01,QLD,4692.299999999999,,38.28,,5158074.3,16.9,57.8,29.42,11048,1,0,1,4,-0.989932495087353,0.6486295610349814,,1,0
1092,2020-05-01,NSW,6096.85,,43.32,,8111073.7,10.4,58.8,20.041935483870965,11078,0,0,1,5,-0.38566340624360745,0.9398560579418954,,0,0
1093,2020-05-01,VIC,3958.8999999999996,,40.46,,6615576.0,8.4,58.8,15.490322580645161,11078,0,1,1,5,-0.38566340624360745,0.9398560579418954,,0,1
1094,2020-05-01,QLD,4605.570000000001,,33.0,,5161843.7,13.2,58.8,24.358064516129033,11078,1,0,1,5,-0.38566340624360745,0.9398560579418954,,0,0
1095,2020-06-01,NSW,6375.97,,50.97,,8110610.0,9.4,60.0,18.53666666666667,11109,0,0,1,6,0.6220467484408669,0.9829265519799822,,0,0
1096,2020-06-01,VIC,4128.61,,53.15,,6615046.0,7.4,60.0,14.206666666666667,11109,0,1,1,6,0.6220467484408669,0.9829265519799822,,0,1
1097,2020-06-01,QLD,4593.4400000000005,,35.01,,5165613.0,12.3,60.0,22.88,11109,1,0,1,6,0.6220467484408669,0.9829265519799822,,0,0
1098,2020-07-01,NSW,6737.24,,49.87,,8106708.3,9.8,61.9,17.703225806451613,11139,0,0,1,7,0.9911140639934548,0.7638886127905428,,0,0
1099,2020-07-01,VIC,4340.799999999999,,66.43,,6607176.3,7.6,61.9,13.219354838709679,11139,0,1,1,7,0.9911140639934548,0.7638886127905428,,0,1
1100,2020-07-01,QLD,4787.66,,40.3,,5168099.0,13.1,61.9,22.35666666666667,11139,1,0,1,7,0.9911140639934548,0.7638886127905428,,0,0
1101,2020-08-01,NSW,6564.489999999999,,52.77,,8102806.7,13.4,62.6,19.4,11170,0,0,1,8,0.3617137307297687,0.3294084822245304,,0,0
1102,2020-08-01,VIC,4182.38,,57.58,,6599306.7,10.5,62.6,14.538709677419355,11170,0,1,1,8,0.3617137307297687,0.3294084822245304,,0,1
1103,2020-08-01,QLD,4637.070000000001,,32.95,,5170585.0,16.4,62.6,24.33225806451613,11170,1,0,1,8,0.3617137307297687,0.3294084822245304,,0,0
1104,2020-09-01,NSW,5646.91,,42.3,,8098905.0,16.4,60.7,22.986666666666668,11201,0,0,1,9,-0.642054713236563,-0.1966728897935758,,0,0
1105,2020-09-01,VIC,3645.76,,37.22,,6591437.0,14.6,60.7,17.696666666666665,11201,0,1,1,9,-0.642054713236563,-0.1966728897935758,,0,0
1106,2020-09-01,QLD,4480.199999999999,,29.6,,5173071.0,18.7,60.7,27.486666666666668,11201,1,0,1,9,-0.642054713236563,-0.1966728897935758,,0,0
1107,2020-10-01,NSW,5633.889999999999,,59.64,,8097370.0,18.8,59.5,24.30322580645161,11231,0,0,1,10,-0.9873494423939866,-0.655156357209085,,0,0
1108,2020-10-01,VIC,3664.7200000000003,,48.11,,6583356.3,15.3,59.5,18.993548387096773,11231,0,1,1,10,-0.9873494423939866,-0.655156357209085,,0,0
1109,2020-10-01,QLD,4798.550000000001,,37.49,,5176823.7,21.4,59.5,29.73225806451613,11231,1,0,1,10,-0.9873494423939866,-0.655156357209085,,1,0
1110,2020-11-01,NSW,5800.34,,71.27,,8095835.0,23.0,61.5,26.723333333333336,11262,0,0,1,11,-0.3375228995941137,-0.9483615800121713,,0,0
1111,2020-11-01,VIC,3671.75,,46.76,,6575275.7,21.5,61.5,24.78666666666667,11262,0,1,1,11,-0.3375228995941137,-0.9483615800121713,,0,0
1112,2020-11-01,QLD,5066.19,,50.01,,5180576.3,26.5,61.5,32.01,11262,1,0,1,11,-0.3375228995941137,-0.9483615800121713,,1,0
1113,2020-12-01,NSW,5869.33,21.11,81.64,-0.6015384615384605,8094300.0,19.8,63.4,26.177419354838708,11292,0,0,1,12,0.635432300890177,-0.9813064702716096,0.6015384615384605,0,0
1114,2020-12-01,VIC,3714.12,17.43,26.76,-1.4800000000000004,6567195.0,22.5,63.4,23.80322580645161,11292,0,1,1,12,0.635432300890177,-0.9813064702716096,1.4800000000000004,0,0
1115,2020-12-01,QLD,5541.05,24.97,58.38,0.5272000000000006,5184329.0,21.5,63.4,31.79032258064516,11292,1,0,1,12,0.635432300890177,-0.9813064702716096,0.5272000000000006,1,0
1116,2021-01-01,NSW,6168.450000000001,22.69,40.61,-0.3380769230769225,8093871.7,21.9,63.0,27.648387096774194,11323,0,0,1,1,0.9886775902323405,-0.7583058084785624,0.3380769230769225,0,0
1117,2021-01-01,VIC,3884.9700000000003,19.81,25.6,-1.162727272727274,6563230.7,21.2,63.0,26.13225806451613,11323,0,1,1,1,0.9886775902323405,-0.7583058084785624,1.162727272727274,0,0
1118,2021-01-01,QLD,5347.240000000001,24.97,42.64,-0.433600000000002,5189402.0,22.8,63.0,30.416666666666668,11323,1,0,1,1,0.9886775902323405,-0.7583058084785624,0.433600000000002,1,0
1119,2021-02-01,NSW,5469.83,21.99,35.45,-0.8924000000000056,8093443.3,19.0,64.5,25.925,11354,0,0,1,2,0.3456123126707335,-0.3212696616923644,0.8924000000000056,0,0
1120,2021-02-01,VIC,3535.35,19.5,24.03,-0.9299999999999997,6559266.3,18.9,64.5,25.325,11354,0,1,1,2,0.3456123126707335,-0.3212696616923644,0.9299999999999997,0,0
1121,2021-02-01,QLD,4982.9,25.1,44.73,3.552713678800501e-15,5194475.0,21.0,64.5,31.535714285714285,11354,1,0,1,2,0.3456123126707335,-0.3212696616923644,3.552713678800501e-15,1,0
1122,2021-03-01,NSW,5897.6,20.77,39.78,-1.014800000000001,8093015.0,14.5,63.9,24.896774193548385,11382,0,0,1,3,-0.6016240632249223,0.17129314418147756,1.014800000000001,0,0
1123,2021-03-01,VIC,3777.9399999999996,17.4,31.78,-1.7409999999999997,6555302.0,13.7,63.9,22.51290322580645,11382,0,1,1,3,-0.6016240632249223,0.17129314418147756,1.7409999999999997,0,0
1124,2021-03-01,QLD,5260.500000000001,23.77,50.39,-0.1908333333333303,5199548.0,16.2,63.9,29.193548387096776,11382,1,0,1,3,-0.6016240632249223,0.17129314418147756,0.1908333333333303,1,0
1125,2021-04-01,NSW,5590.4,18.14,60.38,-0.8023999999999987,8094364.0,14.9,64.4,23.833333333333332,11413,0,0,1,4,-0.989932495087353,0.6486295610349814,0.8023999999999987,0,0
1126,2021-04-01,VIC,3704.31,15.54,54.92,-0.578000000000003,6552808.7,10.9,64.4,20.64,11413,0,1,1,4,-0.989932495087353,0.6486295610349814,0.578000000000003,0,0
1127,2021-04-01,QLD,4719.31,20.5,60.06,-0.9287499999999973,5204970.0,15.6,64.4,26.476666666666667,11413,1,0,1,4,-0.989932495087353,0.6486295610349814,0.9287499999999973,0,0
1128,2021-05-01,NSW,6164.01,15.58,128.27,-0.24960000000000093,8095713.0,10.5,63.5,20.638709677419353,11443,0,0,1,5,-0.38566340624360745,0.9398560579418954,0.24960000000000093,0,0
1129,2021-05-01,VIC,4027.38,12.78,80.07,-0.833636363636364,6550315.3,7.9,63.5,17.345161290322583,11443,0,1,1,5,-0.38566340624360745,0.9398560579418954,0.833636363636364,0,0
1130,2021-05-01,QLD,4760.450000000001,18.07,138.0,-0.25124999999999886,5210392.0,13.8,63.5,24.20967741935484,11443,1,0,1,5,-0.38566340624360745,0.9398560579418954,0.25124999999999886,0,0
1131,2021-06-01,NSW,6643.58,12.98,188.86,-0.43520000000000003,8097062.0,9.0,62.7,18.14333333333333,11474,0,0,1,6,0.6220467484408669,0.9829265519799822,0.43520000000000003,0,0
1132,2021-06-01,VIC,4099.83,11.5,91.82,0.545454545454545,6547822.0,6.9,62.7,14.496666666666666,11474,0,1,1,6,0.6220467484408669,0.9829265519799822,0.545454545454545,0,1
1133,2021-06-01,QLD,4730.38,15.79,245.3,-0.230833333333333,5215814.0,12.2,62.7,21.39333333333333,11474,1,0,1,6,0.6220467484408669,0.9829265519799822,0.230833333333333,0,0
1134,2021-07-01,NSW,6863.35,12.87,136.26,-0.022800000000000153,8096947.7,10.3,61.6,18.135483870967743,11504,0,0,1,7,0.9911140639934548,0.7638886127905428,0.022800000000000153,0,0
1135,2021-07-01,VIC,4470.19,10.72,102.39,-0.07363636363636417,6546253.3,8.0,61.6,13.474193548387097,11504,0,1,1,7,0.9911140639934548,0.7638886127905428,0.07363636363636417,0,1
1136,2021-07-01,QLD,4961.05,15.74,157.33,0.4250000000000007,5220552.3,13.0,61.6,21.533333333333335,11504,1,0,1,7,0.9911140639934548,0.7638886127905428,0.4250000000000007,0,0
1137,2021-08-01,NSW,6275.4800000000005,14.3,64.93,0.19120000000000026,8096833.3,13.1,61.2,20.35483870967742,11535,0,0,1,8,0.3617137307297687,0.3294084822245304,0.19120000000000026,0,0
1138,2021-08-01,VIC,4138.16,12.18,53.5,0.5118181818181817,6544684.7,10.8,61.2,15.825806451612904,11535,0,1,1,8,0.3617137307297687,0.3294084822245304,0.5118181818181817,0,1
1139,2021-08-01,QLD,4810.95,17.35,58.64,0.7816666666666698,5225290.7,16.0,61.2,24.538709677419355,11535,1,0,1,8,0.3617137307297687,0.3294084822245304,0.7816666666666698,0,0
1140,2021-09-01,NSW,5651.26,16.3,52.69,-0.4507999999999974,8096719.0,17.4,60.8,22.316666666666666,11566,0,0,1,9,-0.642054713236563,-0.1966728897935758,0.4507999999999974,0,0
1141,2021-09-01,VIC,3722.24,13.49,33.56,0.011818181818183504,6543116.0,14.2,60.8,17.896666666666665,11566,0,1,1,9,-0.642054713236563,-0.1966728897935758,0.011818181818183504,0,0
1142,2021-09-01,QLD,4653.9,18.82,59.05,-0.3733333333333313,5230029.0,19.1,60.8,26.466666666666665,11566,1,0,1,9,-0.642054713236563,-0.1966728897935758,0.3733333333333313,0,0
1143,2021-10-01,NSW,5630.850000000001,18.22,60.73,-0.3960000000000008,8103498.3,21.1,63.1,23.919354838709676,11596,0,0,1,10,-0.9873494423939866,-0.655156357209085,0.3960000000000008,0,0
1144,2021-10-01,VIC,3742.05,14.42,22.84,-0.9363636363636374,6547081.7,17.7,63.1,19.212903225806453,11596,0,1,1,10,-0.9873494423939866,-0.655156357209085,0.9363636363636374,0,0
1145,2021-10-01,QLD,5021.63,22.3,75.71,0.9774999999999991,5236576.7,22.1,63.1,29.5,11596,1,0,1,10,-0.9873494423939866,-0.655156357209085,0.9774999999999991,1,0
1146,2021-11-01,NSW,5538.340000000002,18.83,66.17,-1.3300000000000018,8110277.7,17.4,60.2,22.573333333333334,11627,0,0,1,11,-0.3375228995941137,-0.9483615800121713,1.3300000000000018,0,0
1147,2021-11-01,VIC,3626.7100000000005,16.02,39.08,-1.4463636363636354,6551047.3,19.3,60.2,20.279999999999998,11627,0,1,1,11,-0.3375228995941137,-0.9483615800121713,1.4463636363636354,0,0
1148,2021-11-01,QLD,5034.03,22.89,106.06,-0.055416666666669556,5243124.3,19.7,60.2,27.803333333333335,11627,1,0,1,11,-0.3375228995941137,-0.9483615800121713,0.055416666666669556,0,0
1149,2021-12-01,NSW,6005.209999999999,20.98,70.48,-0.7315384615384595,8117057.0,22.8,61.1,25.561290322580643,11657,0,0,1,12,0.635432300890177,-0.9813064702716096,0.7315384615384595,0,0
1150,2021-12-01,VIC,3773.83,18.43,38.28,-0.4800000000000004,6555013.0,23.2,61.1,24.703225806451616,11657,0,1,1,12,0.635432300890177,-0.9813064702716096,0.4800000000000004,0,0
1151,2021-12-01,QLD,5408.26,24.19,151.13,-0.252799999999997,5249672.0,23.5,61.1,30.65806451612903,11657,1,0,1,12,0.635432300890177,-0.9813064702716096,0.252799999999997,1,0
1152,2022-01-01,NSW,6302.110000000001,23.47,79.24,0.4419230769230751,8129105.7,22.0,59.3,27.516129032258064,11688,0,0,1,1,0.9886775902323405,-0.7583058084785624,0.4419230769230751,0,0
1153,2022-01-01,VIC,4282.56,22.82,74.2,1.8472727272727276,6567202.0,22.8,59.3,29.961290322580645,11688,0,1,1,1,0.9886775902323405,-0.7583058084785624,1.8472727272727276,1,0
1154,2022-01-01,QLD,5579.47,25.22,155.34,-0.18360000000000198,5260941.0,21.3,59.3,30.322580645161292,11688,1,0,1,1,0.9886775902323405,-0.7583058084785624,0.18360000000000198,1,0
1155,2022-02-01,NSW,5639.84,22.1,86.03,-0.7824000000000026,8141154.3,17.8,60.6,26.825,11719,0,0,1,2,0.3456123126707335,-0.3212696616923644,0.7824000000000026,0,0
1156,2022-02-01,VIC,3564.5299999999993,20.0,58.98,-0.4299999999999997,6579391.0,19.9,60.6,26.321428571428573,11719,0,1,1,2,0.3456123126707335,-0.3212696616923644,0.4299999999999997,0,0
1157,2022-02-01,QLD,4950.28,23.9,194.08,-1.1999999999999993,5272210.0,20.0,60.6,29.42222222222222,11719,1,0,1,2,0.3456123126707335,-0.3212696616923644,1.1999999999999993,1,0
1158,2022-03-01,NSW,5977.24,20.92,102.23,-0.8647999999999989,8153203.0,13.2,63.6,24.36774193548387,11747,0,0,1,3,-0.6016240632249223,0.17129314418147756,0.8647999999999989,0,0
1159,2022-03-01,VIC,3930.72,19.33,59.96,0.18900000000000006,6591580.0,14.6,63.6,24.648387096774194,11747,0,1,1,3,-0.6016240632249223,0.17129314418147756,0.18900000000000006,0,0
1160,2022-03-01,QLD,5493.609999999999,23.99,171.95,0.02916666666666856,5283479.0,18.5,63.6,29.548387096774192,11747,1,0,1,3,-0.6016240632249223,0.17129314418147756,0.02916666666666856,1,0
1161,2022-04-01,NSW,5510.86,18.9,193.81,-0.04240000000000066,8162834.7,12.1,63.1,23.459999999999997,11778,0,0,1,4,-0.989932495087353,0.6486295610349814,0.04240000000000066,0,0
1162,2022-04-01,VIC,3586.23,16.61,150.42,0.49199999999999733,6599464.0,9.9,63.1,20.7,11778,0,1,1,4,-0.989932495087353,0.6486295610349814,0.49199999999999733,0,0
1163,2022-04-01,QLD,4785.85,21.69,235.96,0.261250000000004,5292621.0,16.7,63.1,27.540000000000003,11778,1,0,1,4,-0.989932495087353,0.6486295610349814,0.261250000000004,0,0
1164,2022-05-01,NSW,6191.59,15.87,336.22,0.040399999999998215,8172466.3,10.3,63.2,20.9741935483871,11808,0,0,1,5,-0.38566340624360745,0.9398560579418954,0.040399999999998215,0,0
1165,2022-05-01,VIC,4137.530000000001,12.62,245.39,-0.9936363636363641,6607348.0,7.9,63.2,16.412903225806453,11808,0,1,1,5,-0.38566340624360745,0.9398560579418954,0.9936363636363641,0,0
1166,2022-05-01,QLD,4823.46,19.69,367.62,1.3687500000000021,5301763.0,10.5,63.2,23.861290322580647,11808,1,0,1,5,-0.38566340624360745,0.9398560579418954,1.3687500000000021,0,0
1167,2022-06-01,NSW,6809.219999999999,12.6,413.48,-0.8152000000000008,8182098.0,10.3,61.8,17.833333333333332,11839,0,0,1,6,0.6220467484408669,0.9829265519799822,0.8152000000000008,0,0
1168,2022-06-01,VIC,4315.05,10.85,315.37,-0.10454545454545539,6615232.0,7.0,61.8,13.563333333333333,11839,0,1,1,6,0.6220467484408669,0.9829265519799822,0.10454545454545539,0,1
1169,2022-06-01,QLD,4714.26,14.84,436.67,-1.1808333333333323,5310905.0,13.1,61.8,21.6,11839,1,0,1,6,0.6220467484408669,0.9829265519799822,1.1808333333333323,0,0
1170,2022-07-01,NSW,7020.769999999999,12.68,387.38,-0.21279999999999966,8196034.7,9.2,63.1,17.05806451612903,11869,0,0,1,7,0.9911140639934548,0.7638886127905428,0.21279999999999966,0,0
1171,2022-07-01,VIC,4503.59,9.72,365.11,-1.0736363636363642,6629384.7,8.3,63.1,13.412903225806453,11869,0,1,1,7,0.9911140639934548,0.7638886127905428,1.0736363636363642,0,1
1172,2022-07-01,QLD,4999.799999999999,14.54,436.56,-0.7750000000000004,5321375.7,12.2,63.1,20.033333333333335,11869,1,0,1,7,0.9911140639934548,0.7638886127905428,0.7750000000000004,0,0
1173,2022-08-01,NSW,6626.849999999999,14.28,156.56,0.1711999999999989,8209971.3,12.4,63.3,19.551612903225806,11900,0,0,1,8,0.3617137307297687,0.3294084822245304,0.1711999999999989,0,0
1174,2022-08-01,VIC,4321.099999999999,11.72,133.04,0.05181818181818265,6643537.3,9.8,63.3,14.996774193548386,11900,0,1,1,8,0.3617137307297687,0.3294084822245304,0.05181818181818265,0,1
1175,2022-08-01,QLD,4844.589999999999,16.03,147.11,-0.5383333333333304,5331846.3,15.1,63.3,23.051612903225806,11900,1,0,1,8,0.3617137307297687,0.3294084822245304,0.5383333333333304,0,0
1176,2022-09-01,NSW,5974.4000000000015,15.65,163.32,-1.1007999999999978,8223908.0,15.4,61.5,20.08,11931,0,0,1,9,-0.642054713236563,-0.1966728897935758,1.1007999999999978,0,0
1177,2022-09-01,VIC,3947.7200000000003,12.58,123.09,-0.8981818181818166,6657690.0,11.9,61.5,16.076666666666668,11931,0,1,1,9,-0.642054713236563,-0.1966728897935758,0.8981818181818166,0,0
1178,2022-09-01,QLD,4627.26,18.75,168.8,-0.4433333333333316,5342317.0,16.7,61.5,24.876666666666665,11931,1,0,1,9,-0.642054713236563,-0.1966728897935758,0.4433333333333316,0,0
1179,2022-10-01,NSW,5855.300000000001,18.02,158.66,-0.5960000000000001,8237288.0,16.7,61.3,22.73548387096774,11961,0,0,1,10,-0.9873494423939866,-0.655156357209085,0.5960000000000001,0,0
1180,2022-10-01,VIC,3831.0099999999998,14.69,109.79,-0.6663636363636378,6671925.0,16.2,61.3,18.89032258064516,11961,0,1,1,10,-0.9873494423939866,-0.655156357209085,0.6663636363636378,0,0
1181,2022-10-01,QLD,4924.780000000001,20.97,163.56,-0.3525000000000027,5353770.7,17.6,61.3,26.361290322580647,11961,1,0,1,10,-0.9873494423939866,-0.655156357209085,0.3525000000000027,0,0
1182,2022-11-01,NSW,5602.78,18.84,119.64,-1.3200000000000003,8250668.0,25.3,62.1,23.9,11992,0,0,1,11,-0.3375228995941137,-0.9483615800121713,1.3200000000000003,0,0
1183,2022-11-01,VIC,3718.33,15.69,65.65,-1.7763636363636355,6686160.0,19.6,62.1,20.066666666666666,11992,0,1,1,11,-0.3375228995941137,-0.9483615800121713,1.7763636363636355,0,0
1184,2022-11-01,QLD,4871.610000000001,22.13,133.05,-0.8154166666666711,5365224.3,23.9,62.1,29.246666666666666,11992,1,0,1,11,-0.3375228995941137,-0.9483615800121713,0.8154166666666711,1,0
1185,2022-12-01,NSW,5872.11,20.12,88.13,-1.591538461538459,8264048.0,25.6,61.4,24.929032258064513,12022,0,0,1,12,0.635432300890177,-0.9813064702716096,1.591538461538459,0,0
1186,2022-12-01,VIC,3870.6099999999997,18.34,38.9,-0.5700000000000003,6700395.0,24.3,61.4,24.138709677419353,12022,0,1,1,12,0.635432300890177,-0.9813064702716096,0.5700000000000003,0,0
1187,2022-12-01,QLD,5063.88,23.15,94.45,-1.2927999999999997,5376678.0,23.3,61.4,29.9741935483871,12022,1,0,1,12,0.635432300890177,-0.9813064702716096,1.2927999999999997,1,0
1188,2023-01-01,NSW,6222.0,22.17,98.61,-0.8580769230769221,8281808.3,21.3,62.4,26.551612903225806,12053,0,0,1,1,0.9886775902323405,-0.7583058084785624,0.8580769230769221,0,0
1189,2023-01-01,VIC,4071.7200000000003,20.73,56.65,-0.24272727272727224,6719347.0,22.7,62.4,26.92258064516129,12053,0,1,1,1,0.9886775902323405,-0.7583058084785624,0.24272727272727224,0,0
1190,2023-01-01,QLD,5397.529999999999,24.94,108.56,-0.46359999999999957,5389714.0,23.2,62.4,31.48709677419355,12053,1,0,1,1,0.9886775902323405,-0.7583058084785624,0.46359999999999957,1,0
1191,2023-02-01,NSW,5895.83,22.94,94.44,0.05759999999999721,8299568.7,21.6,61.4,27.82857142857143,12084,0,0,1,2,0.3456123126707335,-0.3212696616923644,0.05759999999999721,0,0
1192,2023-02-01,VIC,3676.59,19.54,69.76,-0.8900000000000006,6738299.0,19.4,61.4,25.889285714285712,12084,0,1,1,2,0.3456123126707335,-0.3212696616923644,0.8900000000000006,0,0
1193,2023-02-01,QLD,5103.58,25.31,95.83,0.21000000000000085,5402750.0,22.8,61.4,31.92142857142857,12084,1,0,1,2,0.3456123126707335,-0.3212696616923644,0.21000000000000085,1,0
1194,2023-03-01,NSW,6358.11,22.53,128.54,0.7452000000000005,8317329.0,16.5,60.3,28.364516129032257,12112,0,0,1,3,-0.6016240632249223,0.17129314418147756,0.7452000000000005,1,0
1195,2023-03-01,VIC,3824.21,18.07,68.72,-1.070999999999998,6757251.0,13.8,60.3,23.751612903225805,12112,0,1,1,3,-0.6016240632249223,0.17129314418147756,1.070999999999998,0,0
1196,2023-03-01,QLD,5661.140000000001,25.42,139.41,1.4591666666666718,5415786.0,18.3,60.3,31.822580645161292,12112,1,0,1,3,-0.6016240632249223,0.17129314418147756,1.4591666666666718,1,0
1197,2023-04-01,NSW,5547.72,18.04,118.18,-0.9024000000000001,8330348.3,12.3,59.8,22.876666666666665,12143,0,0,1,4,-0.989932495087353,0.6486295610349814,0.9024000000000001,0,0
1198,2023-04-01,VIC,3582.67,15.41,92.1,-0.708000000000002,6770557.0,10.8,59.8,20.273333333333333,12143,0,1,1,4,-0.989932495087353,0.6486295610349814,0.708000000000002,0,0
1199,2023-04-01,QLD,4866.73,21.4,120.84,-0.02874999999999872,5427269.0,16.4,59.8,27.363333333333333,12143,1,0,1,4,-0.989932495087353,0.6486295610349814,0.02874999999999872,0,0
1200,2023-05-01,NSW,6492.760000000001,14.43,213.28,-1.3996000000000013,8343367.7,11.7,59.8,20.07741935483871,12173,0,0,1,5,-0.38566340624360745,0.9398560579418954,1.3996000000000013,0,0
1201,2023-05-01,VIC,4208.85,12.42,136.09,-1.1936363636363634,6783863.0,8.3,59.8,16.19655172413793,12173,0,1,1,5,-0.38566340624360745,0.9398560579418954,1.1936363636363634,0,0
1202,2023-05-01,QLD,5002.0199999999995,16.93,186.68,-1.3912499999999994,5438752.0,14.5,59.8,24.316129032258065,12173,1,0,1,5,-0.38566340624360745,0.9398560579418954,1.3912499999999994,0,0
1203,2023-06-01,NSW,6594.33,13.51,113.63,0.09479999999999933,8356387.0,9.7,61.7,19.413333333333334,12204,0,0,1,6,0.6220467484408669,0.9829265519799822,0.09479999999999933,0,0
1204,2023-06-01,VIC,4213.81,11.85,64.0,0.8954545454545446,6797169.0,7.4,61.7,14.433333333333334,12204,0,1,1,6,0.6220467484408669,0.9829265519799822,0.8954545454545446,0,1
1205,2023-06-01,QLD,4840.38,16.35,113.9,0.32916666666666927,5450235.0,12.7,61.7,23.676666666666666,12204,1,0,1,6,0.6220467484408669,0.9829265519799822,0.32916666666666927,0,0
1206,2023-07-01,NSW,6631.889999999999,13.93,91.39,1.0372000000000003,8373037.3,11.0,61.3,20.048387096774192,12234,0,0,1,7,0.9911140639934548,0.7638886127905428,1.0372000000000003,0,0
1207,2023-07-01,VIC,4368.92,11.73,64.21,0.9363636363636356,6813334.7,8.4,61.3,14.838709677419354,12234,0,1,1,7,0.9911140639934548,0.7638886127905428,0.9363636363636356,0,1
1208,2023-07-01,QLD,4987.87,16.19,85.9,0.8750000000000018,5462148.0,12.7,61.3,22.986666666666668,12234,1,0,1,7,0.9911140639934548,0.7638886127905428,0.8750000000000018,0,0
1209,2023-08-01,NSW,6397.9400000000005,14.55,103.63,0.44120000000000026,8389687.7,13.3,60.6,20.15806451612903,12265,0,0,1,8,0.3617137307297687,0.3294084822245304,0.44120000000000026,0,0
1210,2023-08-01,VIC,4243.39,11.97,75.63,0.30181818181818265,6829500.3,10.3,60.6,15.7,12265,0,1,1,8,0.3617137307297687,0.3294084822245304,0.30181818181818265,0,1
1211,2023-08-01,QLD,4889.070000000001,17.85,79.57,1.2816666666666698,5474061.0,15.8,60.6,25.893548387096775,12265,1,0,1,8,0.3617137307297687,0.3294084822245304,1.2816666666666698,0,0
1212,2023-09-01,NSW,5799.84,17.43,74.22,0.6792000000000016,8406338.0,18.3,61.1,23.510344827586206,12296,0,0,1,9,-0.642054713236563,-0.1966728897935758,0.6792000000000016,0,0
1213,2023-09-01,VIC,3720.0999999999995,14.75,37.66,1.2718181818181833,6845666.0,16.0,61.1,20.696666666666665,12296,0,1,1,9,-0.642054713236563,-0.1966728897935758,1.2718181818181833,0,0
1214,2023-09-01,QLD,4733.47,19.47,62.36,0.2766666666666673,5485974.0,19.4,61.1,27.653333333333332,12296,1,0,1,9,-0.642054713236563,-0.1966728897935758,0.2766666666666673,0,0
1215,2023-10-01,NSW,5834.38,18.88,48.83,0.26399999999999935,8416670.0,22.1,60.2,25.26774193548387,12326,0,0,1,10,-0.9873494423939866,-0.655156357209085,0.26399999999999935,0,0
1216,2023-10-01,VIC,3850.8100000000004,14.55,24.34,-0.8063636363636366,6857466.7,17.8,60.2,19.86774193548387,12326,0,1,1,10,-0.9873494423939866,-0.655156357209085,0.8063636363636366,0,0
1217,2023-10-01,QLD,5062.969999999999,21.68,46.63,0.35749999999999815,5496141.3,23.3,60.2,30.283870967741933,12326,1,0,1,10,-0.9873494423939866,-0.655156357209085,0.35749999999999815,1,0
1218,2023-11-01,NSW,5834.160000000001,20.32,94.11,0.16000000000000014,8427002.0,21.2,61.5,24.779310344827586,12357,0,0,1,11,-0.3375228995941137,-0.9483615800121713,0.16000000000000014,0,0
1219,2023-11-01,VIC,3659.1200000000003,17.06,43.71,-0.40636363636363626,6869267.3,20.2,61.5,22.40666666666667,12357,0,1,1,11,-0.3375228995941137,-0.9483615800121713,0.40636363636363626,0,0
1220,2023-11-01,QLD,5118.360000000001,22.75,81.81,-0.19541666666667012,5506308.7,21.3,61.5,29.720000000000002,12357,1,0,1,11,-0.3375228995941137,-0.9483615800121713,0.19541666666667012,1,0
1221,2023-12-01,NSW,6463.540000000001,22.81,76.04,1.0984615384615388,8437334.0,23.3,62.6,27.503333333333334,12387,0,0,1,12,0.635432300890177,-0.9813064702716096,1.0984615384615388,0,0
1222,2023-12-01,VIC,3738.0299999999997,18.95,37.32,0.03999999999999915,6881068.0,20.2,62.6,24.016129032258064,12387,0,1,1,12,0.635432300890177,-0.9813064702716096,0.03999999999999915,0,0
1223,2023-12-01,QLD,5803.1900000000005,26.02,109.22,1.5772000000000013,5516476.0,25.7,62.6,32.86129032258064,12387,1,0,1,12,0.635432300890177,-0.9813064702716096,1.5772000000000013,1,0
1224,2024-01-01,NSW,6564.920000000002,23.82,93.22,0.7919230769230765,8450689.7,21.1,61.4,28.358064516129033,12418,0,0,1,1,0.9886775902323405,-0.7583058084785624,0.7919230769230765,1,0
1225,2024-01-01,VIC,3899.670000000001,20.41,31.17,-0.5627272727272725,6896890.0,22.2,61.4,25.85483870967742,12418,0,1,1,1,0.9886775902323405,-0.7583058084785624,0.5627272727272725,0,0
1226,2024-01-01,QLD,6019.569999999999,26.23,195.44,0.8263999999999996,5527261.3,20.1,61.4,31.580645161290324,12418,1,0,1,1,0.9886775902323405,-0.7583058084785624,0.8263999999999996,1,0
1227,2024-02-01,NSW,6297.77,23.32,139.1,0.4375999999999962,8464045.3,18.2,61.1,28.07241379310345,12449,0,0,1,2,0.3456123126707335,-0.3212696616923644,0.4375999999999962,1,0
1228,2024-02-01,VIC,3891.3799999999997,20.74,117.77,0.3099999999999987,6912712.0,22.2,61.1,27.92758620689655,12449,0,1,1,2,0.3456123126707335,-0.3212696616923644,0.3099999999999987,0,0
1229,2024-02-01,QLD,5635.74,26.11,137.74,1.0100000000000016,5538046.7,20.7,61.1,31.664285714285715,12449,1,0,1,2,0.3456123126707335,-0.3212696616923644,1.0100000000000016,1,0
1230,2024-03-01,NSW,6262.16,22.03,75.18,0.24520000000000053,8477401.0,17.6,61.5,27.29032258064516,12478,0,0,1,3,-0.6016240632249223,0.17129314418147756,0.24520000000000053,0,0
1231,2024-03-01,VIC,3972.41,19.55,62.66,0.4090000000000025,6928534.0,16.9,61.5,26.32903225806452,12478,0,1,1,3,-0.6016240632249223,0.17129314418147756,0.4090000000000025,0,0
1232,2024-03-01,QLD,5547.700000000001,23.91,79.5,-0.05083333333332973,5548832.0,17.2,61.5,29.106451612903225,12478,1,0,1,3,-0.6016240632249223,0.17129314418147756,0.05083333333332973,1,0
1233,2024-04-01,NSW,5672.77,18.81,96.28,-0.13240000000000052,8482284.0,13.4,62.2,23.34333333333333,12509,0,0,1,4,-0.989932495087353,0.6486295610349814,0.13240000000000052,0,0
1234,2024-04-01,VIC,3751.1800000000003,14.73,92.3,-1.3880000000000017,6936009.7,10.2,62.2,18.976666666666667,12509,0,1,1,4,-0.989932495087353,0.6486295610349814,1.3880000000000017,0,0
1235,2024-04-01,QLD,5047.959999999999,21.86,92.31,0.43125000000000213,5556518.0,16.1,62.2,27.77,12509,1,0,1,4,-0.989932495087353,0.6486295610349814,0.43125000000000213,0,0
1236,2024-05-01,NSW,6321.700000000001,15.67,302.37,-0.15960000000000107,8487167.0,10.0,63.1,19.993548387096773,12539,0,0,1,5,-0.38566340624360745,0.9398560579418954,0.15960000000000107,0,0
1237,2024-05-01,VIC,4224.2699999999995,12.48,142.84,-1.1336363636363629,6943485.3,9.2,63.1,17.241935483870968,12539,0,1,1,5,-0.38566340624360745,0.9398560579418954,1.1336363636363629,0,0
1238,2024-05-01,QLD,5033.26,18.62,102.02,0.29875000000000185,5564204.0,12.9,63.1,24.52258064516129,12539,1,0,1,5,-0.38566340624360745,0.9398560579418954,0.29875000000000185,0,0
1239,2024-06-01,NSW,6740.0599999999995,12.7,164.5,-0.7152000000000012,8492050.0,8.5,63.3,17.52,12570,0,0,1,6,0.6220467484408669,0.9829265519799822,0.7152000000000012,0,0
1240,2024-06-01,VIC,4458.48,10.28,176.71,-0.6745454545454557,6950961.0,7.0,63.3,13.483333333333333,12570,0,1,1,6,0.6220467484408669,0.9829265519799822,0.6745454545454557,0,1
1241,2024-06-01,QLD,4977.56,15.97,139.2,-0.05083333333333151,5571890.0,13.2,63.3,22.896666666666665,12570,1,0,1,6,0.6220467484408669,0.9829265519799822,0.05083333333333151,0,0
1242,2024-07-01,NSW,7053.450000000001,12.93,140.87,0.037200000000000344,8501002.7,10.6,61.4,17.53548387096774,12600,0,0,1,7,0.9911140639934548,0.7638886127905428,0.037200000000000344,0,0
1243,2024-07-01,VIC,4784.77,9.98,162.78,-0.8136363636363644,6961363.7,7.3,61.4,12.97741935483871,12600,0,1,1,7,0.9911140639934548,0.7638886127905428,0.8136363636363644,0,1
1244,2024-07-01,QLD,5172.1,15.41,135.07,0.09500000000000064,5579636.3,13.3,61.4,21.486666666666668,12600,1,0,1,7,0.9911140639934548,0.7638886127905428,0.09500000000000064,0,0
1245,2024-08-01,NSW,6471.7,15.98,214.62,1.8712,8509955.3,12.9,62.6,21.20967741935484,12631,0,0,1,8,0.3617137307297687,0.3294084822245304,1.8712,0,0
1246,2024-08-01,VIC,4235.62,13.64,184.88,1.9718181818181826,6971766.3,11.0,62.6,17.635483870967743,12631,0,1,1,8,0.3617137307297687,0.3294084822245304,1.9718181818181826,0,0
1247,2024-08-01,QLD,5067.6,18.72,152.09,2.1516666666666673,5587382.7,15.6,62.6,26.361290322580647,12631,1,0,1,8,0.3617137307297687,0.3294084822245304,2.1516666666666673,0,0
1248,2024-09-01,NSW,5800.65,17.3,68.79,0.5492000000000026,8518908.0,17.0,62.8,23.336666666666666,12662,0,0,1,9,-0.642054713236563,-0.1966728897935758,0.5492000000000026,0,0
1249,2024-09-01,VIC,3971.98,13.57,25.96,0.09181818181818358,6982169.0,13.6,62.8,17.60666666666667,12662,0,1,1,9,-0.642054713236563,-0.1966728897935758,0.09181818181818358,0,0
1250,2024-09-01,QLD,4826.8099999999995,19.93,61.24,0.7366666666666681,5595129.0,19.7,62.8,28.14,12662,1,0,1,9,-0.642054713236563,-0.1966728897935758,0.7366666666666681,1,0
1251,2024-10-01,NSW,5836.83,18.21,87.26,-0.4059999999999988,8525085.7,19.9,61.5,23.258064516129032,12692,0,0,1,10,-0.9873494423939866,-0.655156357209085,0.4059999999999988,0,0
1252,2024-10-01,VIC,3869.8199999999997,15.74,32.52,0.3836363636363629,6990241.0,19.9,61.5,21.335483870967742,12692,0,1,1,10,-0.9873494423939866,-0.655156357209085,0.3836363636363629,0,0
1253,2024-10-01,QLD,5144.43,21.72,84.82,0.3974999999999973,5603138.3,21.8,61.5,29.238709677419354,12692,1,0,1,10,-0.9873494423939866,-0.655156357209085,0.3974999999999973,1,0
1254,2024-11-01,NSW,6018.04,21.25,263.47,1.0899999999999999,8531263.3,20.2,61.5,26.490000000000002,12723,0,0,1,11,-0.3375228995941137,-0.9483615800121713,1.0899999999999999,0,0
1255,2024-11-01,VIC,3874.5800000000004,18.86,77.29,1.3936363636363645,6998313.0,21.9,61.5,25.1,12723,0,1,1,11,-0.3375228995941137,-0.9483615800121713,1.3936363636363645,0,0
1256,2024-11-01,QLD,5412.77,23.88,215.22,0.9345833333333289,5611147.7,21.5,61.5,30.386666666666667,12723,1,0,1,11,-0.3375228995941137,-0.9483615800121713,0.9345833333333289,1,0
1257,2024-12-01,NSW,6662.52,23.13,164.72,1.418461538461539,8537441.0,26.5,59.7,28.70967741935484,12753,0,0,1,12,0.635432300890177,-0.9813064702716096,1.418461538461539,1,0
1258,2024-12-01,VIC,3985.6199999999994,20.18,68.25,1.2699999999999996,7006385.0,26.1,59.7,27.874193548387098,12753,0,1,1,12,0.635432300890177,-0.9813064702716096,1.2699999999999996,0,0
1259,2024-12-01,QLD,5897.71,25.52,153.09,1.0772000000000013,5619157.0,23.8,59.7,31.664516129032258,12753,1,0,1,12,0.635432300890177,-0.9813064702716096,1.0772000000000013,1,0
1260,2025-01-01,NSW,6452.69,22.49,93.23,-0.5380769230769253,8550074.3,20.6,59.6,27.44516129032258,12784,0,0,1,1,0.9886775902323405,-0.7583058084785624,0.5380769230769253,0,0
1261,2025-01-01,VIC,4175.03,21.13,62.67,0.15727272727272634,7021419.3,24.5,59.6,28.003225806451614,12784,0,1,1,1,0.9886775902323405,-0.7583058084785624,0.15727272727272634,1,0
1262,2025-01-01,QLD,5982.23,25.36,142.43,-0.043600000000001415,5628699.3,24.4,59.6,31.69333333333333,12784,1,0,1,1,0.9886775902323405,-0.7583058084785624,0.043600000000001415,1,0
1263,2025-02-01,NSW,6036.02,23.05,102.19,0.16759999999999664,8562707.7,21.9,59.5,27.935714285714287,12815,0,0,1,2,0.3456123126707335,-0.3212696616923644,0.16759999999999664,0,0
1264,2025-02-01,VIC,4013.8900000000003,21.5,89.14,1.0700000000000003,7036453.7,20.9,59.5,29.092857142857145,12815,0,1,1,2,0.3456123126707335,-0.3212696616923644,1.0700000000000003,1,0
1265,2025-02-01,QLD,5322.57,25.41,82.21,0.3100000000000023,5638241.7,23.3,59.5,31.942857142857143,12815,1,0,1,2,0.3456123126707335,-0.3212696616923644,0.3100000000000023,1,0
1266,2025-03-01,NSW,6486.710000000001,22.62,100.63,0.8352000000000004,8575341.0,15.6,59.6,27.586666666666666,12843,0,0,1,3,-0.6016240632249223,0.17129314418147756,0.8352000000000004,0,0
1267,2025-03-01,VIC,4192.21,20.14,71.24,0.9990000000000023,7051488.0,16.1,59.6,27.009677419354837,12843,0,1,1,3,-0.6016240632249223,0.17129314418147756,0.9990000000000023,0,0
1268,2025-03-01,QLD,5649.7300000000005,24.19,84.73,0.2291666666666714,5647784.0,15.5,59.6,29.25483870967742,12843,1,0,1,3,-0.6016240632249223,0.17129314418147756,0.2291666666666714,1,0
1269,2025-04-01,NSW,5650.09,19.87,114.71,0.9276000000000018,8581517.7,13.6,59.9,24.53666666666667,12874,0,0,1,4,-0.989932495087353,0.6486295610349814,0.9276000000000018,0,0
1270,2025-04-01,VIC,3746.75,17.7,83.68,1.5819999999999972,7059148.0,11.6,59.9,23.516666666666666,12874,0,1,1,4,-0.989932495087353,0.6486295610349814,1.5819999999999972,0,0
1271,2025-04-01,QLD,5076.16,21.89,109.8,0.46125000000000327,5655134.0,15.7,59.9,27.826666666666664,12874,1,0,1,4,-0.989932495087353,0.6486295610349814,0.46125000000000327,0,0
1272,2025-05-01,NSW,6254.79,16.8,134.41,0.9703999999999997,8587694.3,9.5,59.6,20.80322580645161,12904,0,0,1,5,-0.38566340624360745,0.9398560579418954,0.9703999999999997,0,0
1273,2025-05-01,VIC,4235.26,13.39,88.73,-0.22363636363636274,7066808.0,9.5,59.6,18.56451612903226,12904,0,1,1,5,-0.38566340624360745,0.9398560579418954,0.22363636363636274,0,0
1274,2025-05-01,QLD,5043.28,19.4,104.21,1.0787499999999994,5662484.0,13.1,59.6,25.5258064516129,12904,1,0,1,5,-0.38566340624360745,0.9398560579418954,1.0787499999999994,0,0
1275,2025-06-01,NSW,6946.569999999999,12.68,303.48,-0.7352000000000007,8593871.0,10.2,60.1,17.85666666666667,12935,0,0,1,6,0.6220467484408669,0.9829265519799822,0.7352000000000007,0,0
1276,2025-06-01,VIC,4623.960000000001,10.55,315.6,-0.4045454545454543,7074468.0,7.4,60.1,13.933333333333334,12935,0,1,1,6,0.6220467484408669,0.9829265519799822,0.4045454545454543,0,1
1277,2025-06-01,QLD,5114.459999999999,15.81,201.4,-0.21083333333333165,5669834.0,12.4,60.1,21.89,12935,1,0,1,6,0.6220467484408669,0.9829265519799822,0.21083333333333165,0,0
1278,2025-07-01,NSW,7218.33,13.14,104.81,0.2472000000000012,8600232.7,10.2,60.3,17.84193548387097,12965,0,0,1,7,0.9911140639934548,0.7638886127905428,0.2472000000000012,0,0
1279,2025-07-01,VIC,4868.820000000001,10.78,91.03,-0.013636363636365445,7080391.4,7.8,60.3,14.196774193548388,12965,0,1,1,7,0.9911140639934548,0.7638886127905428,0.013636363636365445,0,1
1280,2025-07-01,QLD,5288.460000000001,15.58,92.28,0.26500000000000057,5676130.6,13.7,60.3,22.209999999999997,12965,1,0,1,7,0.9911140639934548,0.7638886127905428,0.26500000000000057,0,0
1281,2025-08-01,NSW,6942.76,13.77,112.78,-0.3388000000000009,8606594.4,11.5,60.5,17.873333333333335,12996,0,0,1,8,0.3617137307297687,0.3294084822245304,0.3388000000000009,0,0
1282,2025-08-01,VIC,4696.349999999999,10.92,104.88,-0.7481818181818181,7086314.8,10.8,60.5,15.619354838709677,12996,0,1,1,8,0.3617137307297687,0.3294084822245304,0.7481818181818181,0,1
1283,2025-08-01,QLD,5207.950000000001,16.4,90.79,-0.168333333333333,5682427.3,15.5,60.5,22.967741935483872,12996,1,0,1,8,0.3617137307297687,0.3294084822245304,0.168333333333333,0,0
1284,2025-09-01,NSW,5963.040000000001,17.85,84.13,1.0992000000000033,8612956.1,18.0,61.3,23.46333333333333,13027,0,0,1,9,-0.642054713236563,-0.1966728897935758,1.0992000000000033,0,0
1285,2025-09-01,VIC,4140.05,14.0,67.28,0.5218181818181833,7092238.2,13.2,61.3,18.28666666666667,13027,0,1,1,9,-0.642054713236563,-0.1966728897935758,0.5218181818181833,0,0
1286,2025-09-01,QLD,4947.530000000001,19.62,64.71,0.4266666666666694,5688723.9,19.6,61.3,27.5,13027,1,0,1,9,-0.642054713236563,-0.1966728897935758,0.4266666666666694,0,0
1287,2025-10-01,NSW,6096.839999999999,20.33,87.81,1.7139999999999986,8619317.8,20.5,61.2,27.03870967741935,13057,0,0,1,10,-0.9873494423939866,-0.655156357209085,1.7139999999999986,0,0
1288,2025-10-01,VIC,4093.95,15.27,59.81,-0.08636363636363775,7098161.6,17.0,61.2,21.161290322580644,13057,0,1,1,10,-0.9873494423939866,-0.655156357209085,0.08636363636363775,0,0
1289,2025-10-01,QLD,5559.5,23.39,65.17,2.067499999999999,5695020.6,22.8,61.2,32.34838709677419,13057,1,0,1,10,-0.9873494423939866,-0.655156357209085,2.067499999999999,1,0
1290,2025-11-01,NSW,6071.13,20.94,89.29,0.7800000000000011,8625679.5,23.5,61.2,26.706666666666667,13088,0,0,1,11,-0.3375228995941137,-0.9483615800121713,0.7800000000000011,0,0
1291,2025-11-01,VIC,3942.39,15.36,37.54,-2.1063636363636355,7104085.0,19.5,61.2,20.81,13088,0,1,1,11,-0.3375228995941137,-0.9483615800121713,2.1063636363636355,0,0
1292,2025-11-01,QLD,5644.550000000001,24.29,71.56,1.344583333333329,5701317.2,22.8,61.2,31.240000000000002,13088,1,0,1,11,-0.3375228995941137,-0.9483615800121713,1.344583333333329,1,0
1293,2025-12-01,NSW,6526.99,22.23,88.69,0.5184615384615405,8632041.2,24.3,62.2,28.280645161290323,13118,0,0,1,12,0.635432300890177,-0.9813064702716096,0.5184615384615405,1,0
1294,2025-12-01,VIC,4079.77,18.06,39.53,-0.8500000000000014,7110008.4,23.6,62.2,24.567741935483873,13118,0,1,1,12,0.635432300890177,-0.9813064702716096,0.8500000000000014,0,0
1295,2025-12-01,QLD,5901.8099999999995,24.9,61.69,0.4572000000000003,5707613.8,25.5,62.2,31.348387096774193,13118,1,0,1,12,0.635432300890177,-0.9813064702716096,0.4572000000000003,1,0
1296,2026-01-01,NSW,6778.23,22.91,81.53,-0.11807692307692363,8638403.0,23.0,64.5,27.809677419354838,13149,0,0,1,1,0.9886775902323405,-0.7583058084785624,0.11807692307692363,0,0
1297,2026-01-01,VIC,4444.38,21.14,53.95,0.1672727272727279,7115931.7,24.8,64.5,29.08709677419355,13149,0,1,1,1,0.9886775902323405,-0.7583058084785624,0.1672727272727279,1,0
1298,2026-01-01,QLD,5986.010000000001,25.93,70.44,0.5263999999999989,5713910.5,23.4,64.5,32.483870967741936,13149,1,0,1,1,0.9886775902323405,-0.7583058084785624,0.5263999999999989,1,0
